{
    "variants": {
        "": [
		{ "model": "block/red_mushroom" , 	    "weight": 200},
		{ "model": "block/red_mushroom" , "y": 90,  "weight": 200},
		{ "model": "block/red_mushroom" , "y": 180, "weight": 200},
		{ "model": "block/red_mushroom" , "y": 270, "weight": 200},

		{ "model": "block/red_mushroom_short" ,	     	  "weight": 200},
		{ "model": "block/red_mushroom_short" , "y": 90,  "weight": 200},
		{ "model": "block/red_mushroom_short" , "y": 180, "weight": 200},
		{ "model": "block/red_mushroom_short" , "y": 270, "weight": 200},

		{ "model": "block/red_mushroom_2" , 	    "weight": 200},
		{ "model": "block/red_mushroom_2" , "y": 90,  "weight": 200},
		{ "model": "block/red_mushroom_2" , "y": 180, "weight": 200},
		{ "model": "block/red_mushroom_2" , "y": 270, "weight": 200},

		{ "model": "block/red_mushroom_cluster" , 	    "weight": 200},
		{ "model": "block/red_mushroom_cluster" , "y": 90,  "weight": 200},
		{ "model": "block/red_mushroom_cluster" , "y": 180, "weight": 200},
		{ "model": "block/red_mushroom_cluster" , "y": 270, "weight": 200},

        		{ "model": "block/shroomie" , 	    "weight": 1},
		{ "model": "block/shroomie" , "y": 90,  "weight": 1},
		{ "model": "block/shroomie" , "y": 180, "weight": 1},
		{ "model": "block/shroomie" , "y": 270, "weight": 1}
	]
    }
}
