{
	"credit": "Created by UnduGT for the Undopia Patch",
	"ambientocclusion": false,
	"gui_light": "front",
	"parent": "item/door_base",
	"textures": {
		"particle": "block/acacia_door_top",
		"bottom": "block/acacia_door_bottom",
		"extra": "block/acacia_door_extra",
		"top": "block/acacia_door_top"
	},
	"elements": [ 	 
		{
			"from": [ 0, 0, 0 ],
			"to": [ 3, 3, 16 ],
			"faces": {
				"down": { "uv": [ 12, 0, 15, 16 ], "texture": "#extra", "cullface": "down", "rotation": 180 },
				"up": { "uv": [ 12, 0, 15, 16 ], "texture": "#extra" },
				"north": { "uv": [ 3, 13, 6, 16 ], "texture": "#extra", "cullface": "north" },
				"south": { "uv": [ 9, 13, 12, 16 ], "texture": "#extra", "cullface": "south" },
				"west": { "uv": [ 0, 13, 16, 16 ], "texture": "#bottom", "cullface": "west" },
				"east": { "uv": [ 16, 13, 0, 16 ], "texture": "#bottom" }
			}
		},
		{
			"from": [ 0, 3, 13 ],
			"to": [ 3, 15, 16 ],
			"faces": {
				"north": { "uv": [ 9, 1, 12, 13 ], "texture": "#extra" },
				"south": { "uv": [ 9, 1, 12, 13 ], "texture": "#extra", "cullface": "south" },
				"west": { "uv": [ 13, 1, 16, 13 ], "texture": "#bottom", "cullface": "west" },
				"east": { "uv": [ 16, 1, 13, 13 ], "texture": "#bottom" }
			}
		},
		{
			"from": [ 0, 3, 0 ],
			"to": [ 3, 15, 3 ],
			"faces": {
				"north": { "uv": [ 3, 1, 6, 13 ], "texture": "#extra", "cullface": "north" },
				"south": { "uv": [ 9, 1, 12, 13 ], "texture": "#extra" },
				"west": { "uv": [ 0, 1, 3, 13 ], "texture": "#bottom", "cullface": "west" },
				"east": { "uv": [ 3, 1, 0, 13 ], "texture": "#bottom" }
			}
		},
		{
			"from": [ 0, 3, 9 ],
			"to": [ 3, 15, 11 ],
			"faces": {
				"north": { "uv": [ 9, 1, 12, 13 ], "texture": "#extra" },
				"south": { "uv": [ 9, 1, 12, 13 ], "texture": "#extra" },
				"west": { "uv": [ 9, 1, 11, 13 ], "texture": "#bottom", "cullface": "west" },
				"east": { "uv": [ 11, 1, 9, 13 ], "texture": "#bottom" }
			}
		},
		{
			"from": [ 0, 3, 5 ],
			"to": [ 3, 15, 7 ],
			"faces": {
				"north": { "uv": [ 9, 1, 12, 13 ], "texture": "#extra" },
				"south": { "uv": [ 9, 1, 12, 13 ], "texture": "#extra" },
				"west": { "uv": [ 5, 1, 7, 13 ], "texture": "#bottom", "cullface": "west" },
				"east": { "uv": [ 7, 1, 5, 13 ], "texture": "#bottom" }
			}
		},
		{
			"from": [ 0, 15, 0 ],
			"to": [ 3, 16, 16 ],
			"faces": {
				"down": { "uv": [ 12, 0, 15, 16 ], "texture": "#extra", "rotation": 180 },
				"north": { "uv": [ 3, 0, 6, 1 ], "texture": "#extra", "cullface": "north" },
				"south": { "uv": [ 9, 0, 12, 1 ], "texture": "#extra", "cullface": "south" },
				"west": { "uv": [ 0, 0, 16, 1 ], "texture": "#bottom", "cullface": "west" },
				"east": { "uv": [ 16, 0, 0, 1 ], "texture": "#bottom" }
			}
		},
		{
			"from": [ -0.5, 15, 14 ],
			"to": [ 3.5, 16, 15 ],
			"faces": {
				"down": { "uv": [ 14, 0, 15, 1 ], "texture": "#bottom" },
				"north": { "uv": [ 14, 0, 15, 1 ], "texture": "#bottom" },
				"south": { "uv": [ 14, 0, 15, 1 ], "texture": "#bottom" },
				"west": { "uv": [ 14, 0, 15, 1 ], "texture": "#bottom", "cullface": "west" },
				"east": { "uv": [ 14, 0, 15, 1 ], "texture": "#bottom" }
			}
		},
		{
			"from": [ 0, 16, 0 ],
			"to": [ 3, 17, 16 ],
			"faces": {
				"up": { "uv": [ 12, 0, 15, 16 ], "texture": "#extra" },
				"north": { "uv": [ 0, 15, 3, 16 ], "texture": "#extra", "cullface": "north" },
				"south": { "uv": [ 6, 15, 9, 16 ], "texture": "#extra", "cullface": "south" },
				"west": { "uv": [ 0, 15, 16, 16 ], "texture": "#top", "cullface": "west" },
				"east": { "uv": [ 16, 15, 0, 16 ], "texture": "#top" }
			}
		},
		{
			"from": [ 0, 17, 13 ],
			"to": [ 3, 29, 16 ],
			"faces": {
				"north": { "uv": [ 6, 3, 9, 15 ], "texture": "#extra" },
				"south": { "uv": [ 6, 3, 9, 15 ], "texture": "#extra", "cullface": "south" },
				"west": { "uv": [ 13, 3, 16, 15 ], "texture": "#top", "cullface": "west" },
				"east": { "uv": [ 16, 3, 13, 15 ], "texture": "#top" }
			}
		},
		{
			"from": [ 0, 17, 0 ],
			"to": [ 3, 29, 3 ],
			"faces": {
				"north": { "uv": [ 0, 3, 3, 15 ], "texture": "#extra", "cullface": "north" },
				"south": { "uv": [ 6, 3, 9, 15 ], "texture": "#extra" },
				"west": { "uv": [ 0, 3, 3, 15 ], "texture": "#top", "cullface": "west" },
				"east": { "uv": [ 3, 3, 0, 15 ], "texture": "#top" }
			}
		},
		{
			"from": [ 0, 17, 9 ],
			"to": [ 3, 29, 11 ],
			"faces": {
				"north": { "uv": [ 6, 3, 9, 15 ], "texture": "#extra" },
				"south": { "uv": [ 6, 3, 9, 15 ], "texture": "#extra" },
				"west": { "uv": [ 9, 3, 11, 15 ], "texture": "#top", "cullface": "west" },
				"east": { "uv": [ 11, 3, 9, 15 ], "texture": "#top" }
			}
		},
		{
			"from": [ 0, 17, 5 ],
			"to": [ 3, 29, 7 ],
			"faces": {
				"north": { "uv": [ 6, 3, 9, 15 ], "texture": "#extra" },
				"south": { "uv": [ 6, 3, 9, 15 ], "texture": "#extra" },
				"west": { "uv": [ 5, 3, 7, 15 ], "texture": "#top", "cullface": "west" },
				"east": { "uv": [ 7, 3, 5, 15 ], "texture": "#top" }
			}
		},
		{
			"from": [ 0, 29, 0 ],
			"to": [ 3, 32, 16 ],
			"faces": {
				"down": { "uv": [ 12, 0, 15, 16 ], "texture": "#extra", "rotation": 180 },
				"up": { "uv": [ 12, 0, 15, 16 ], "texture": "#extra", "cullface": "up" },
				"north": { "uv": [ 0, 0, 3, 3 ], "texture": "#extra", "cullface": "north" },
				"south": { "uv": [ 6, 0, 9, 3 ], "texture": "#extra", "cullface": "south" },
				"west": { "uv": [ 0, 0, 16, 3 ], "texture": "#top", "cullface": "west" },
				"east": { "uv": [ 16, 0, 0, 3 ], "texture": "#top" }
			}
		},
		{
			"from": [ -0.5, 16, 12 ],
			"to": [ 3.5, 16.999, 15 ],
			"faces": {
				"down": { "uv": [ 12, 15, 15, 16 ], "texture": "#top", "rotation": 270 },
				"up": { "uv": [ 12, 15, 15, 16 ], "texture": "#top", "rotation": 90 },
				"north": { "uv": [ 12, 15, 13, 16 ], "texture": "#top" },
				"south": { "uv": [ 14, 15, 15, 16 ], "texture": "#top" },
				"west": { "uv": [ 12, 15, 15, 16 ], "texture": "#top", "cullface": "west" },
				"east": { "uv": [ 15, 15, 12, 16 ], "texture": "#top" }
			}
		}
	]
}