{
	"credit": "Created by UnduGT for the Undopia Patch",
	"ambientocclusion": false,
	"gui_light": "front",
	"parent": "item/door_base",
	"textures": {
		"particle": "block/bamboo_door_top",
		"bottom": "block/bamboo_door_bottom",
		"extra": "block/bamboo_door_extra",
		"top": "block/bamboo_door_top"
	},
	"elements": [
		{
			"from": [0, 0, 0],
			"to": [3, 4, 16],
			"faces": {
				"north": {"uv": [3, 12, 6, 16], "texture": "#extra", "cullface": "north"},
				"east": {"uv": [16, 12, 0, 16], "texture": "#bottom"},
				"south": {"uv": [9, 12, 12, 16], "texture": "#extra", "cullface": "south"},
				"west": {"uv": [0, 12, 16, 16], "texture": "#bottom", "cullface": "west"},
				"up": {"uv": [12, 0, 15, 16], "texture": "#extra"},
				"down": {"uv": [12, 0, 15, 16], "rotation": 180, "texture": "#extra", "cullface": "down"}
			}
		},
		{
			"from": [0, 13, 0],
			"to": [3, 16, 16],
			"faces": {
				"north": {"uv": [3, 0, 6, 3], "texture": "#extra", "cullface": "north"},
				"east": {"uv": [16, 0, 0, 3], "texture": "#bottom"},
				"south": {"uv": [9, 0, 12, 3], "texture": "#extra", "cullface": "south"},
				"west": {"uv": [0, 0, 16, 3], "texture": "#bottom", "cullface": "west"},
				"down": {"uv": [12, 0, 15, 16], "rotation": 180, "texture": "#extra"}
			}
		},
		{
			"from": [0, 4, 0],
			"to": [3, 13, 4],
			"faces": {
				"north": {"uv": [3, 3, 6, 12], "texture": "#extra", "cullface": "north"},
				"east": {"uv": [4, 3, 0, 12], "texture": "#bottom"},
				"south": {"uv": [9, 3, 12, 12], "texture": "#extra"},
				"west": {"uv": [0, 3, 4, 12], "texture": "#bottom", "cullface": "west"}
			}
		},
		{
			"from": [0.5, 4, 4],
			"to": [2.5, 12, 12],
			"faces": {
				"east": {"uv": [12, 4, 4, 12], "texture": "#bottom"},
				"west": {"uv": [4, 4, 12, 12], "texture": "#bottom"}
			}
		},
		{
			"from": [0.5, 12, 4],
			"to": [2.5, 13, 11],
			"faces": {
				"east": {"uv": [11, 3, 4, 4], "texture": "#bottom"},
				"west": {"uv": [4, 3, 11, 4], "texture": "#bottom"}
			}
		},
		{
			"from": [0.5, 12, 11],
			"to": [2.5, 13, 12],
			"faces": {
				"east": {"uv": [5, 3, 4, 4], "texture": "#bottom"},
				"west": {"uv": [4, 3, 5, 4], "texture": "#bottom"}
			}
		},
		{
			"from": [0, 4, 12],
			"to": [3, 13, 16],
			"faces": {
				"north": {"uv": [9, 3, 12, 12], "texture": "#extra"},
				"east": {"uv": [16, 3, 12, 12], "texture": "#bottom"},
				"south": {"uv": [9, 3, 12, 12], "texture": "#extra", "cullface": "south"},
				"west": {"uv": [12, 3, 16, 12], "texture": "#bottom", "cullface": "west"}
			}
		},
		{
			"from": [3, 12, 11],
			"to": [3.5, 13, 13],
			"faces": {
				"north": {"uv": [11, 3, 12, 4], "texture": "#bottom"},
				"east": {"uv": [13, 3, 11, 4], "texture": "#bottom"},
				"south": {"uv": [12, 3, 13, 4], "texture": "#bottom"},
				"west": {"uv": [11, 3, 13, 4], "texture": "#bottom"},
				"up": {"uv": [11, 3, 13, 4], "rotation": 90, "texture": "#bottom"},
				"down": {"uv": [11, 3, 13, 4], "rotation": 270, "texture": "#bottom"}
			}
		},
		{
			"from": [-0.5, 12, 11],
			"to": [0, 13, 13],
			"faces": {
				"north": {"uv": [11, 3, 12, 4], "texture": "#bottom"},
				"east": {"uv": [13, 3, 11, 4], "texture": "#bottom"},
				"south": {"uv": [12, 3, 13, 4], "texture": "#bottom"},
				"west": {"uv": [11, 3, 13, 4], "texture": "#bottom", "cullface": "west"},
				"up": {"uv": [11, 3, 13, 4], "rotation": 90, "texture": "#bottom"},
				"down": {"uv": [11, 3, 13, 4], "rotation": 270, "texture": "#bottom"}
			}
		},
		{
			"from": [-0.5, 15, 11],
			"to": [3.5, 16, 13],
			"faces": {
				"north": {"uv": [11, 0, 12, 1], "texture": "#bottom"},
				"east": {"uv": [13, 0, 11, 1], "texture": "#bottom"},
				"south": {"uv": [12, 0, 13, 1], "texture": "#bottom"},
				"west": {"uv": [11, 0, 13, 1], "texture": "#bottom", "cullface": "west"},
				"up": {"uv": [11, 0, 13, 1], "rotation": 90, "texture": "#bottom"},
				"down": {"uv": [11, 0, 13, 1], "rotation": 270, "texture": "#bottom"}
			}
		},
		{
			"from": [-0.5, 13, 13],
			"to": [3.5, 15, 14],
			"faces": {
				"north": {"uv": [13, 1, 14, 3], "texture": "#bottom"},
				"east": {"uv": [14, 1, 13, 3], "texture": "#bottom"},
				"south": {"uv": [13, 1, 14, 3], "texture": "#bottom"},
				"west": {"uv": [13, 1, 14, 3], "texture": "#bottom", "cullface": "west"},
				"up": {"uv": [13, 1, 14, 2], "rotation": 90, "texture": "#bottom"},
				"down": {"uv": [13, 2, 14, 3], "rotation": 270, "texture": "#bottom"}
			}
		},
		{
			"from": [3, 13, 10],
			"to": [3.5, 15, 11],
			"faces": {
				"north": {"uv": [10, 1, 11, 3], "texture": "#bottom"},
				"east": {"uv": [11, 1, 10, 3], "texture": "#bottom"},
				"south": {"uv": [10, 1, 11, 3], "texture": "#bottom"},
				"up": {"uv": [10, 1, 11, 2], "rotation": 90, "texture": "#bottom"},
				"down": {"uv": [10, 2, 11, 3], "rotation": 270, "texture": "#bottom"}
			}
		},
		{
			"from": [-0.5, 13, 10],
			"to": [0, 15, 11],
			"faces": {
				"north": {"uv": [10, 1, 11, 3], "texture": "#bottom"},
				"south": {"uv": [10, 1, 11, 3], "texture": "#bottom"},
				"west": {"uv": [10, 1, 11, 3], "texture": "#bottom", "cullface": "west"},
				"up": {"uv": [10, 1, 11, 2], "rotation": 90, "texture": "#bottom"},
				"down": {"uv": [10, 2, 11, 3], "rotation": 270, "texture": "#bottom"}
			}
		},
		{
			"from": [0, 16, 0],
			"to": [3, 28, 4],
			"faces": {
				"north": {"uv": [0, 4, 3, 16], "texture": "#extra", "cullface": "north"},
				"east": {"uv": [4, 4, 0, 16], "texture": "#top"},
				"south": {"uv": [6, 4, 9, 16], "texture": "#extra"},
				"west": {"uv": [0, 4, 4, 16], "texture": "#top", "cullface": "west"}
			}
		},
		{
			"from": [0, 16, 12],
			"to": [3, 28, 16],
			"faces": {
				"north": {"uv": [6, 4, 9, 16], "texture": "#extra"},
				"east": {"uv": [16, 4, 12, 16], "texture": "#top"},
				"south": {"uv": [6, 4, 9, 16], "texture": "#extra", "cullface": "south"},
				"west": {"uv": [12, 4, 16, 16], "texture": "#top", "cullface": "west"}
			}
		},
		{
			"from": [0, 28, 0],
			"to": [3, 32, 16],
			"faces": {
				"north": {"uv": [0, 0, 3, 4], "texture": "#extra", "cullface": "north"},
				"east": {"uv": [16, 0, 0, 4], "texture": "#top"},
				"south": {"uv": [6, 0, 9, 4], "texture": "#extra", "cullface": "south"},
				"west": {"uv": [0, 0, 16, 4], "texture": "#top", "cullface": "west"},
				"up": {"uv": [12, 0, 15, 16], "texture": "#extra", "cullface": "up"},
				"down": {"uv": [12, 0, 15, 16], "rotation": 180, "texture": "#extra"}
			}
		},
		{
			"from": [0, 16, 4],
			"to": [3, 17, 12],
			"faces": {
				"east": {"uv": [12, 15, 4, 16], "texture": "#top"},
				"west": {"uv": [4, 15, 12, 16], "texture": "#top", "cullface": "west"},
				"up": {"uv": [12, 4, 15, 12], "texture": "#extra"}
			}
		},
		{
			"from": [1, 17, 5],
			"to": [2, 28, 6],
			"faces": {
				"north": {"uv": [5, 4, 6, 15], "texture": "#top"},
				"east": {"uv": [6, 4, 5, 15], "texture": "#top"},
				"south": {"uv": [5, 4, 6, 15], "texture": "#top"},
				"west": {"uv": [10, 4, 11, 15], "texture": "#top"}
			}
		},
		{
			"from": [1, 17, 10],
			"to": [2, 28, 11],
			"faces": {
				"north": {"uv": [10, 4, 11, 15], "texture": "#top"},
				"east": {"uv": [11, 4, 10, 15], "texture": "#top"},
				"south": {"uv": [10, 4, 11, 15], "texture": "#top"},
				"west": {"uv": [5, 4, 6, 15], "texture": "#top"}
			}
		},
		{
			"from": [1, 26, 6],
			"to": [2, 27, 10],
			"faces": {
				"east": {"uv": [10, 5, 6, 6], "texture": "#top"},
				"west": {"uv": [6, 5, 10, 6], "texture": "#top"},
				"up": {"uv": [6, 5, 10, 6], "rotation": 90, "texture": "#top"},
				"down": {"uv": [6, 5, 10, 6], "rotation": 270, "texture": "#top"}
			}
		},
		{
			"from": [1, 18, 6],
			"to": [2, 19, 10],
			"faces": {
				"east": {"uv": [10, 13, 6, 14], "texture": "#top"},
				"west": {"uv": [6, 13, 10, 14], "texture": "#top"},
				"up": {"uv": [6, 13, 10, 14], "rotation": 90, "texture": "#top"},
				"down": {"uv": [6, 13, 10, 14], "rotation": 270, "texture": "#top"}
			}
		},
		{
			"from": [1, 18, 4],
			"to": [2, 19, 5],
			"faces": {
				"east": {"uv": [12, 13, 11, 14], "texture": "#top"},
				"west": {"uv": [4, 13, 5, 14], "texture": "#top"},
				"up": {"uv": [11, 13, 12, 14], "rotation": 90, "texture": "#top"},
				"down": {"uv": [11, 13, 12, 14], "rotation": 270, "texture": "#top"}
			}
		},
		{
			"from": [1, 20, 4],
			"to": [2, 21, 5],
			"faces": {
				"east": {"uv": [12, 11, 11, 12], "texture": "#top"},
				"west": {"uv": [4, 11, 5, 12], "texture": "#top"},
				"up": {"uv": [11, 11, 12, 12], "rotation": 90, "texture": "#top"},
				"down": {"uv": [11, 11, 12, 12], "rotation": 270, "texture": "#top"}
			}
		},
		{
			"from": [1, 22, 4],
			"to": [2, 23, 5],
			"faces": {
				"east": {"uv": [12, 9, 11, 10], "texture": "#top"},
				"west": {"uv": [4, 9, 5, 10], "texture": "#top"},
				"up": {"uv": [11, 9, 12, 10], "rotation": 90, "texture": "#top"},
				"down": {"uv": [11, 9, 12, 10], "rotation": 270, "texture": "#top"}
			}
		},
		{
			"from": [1, 24, 4],
			"to": [2, 25, 5],
			"faces": {
				"east": {"uv": [12, 7, 11, 8], "texture": "#top"},
				"west": {"uv": [4, 7, 5, 8], "texture": "#top"},
				"up": {"uv": [11, 7, 12, 8], "rotation": 90, "texture": "#top"},
				"down": {"uv": [11, 7, 12, 8], "rotation": 270, "texture": "#top"}
			}
		},
		{
			"from": [1, 26, 4],
			"to": [2, 27, 5],
			"faces": {
				"east": {"uv": [12, 5, 11, 6], "texture": "#top"},
				"west": {"uv": [4, 5, 5, 6], "texture": "#top"},
				"up": {"uv": [11, 5, 12, 6], "rotation": 90, "texture": "#top"},
				"down": {"uv": [11, 5, 12, 6], "rotation": 270, "texture": "#top"}
			}
		},
		{
			"from": [1, 26, 11],
			"to": [2, 27, 12],
			"faces": {
				"east": {"uv": [5, 5, 4, 6], "texture": "#top"},
				"west": {"uv": [11, 5, 12, 6], "texture": "#top"},
				"up": {"uv": [4, 5, 5, 6], "rotation": 90, "texture": "#top"},
				"down": {"uv": [4, 5, 5, 6], "rotation": 270, "texture": "#top"}
			}
		},
		{
			"from": [1, 24, 11],
			"to": [2, 25, 12],
			"faces": {
				"east": {"uv": [5, 7, 4, 8], "texture": "#top"},
				"west": {"uv": [11, 7, 12, 8], "texture": "#top"},
				"up": {"uv": [4, 7, 5, 8], "rotation": 90, "texture": "#top"},
				"down": {"uv": [4, 7, 5, 8], "rotation": 270, "texture": "#top"}
			}
		},
		{
			"from": [1, 22, 11],
			"to": [2, 23, 12],
			"faces": {
				"east": {"uv": [5, 9, 4, 10], "texture": "#top"},
				"west": {"uv": [11, 9, 12, 10], "texture": "#top"},
				"up": {"uv": [4, 9, 5, 10], "rotation": 90, "texture": "#top"},
				"down": {"uv": [4, 9, 5, 10], "rotation": 270, "texture": "#top"}
			}
		},
		{
			"from": [1, 20, 11],
			"to": [2, 21, 12],
			"faces": {
				"east": {"uv": [5, 11, 4, 12], "texture": "#top"},
				"west": {"uv": [11, 11, 12, 12], "texture": "#top"},
				"up": {"uv": [4, 11, 5, 12], "rotation": 90, "texture": "#top"},
				"down": {"uv": [4, 11, 5, 12], "rotation": 270, "texture": "#top"}
			}
		},
		{
			"from": [1, 18, 11],
			"to": [2, 19, 12],
			"faces": {
				"east": {"uv": [5, 13, 4, 14], "texture": "#top"},
				"west": {"uv": [11, 13, 12, 14], "texture": "#top"},
				"up": {"uv": [4, 13, 5, 14], "rotation": 90, "texture": "#top"},
				"down": {"uv": [4, 13, 5, 14], "rotation": 270, "texture": "#top"}
			}
		}
	]
}