{
	"credit": "Created by UnduGT for the Undopia Patch",
	"ambientocclusion": false,
	"gui_light": "front",
	"parent": "item/door_base",
	"textures": {
		"particle": "block/birch_door_top",
		"bottom": "block/birch_door_bottom",
		"extra": "block/birch_door_extra",
		"top": "block/birch_door_top"
	},
	"elements": [ 	 
		{
			"from": [ 0, 0, 0 ],
			"to": [ 3, 12, 16 ],
			"faces": {
				"down": { "uv": [ 12, 0, 15, 16 ], "texture": "#extra", "cullface": "down", "rotation": 180 },
				"up": { "uv": [ 12, 0, 15, 16 ], "texture": "#extra" },
				"north": { "uv": [ 3, 4, 6, 16 ], "texture": "#extra", "cullface": "north" },
				"south": { "uv": [ 9, 4, 12, 16 ], "texture": "#extra", "cullface": "south" },
				"west": { "uv": [ 0, 4, 16, 16 ], "texture": "#bottom", "cullface": "west" },
				"east": { "uv": [ 16, 4, 0, 16 ], "texture": "#bottom" }
			}
		},
		{
			"from": [ 0, 12, 0 ],
			"to": [ 3, 16, 3 ],
			"faces": {
				"north": { "uv": [ 3, 0, 6, 4 ], "texture": "#extra", "cullface": "north" },
				"south": { "uv": [ 9, 0, 12, 4 ], "texture": "#extra" },
				"west": { "uv": [ 0, 0, 3, 4 ], "texture": "#bottom", "cullface": "west" },
				"east": { "uv": [ 3, 0, 0, 4 ], "texture": "#bottom" }
			}
		},
		{
			"from": [ 0, 12, 13 ],
			"to": [ 3, 16, 16 ],
			"faces": {
				"north": { "uv": [ 9, 0, 12, 4 ], "texture": "#extra" },
				"south": { "uv": [ 9, 0, 12, 4 ], "texture": "#extra", "cullface": "south" },
				"west": { "uv": [ 13, 0, 16, 4 ], "texture": "#bottom", "cullface": "west" },
				"east": { "uv": [ 16, 0, 13, 4 ], "texture": "#bottom" }
			}
		},
		{
			"from": [ 1, 12, 3 ],
			"to": [ 2, 16, 13 ],
			"faces": {
				"west": { "uv": [ 3, 0, 13, 4 ], "texture": "#bottom" },
				"east": { "uv": [ 13, 0, 3, 4 ], "texture": "#bottom" }
			}
		},
		{
			"from": [ 0, 16, 0 ],
			"to": [ 3, 29, 3 ],
			"faces": {
				"north": { "uv": [ 0, 3, 3, 16 ], "texture": "#extra", "cullface": "north" },
				"south": { "uv": [ 6, 3, 9, 16 ], "texture": "#extra" },
				"west": { "uv": [ 0, 3, 3, 16 ], "texture": "#top", "cullface": "west" },
				"east": { "uv": [ 3, 3, 0, 16 ], "texture": "#top" }
			}
		},
		{
			"from": [ 0, 16, 13 ],
			"to": [ 3, 29, 16 ],
			"faces": {
				"north": { "uv": [ 6, 3, 9, 16 ], "texture": "#extra" },
				"south": { "uv": [ 6, 3, 9, 16 ], "texture": "#extra", "cullface": "south" },
				"west": { "uv": [ 13, 3, 16, 16 ], "texture": "#top", "cullface": "west" },
				"east": { "uv": [ 16, 3, 13, 16 ], "texture": "#top" }
			}
		},
		{
			"from": [ 0, 29, 0 ],
			"to": [ 3, 32, 16 ],
			"faces": {
				"down": { "uv": [ 12, 0, 15, 16 ], "texture": "#extra", "rotation": 180 },
				"up": { "uv": [ 12, 0, 15, 16 ], "texture": "#extra", "cullface": "up" },
				"north": { "uv": [ 0, 0, 3, 3 ], "texture": "#extra", "cullface": "north" },
				"south": { "uv": [ 6, 0, 9, 3 ], "texture": "#extra", "cullface": "south" },
				"west": { "uv": [ 0, 0, 16, 3 ], "texture": "#top", "cullface": "west" },
				"east": { "uv": [ 16, 0, 0, 3 ], "texture": "#top" }
			}
		},
		{
			"from": [ 1, 16, 3 ],
			"to": [ 2, 29, 13 ],
			"faces": {
				"west": { "uv": [ 3, 3, 13, 16 ], "texture": "#top" },
				"east": { "uv": [ 13, 3, 3, 16 ], "texture": "#top" }
			}
		},
		{
			"from": [ -0.5, 16, 14 ],
			"to": [ 3.5, 18, 15 ],
			"faces": {
				"down": { "uv": [ 14, 15, 15, 16 ], "texture": "#top" },
				"up": { "uv": [ 14, 14, 15, 15 ], "texture": "#top" },
				"north": { "uv": [ 14, 14, 15, 16 ], "texture": "#top" },
				"south": { "uv": [ 14, 14, 15, 16 ], "texture": "#top" },
				"west": { "uv": [ 14, 14, 15, 16 ], "texture": "#top", "cullface": "west" },
				"east": { "uv": [ 14, 14, 15, 16 ], "texture": "#top" }
			}
		}
	]
}