{
	"credit": "Created by UnduGT for the Undopia Patch",
	"ambientocclusion": false,
	"gui_light": "front",
	"parent": "item/door_base",
	"textures": {
		"particle": "block/jungle_door_top",
		"bottom": "block/jungle_door_bottom",
		"extra": "block/jungle_door_extra",
		"top": "block/jungle_door_top"
	},
	"elements": [ 	 
		{
			"from": [ 0, 0, 0 ],
			"to": [ 3, 16, 16 ],
			"faces": {
				"down": { "uv": [ 12, 0, 15, 16 ], "texture": "#extra", "cullface": "down", "rotation": 180 },
				"north": { "uv": [ 3, 0, 6, 16 ], "texture": "#extra", "cullface": "north" },
				"south": { "uv": [ 9, 0, 12, 16 ], "texture": "#extra", "cullface": "south" },
				"west": { "uv": [ 0, 0, 16, 16 ], "texture": "#bottom", "cullface": "west" },
				"east": { "uv": [ 16, 0, 0, 16 ], "texture": "#bottom" }
			}
		},
		{
			"from": [ 0, 16, 0 ],
			"to": [ 3, 20, 16 ],
			"faces": {
				"up": { "uv": [ 12, 0, 15, 16 ], "texture": "#extra" },
				"north": { "uv": [ 0, 12, 3, 16 ], "texture": "#extra", "cullface": "north" },
				"south": { "uv": [ 6, 12, 9, 16 ], "texture": "#extra", "cullface": "south" },
				"west": { "uv": [ 0, 12, 16, 16 ], "texture": "#top", "cullface": "west" },
				"east": { "uv": [ 16, 12, 0, 16 ], "texture": "#top" }
			}
		},
		{
			"from": [ 0, 20, 12 ],
			"to": [ 3, 29, 16 ],
			"faces": {
				"north": { "uv": [ 6, 3, 9, 12 ], "texture": "#extra" },
				"south": { "uv": [ 6, 3, 9, 12 ], "texture": "#extra", "cullface": "south" },
				"west": { "uv": [ 12, 3, 16, 12 ], "texture": "#top", "cullface": "west" },
				"east": { "uv": [ 16, 3, 12, 12 ], "texture": "#top" }
			}
		},
		{
			"from": [ 0, 20, 0 ],
			"to": [ 3, 29, 4 ],
			"faces": {
				"north": { "uv": [ 0, 3, 3, 12 ], "texture": "#extra", "cullface": "north" },
				"south": { "uv": [ 6, 3, 9, 12 ], "texture": "#extra" },
				"west": { "uv": [ 0, 3, 4, 12 ], "texture": "#top", "cullface": "west" },
				"east": { "uv": [ 4, 3, 0, 12 ], "texture": "#top" }
			}
		},
		{
			"from": [ 0, 20, 10 ],
			"to": [ 3, 24, 12 ],
			"faces": {
				"up": { "uv": [ 12, 10, 15, 12 ], "texture": "#extra" },
				"north": { "uv": [ 6, 8, 9, 12 ], "texture": "#extra" },
				"west": { "uv": [ 10, 8, 12, 12 ], "texture": "#top", "cullface": "west" },
				"east": { "uv": [ 12, 8, 10, 12 ], "texture": "#top" }
			}
		},
		{
			"from": [ 0, 20, 4 ],
			"to": [ 3, 24, 6 ],
			"faces": {
				"up": { "uv": [ 12, 4, 15, 6 ], "texture": "#extra" },
				"south": { "uv": [ 6, 8, 9, 12 ], "texture": "#extra" },
				"west": { "uv": [ 4, 8, 6, 12 ], "texture": "#top", "cullface": "west" },
				"east": { "uv": [ 6, 8, 4, 12 ], "texture": "#top" }
			}
		},
		{
			"from": [ 0, 20, 9 ],
			"to": [ 3, 21, 10 ],
			"faces": {
				"up": { "uv": [ 12, 9, 15, 10 ], "texture": "#extra" },
				"north": { "uv": [ 6, 11, 9, 12 ], "texture": "#extra" },
				"west": { "uv": [ 9, 11, 10, 12 ], "texture": "#top", "cullface": "west" },
				"east": { "uv": [ 10, 11, 9, 12 ], "texture": "#top" }
			}
		},
		{
			"from": [ 0, 20, 6 ],
			"to": [ 3, 21, 7 ],
			"faces": {
				"up": { "uv": [ 12, 6, 15, 7 ], "texture": "#extra" },
				"south": { "uv": [ 6, 11, 9, 12 ], "texture": "#extra" },
				"west": { "uv": [ 6, 11, 7, 12 ], "texture": "#top", "cullface": "west" },
				"east": { "uv": [ 7, 11, 6, 12 ], "texture": "#top" }
			}
		},
		{
			"from": [ 0, 28, 9 ],
			"to": [ 3, 29, 12 ],
			"faces": {
				"down": { "uv": [ 12, 9, 15, 12 ], "texture": "#extra", "rotation": 180 },
				"north": { "uv": [ 6, 3, 9, 4 ], "texture": "#extra" },
				"west": { "uv": [ 9, 3, 12, 4 ], "texture": "#top", "cullface": "west" },
				"east": { "uv": [ 12, 3, 9, 4 ], "texture": "#top" }
			}
		},
		{
			"from": [ 0, 28, 4 ],
			"to": [ 3, 29, 7 ],
			"faces": {
				"down": { "uv": [ 12, 4, 15, 7 ], "texture": "#extra", "rotation": 180 },
				"south": { "uv": [ 6, 3, 9, 4 ], "texture": "#extra" },
				"west": { "uv": [ 4, 3, 7, 4 ], "texture": "#top", "cullface": "west" },
				"east": { "uv": [ 7, 3, 4, 4 ], "texture": "#top" }
			}
		},
		{
			"from": [ 0, 27, 11 ],
			"to": [ 3, 28, 12 ],
			"faces": {
				"down": { "uv": [ 12, 11, 15, 12 ], "texture": "#extra", "rotation": 180 },
				"north": { "uv": [ 6, 4, 9, 5 ], "texture": "#extra" },
				"west": { "uv": [ 11, 4, 12, 5 ], "texture": "#top", "cullface": "west" },
				"east": { "uv": [ 12, 4, 11, 5 ], "texture": "#top" }
			}
		},
		{
			"from": [ 0, 27, 4 ],
			"to": [ 3, 28, 5 ],
			"faces": {
				"down": { "uv": [ 12, 4, 15, 5 ], "texture": "#extra", "rotation": 180 },
				"south": { "uv": [ 6, 4, 9, 5 ], "texture": "#extra" },
				"west": { "uv": [ 4, 4, 5, 5 ], "texture": "#top", "cullface": "west" },
				"east": { "uv": [ 5, 4, 4, 5 ], "texture": "#top" }
			}
		},
		{
			"from": [ 0, 22, 6 ],
			"to": [ 3, 24, 10 ],
			"faces": {
				"down": { "uv": [ 12, 6, 15, 10 ], "texture": "#extra", "rotation": 180 },
				"up": { "uv": [ 12, 6, 15, 10 ], "texture": "#extra" },
				"west": { "uv": [ 6, 8, 10, 10 ], "texture": "#top", "cullface": "west" },
				"east": { "uv": [ 10, 8, 6, 10 ], "texture": "#top" }
			}
		},
		{
			"from": [ 0, 24, 9 ],
			"to": [ 3, 28, 10 ],
			"faces": {
				"north": { "uv": [ 6, 4, 9, 8 ], "texture": "#extra" },
				"south": { "uv": [ 6, 4, 9, 8 ], "texture": "#extra" },
				"west": { "uv": [ 9, 4, 10, 8 ], "texture": "#top", "cullface": "west" },
				"east": { "uv": [ 10, 4, 9, 8 ], "texture": "#top" }
			}
		},
		{
			"from": [ 0, 24, 6 ],
			"to": [ 3, 28, 7 ],
			"faces": {
				"north": { "uv": [ 6, 4, 9, 8 ], "texture": "#extra" },
				"south": { "uv": [ 6, 4, 9, 8 ], "texture": "#extra" },
				"west": { "uv": [ 6, 4, 7, 8 ], "texture": "#top", "cullface": "west" },
				"east": { "uv": [ 7, 4, 6, 8 ], "texture": "#top" }
			}
		},
		{
			"from": [ 0, 29, 0 ],
			"to": [ 3, 32, 16 ],
			"faces": {
				"down": { "uv": [ 12, 0, 15, 16 ], "texture": "#extra", "rotation": 180 },
				"up": { "uv": [ 12, 0, 15, 16 ], "texture": "#extra", "cullface": "up" },
				"north": { "uv": [ 0, 0, 3, 3 ], "texture": "#extra", "cullface": "north" },
				"south": { "uv": [ 6, 0, 9, 3 ], "texture": "#extra", "cullface": "south" },
				"west": { "uv": [ 0, 0, 16, 3 ], "texture": "#top", "cullface": "west" },
				"east": { "uv": [ 16, 0, 0, 3 ], "texture": "#top" }
			}
		},
		{
			"from": [ -0.5, 16, 11 ],
			"to": [ 3.5, 17, 12 ],
			"faces": {
				"down": { "uv": [ 11, 15, 12, 16 ], "texture": "#top" },
				"north": { "uv": [ 11, 15, 12, 16 ], "texture": "#top" },
				"south": { "uv": [ 11, 15, 12, 16 ], "texture": "#top" },
				"west": { "uv": [ 11, 15, 12, 16 ], "texture": "#top", "cullface": "west" },
				"east": { "uv": [ 11, 15, 12, 16 ], "texture": "#top" }
			}
		},
		{
			"from": [ -0.5, 17, 11 ],
			"to": [ 3.5, 18, 14 ],
			"faces": {
				"down": { "uv": [ 11, 14, 14, 15 ], "texture": "#top", "rotation": 270 },
				"up": { "uv": [ 11, 14, 14, 15 ], "texture": "#top", "rotation": 90 },
				"north": { "uv": [ 11, 14, 12, 15 ], "texture": "#top" },
				"south": { "uv": [ 13, 14, 14, 15 ], "texture": "#top" },
				"west": { "uv": [ 11, 14, 14, 15 ], "texture": "#top", "cullface": "west" },
				"east": { "uv": [ 14, 14, 11, 15 ], "texture": "#top" }
			}
		}
	]
}