{
	"credit": "Created by UnduGT for the Undopia Patch",
	"ambientocclusion": false,
	"gui_light": "front",
	"parent": "item/door_base",
	"textures": {
		"particle": "block/mangrove_door_top",
		"bottom": "block/mangrove_door_bottom",
		"extra": "block/mangrove_door_extra",
		"top": "block/mangrove_door_top"
	},
	"elements": [
		{
			"from": [0, 0, 0],
			"to": [3, 16, 16],
			"faces": {
				"north": {"uv": [3, 0, 6, 16], "texture": "#extra", "cullface": "north"},
				"east": {"uv": [16, 0, 0, 16], "texture": "#bottom"},
				"south": {"uv": [9, 0, 12, 16], "texture": "#extra", "cullface": "south"},
				"west": {"uv": [0, 0, 16, 16], "texture": "#bottom", "cullface": "west"},
				"down": {"uv": [12, 0, 15, 16], "rotation": 180, "texture": "#extra", "cullface": "down"}
			}
		},
		{
			"from": [-0.5, 13, 13],
			"to": [3.5, 16, 14],
			"faces": {
				"north": {"uv": [13, 0, 14, 3], "texture": "#bottom"},
				"east": {"uv": [14, 0, 13, 3], "texture": "#bottom"},
				"south": {"uv": [13, 0, 14, 3], "texture": "#bottom"},
				"west": {"uv": [13, 0, 14, 3], "texture": "#bottom", "cullface": "west"},
				"down": {"uv": [13, 2, 14, 3], "rotation": 270, "texture": "#bottom"}
			}
		},
		{
			"from": [-0.5, 13, 12],
			"to": [3.5, 14, 13],
			"faces": {
				"north": {"uv": [12, 2, 13, 3], "texture": "#bottom"},
				"east": {"uv": [13, 2, 12, 3], "texture": "#bottom"},
				"west": {"uv": [12, 2, 13, 3], "texture": "#bottom", "cullface": "west"},
				"up": {"uv": [12, 2, 13, 3], "texture": "#bottom"},
				"down": {"uv": [12, 2, 13, 3], "rotation": 270, "texture": "#bottom"}
			}
		},
		{
			"from": [0, 16, 0],
			"to": [3, 32, 16],
			"faces": {
				"north": {"uv": [0, 0, 3, 16], "texture": "#extra", "cullface": "north"},
				"east": {"uv": [16, 0, 0, 16], "texture": "#top"},
				"south": {"uv": [6, 0, 9, 16], "texture": "#extra", "cullface": "south"},
				"west": {"uv": [0, 0, 16, 16], "texture": "#top", "cullface": "west"},
				"up": {"uv": [12, 0, 15, 16], "texture": "#extra", "cullface": "up"}
			}
		},
		{
			"from": [-0.5, 18, 12],
			"to": [3.5, 19, 13],
			"faces": {
				"north": {"uv": [12, 13, 13, 14], "texture": "#top"},
				"east": {"uv": [13, 13, 12, 14], "texture": "#top"},
				"west": {"uv": [12, 13, 13, 14], "texture": "#top", "cullface": "west"},
				"up": {"uv": [12, 14, 13, 13], "rotation": 90, "texture": "#top"},
				"down": {"uv": [12, 14, 13, 13], "rotation": 90, "texture": "#top"}
			}
		},
		{
			"from": [-0.5, 16, 13],
			"to": [3.5, 19, 14],
			"faces": {
				"north": {"uv": [13, 13, 14, 16], "texture": "#top"},
				"east": {"uv": [14, 13, 13, 16], "texture": "#top"},
				"south": {"uv": [13, 13, 14, 16], "texture": "#top"},
				"west": {"uv": [13, 13, 14, 16], "texture": "#top", "cullface": "west"},
				"up": {"uv": [13, 14, 14, 13], "rotation": 90, "texture": "#top"}
			}
		}
	]
}