{
	"credit": "Created by UnduGT for the Undopia Patch",
	"ambientocclusion": false,
	"gui_light": "front",
	"parent": "item/door_base",
	"textures": {
		"extra": "block/pale_oak_door_extra",
		"particle": "block/pale_oak_door_top",
		"bottom": "block/pale_oak_door_bottom",
		"top": "block/pale_oak_door_top"
	},
	"elements": [
		{
			"from": [3, 12, 10],
			"to": [3.5, 13, 14],
			"faces": {
				"north": {"uv": [10, 3, 10.5, 4], "texture": "#bottom"},
				"east": {"uv": [14, 3, 10, 4], "texture": "#bottom"},
				"south": {"uv": [13, 3, 13.5, 4], "texture": "#bottom"},
				"west": {"uv": [10, 3, 14, 4], "texture": "#bottom"},
				"up": {"uv": [10, 3, 14, 3.5], "rotation": 90, "texture": "#bottom"},
				"down": {"uv": [10, 3, 14, 3.5], "rotation": 270, "texture": "#bottom"}
			}
		},
		{
			"from": [-0.5, 12, 10],
			"to": [0, 13, 14],
			"faces": {
				"north": {"uv": [10, 3, 10.5, 4], "texture": "#bottom", "cullface": "west"},
				"east": {"uv": [14, 3, 10, 4], "texture": "#bottom", "cullface": "west"},
				"south": {"uv": [13, 3, 13.5, 4], "texture": "#bottom", "cullface": "west"},
				"west": {"uv": [10, 3, 14, 4], "texture": "#bottom", "cullface": "west"},
				"up": {"uv": [10, 3, 14, 3.5], "rotation": 90, "texture": "#bottom", "cullface": "west"},
				"down": {"uv": [10, 3, 14, 3.5], "rotation": 270, "texture": "#bottom", "cullface": "west"}
			}
		},
		{
			"from": [3, 13, 13],
			"to": [3.5, 15, 14],
			"faces": {
				"north": {"uv": [13, 1, 13.5, 2], "texture": "#bottom"},
				"east": {"uv": [14, 1, 13, 3], "texture": "#bottom"},
				"south": {"uv": [13, 1, 13.5, 2], "texture": "#bottom"},
				"up": {"uv": [13, 1, 14, 1.5], "rotation": 90, "texture": "#bottom"}
			}
		},
		{
			"from": [3, 13, 10],
			"to": [3.5, 15, 11],
			"faces": {
				"north": {"uv": [10, 1, 10.5, 2], "texture": "#bottom"},
				"east": {"uv": [11, 1, 10, 3], "texture": "#bottom"},
				"south": {"uv": [10, 1, 10.5, 2], "texture": "#bottom"},
				"west": {"uv": [10, 1, 11, 3], "texture": "#bottom"},
				"up": {"uv": [10, 1, 11, 1.5], "rotation": 90, "texture": "#bottom"}
			}
		},
		{
			"from": [-0.5, 13, 10],
			"to": [0, 15, 11],
			"faces": {
				"north": {"uv": [10, 1, 10.5, 2], "texture": "#bottom", "cullface": "west"},
				"east": {"uv": [11, 1, 10, 3], "texture": "#bottom", "cullface": "west"},
				"south": {"uv": [10, 1, 10.5, 2], "texture": "#bottom", "cullface": "west"},
				"west": {"uv": [10, 1, 11, 3], "texture": "#bottom", "cullface": "west"},
				"up": {"uv": [10, 1, 11, 1.5], "rotation": 90, "texture": "#bottom", "cullface": "west"}
			}
		},
		{
			"from": [-0.5, 13, 13],
			"to": [0, 15, 14],
			"faces": {
				"north": {"uv": [13, 1, 13.5, 2], "texture": "#bottom", "cullface": "west"},
				"south": {"uv": [13, 1, 13.5, 2], "texture": "#bottom", "cullface": "west"},
				"west": {"uv": [13, 1, 14, 3], "texture": "#bottom", "cullface": "west"},
				"up": {"uv": [13, 1, 14, 1.5], "rotation": 90, "texture": "#bottom", "cullface": "west"}
			}
		},
		{
			"from": [-0.5, 15, 11],
			"to": [0, 16, 13],
			"faces": {
				"north": {"uv": [11, 0, 11.5, 1], "texture": "#bottom", "cullface": "west"},
				"south": {"uv": [12, 0, 12.5, 1], "texture": "#bottom", "cullface": "west"},
				"west": {"uv": [11, 0, 13, 1], "texture": "#bottom", "cullface": "west"},
				"down": {"uv": [11, 0, 13, 0.5], "rotation": 270, "texture": "#bottom", "cullface": "west"}
			}
		},
		{
			"from": [0, 14, 3],
			"to": [3, 16, 13],
			"faces": {
				"east": {"uv": [13, 0, 3, 2], "texture": "#bottom"},
				"west": {"uv": [3, 0, 13, 2], "texture": "#bottom", "cullface": "west"},
				"down": {"uv": [12, 3, 15, 13], "rotation": 180, "texture": "#extra"}
			}
		},
		{
			"from": [0, 4, 0],
			"to": [3, 16, 3],
			"faces": {
				"north": {"uv": [3, 0, 6, 12], "texture": "#extra", "cullface": "north"},
				"east": {"uv": [3, 0, 0, 12], "texture": "#bottom"},
				"south": {"uv": [9, 0, 12, 12], "texture": "#extra"},
				"west": {"uv": [0, 0, 3, 12], "texture": "#bottom", "cullface": "west"}
			}
		},
		{
			"from": [0, 4, 13],
			"to": [3, 16, 16],
			"faces": {
				"north": {"uv": [9, 0, 12, 12], "texture": "#extra"},
				"east": {"uv": [16, 0, 13, 12], "texture": "#bottom"},
				"south": {"uv": [9, 0, 12, 12], "texture": "#extra", "cullface": "south"},
				"west": {"uv": [13, 0, 16, 12], "texture": "#bottom", "cullface": "west"}
			}
		},
		{
			"from": [2.5, 6, 9],
			"to": [3, 7, 11],
			"faces": {
				"north": {"uv": [9, 9, 9.5, 10], "texture": "#bottom"},
				"east": {"uv": [11, 9, 9, 10], "texture": "#bottom"},
				"south": {"uv": [10, 9, 10.5, 10], "texture": "#bottom"},
				"up": {"uv": [9, 9, 11, 9.5], "rotation": 90, "texture": "#bottom"}
			}
		},
		{
			"from": [2.5, 4, 0],
			"to": [3, 6, 13],
			"faces": {
				"east": {"uv": [13, 10, 0, 12], "texture": "#bottom"},
				"up": {"uv": [0, 10, 13, 10.5], "rotation": 90, "texture": "#bottom"}
			}
		},
		{
			"from": [0, 4, 0],
			"to": [0.5, 6, 13],
			"faces": {
				"west": {"uv": [0, 10, 13, 12], "texture": "#bottom", "cullface": "west"},
				"up": {"uv": [0, 10, 13, 10.5], "rotation": 90, "texture": "#bottom", "cullface": "west"}
			}
		},
		{
			"from": [0, 6, 9],
			"to": [0.5, 7, 11],
			"faces": {
				"north": {"uv": [9, 9, 9.5, 10], "texture": "#bottom", "cullface": "west"},
				"south": {"uv": [10, 9, 10.5, 10], "texture": "#bottom", "cullface": "west"},
				"west": {"uv": [9, 9, 11, 10], "texture": "#bottom", "cullface": "west"},
				"up": {"uv": [9, 9, 11, 9.5], "rotation": 90, "texture": "#bottom", "cullface": "west"}
			}
		},
		{
			"from": [0.5, 12, 10],
			"to": [2.5, 14, 11],
			"faces": {
				"east": {"uv": [13, 7, 12, 9], "texture": "#bottom"},
				"west": {"uv": [12, 7, 13, 9], "texture": "#bottom", "cullface": "west"}
			}
		},
		{
			"from": [0.5, 12, 11],
			"to": [2.5, 13, 13],
			"faces": {
				"east": {"uv": [13, 4, 11, 5], "texture": "#bottom"},
				"west": {"uv": [11, 4, 13, 5], "texture": "#bottom", "cullface": "west"}
			}
		},
		{
			"from": [0.5, 13, 11],
			"to": [2.5, 14, 13],
			"faces": {
				"east": {"uv": [13, 2, 11, 3], "texture": "#bottom"},
				"west": {"uv": [11, 2, 13, 3], "texture": "#bottom", "cullface": "west"}
			}
		},
		{
			"from": [0.5, 12, 3],
			"to": [2.5, 14, 10],
			"faces": {
				"east": {"uv": [10, 2, 3, 4], "texture": "#bottom"},
				"west": {"uv": [3, 2, 10, 4], "texture": "#bottom", "cullface": "west"}
			}
		},
		{
			"from": [0.5, 6, 3],
			"to": [2.5, 12, 13],
			"rotation": {"angle": 0, "axis": "y", "origin": [0, 2, 0]},
			"faces": {
				"east": {"uv": [13, 4, 3, 10], "texture": "#bottom"},
				"west": {"uv": [3, 4, 13, 10], "texture": "#bottom", "cullface": "west"}
			}
		},
		{
			"from": [0, 0, 0],
			"to": [3, 4, 16],
			"faces": {
				"north": {"uv": [3, 12, 6, 16], "texture": "#extra", "cullface": "north"},
				"east": {"uv": [16, 12, 0, 16], "texture": "#bottom"},
				"south": {"uv": [9, 12, 12, 16], "texture": "#extra", "cullface": "south"},
				"west": {"uv": [0, 12, 16, 16], "texture": "#bottom", "cullface": "west"},
				"up": {"uv": [12, 0, 15, 16], "texture": "#extra"},
				"down": {"uv": [12, 0, 15, 16], "rotation": 180, "texture": "#extra", "cullface": "down"}
			}
		},
		{
			"from": [3, 15, 11],
			"to": [3.5, 16, 13],
			"faces": {
				"north": {"uv": [11, 0, 11.5, 1], "texture": "#bottom"},
				"east": {"uv": [13, 0, 11, 1], "texture": "#bottom"},
				"south": {"uv": [12, 0, 12.5, 1], "texture": "#bottom"},
				"down": {"uv": [11, 0, 13, 0.5], "rotation": 270, "texture": "#bottom"}
			}
		},
		{
			"from": [2.5, 25, 9],
			"to": [3, 26, 11],
			"rotation": {"angle": 0, "axis": "y", "origin": [0, 16, 0]},
			"faces": {
				"north": {"uv": [9, 6, 9.5, 7], "texture": "#top"},
				"east": {"uv": [11, 6, 9, 7], "texture": "#top"},
				"south": {"uv": [10, 6, 10.5, 7], "texture": "#top"},
				"down": {"uv": [9, 6, 11, 7], "rotation": 270, "texture": "#top"}
			}
		},
		{
			"from": [2.5, 26, 0],
			"to": [3, 28, 13],
			"rotation": {"angle": 0, "axis": "y", "origin": [0, 16, 0]},
			"faces": {
				"east": {"uv": [13, 4, 0, 6], "texture": "#top"},
				"down": {"uv": [0, 5, 13, 6], "rotation": 270, "texture": "#top"}
			}
		},
		{
			"from": [0, 26, 0],
			"to": [0.5, 28, 13],
			"rotation": {"angle": 0, "axis": "y", "origin": [0, 16, 0]},
			"faces": {
				"north": {"uv": [0, 0, 0, 0], "texture": "#top", "cullface": "west"},
				"west": {"uv": [0, 4, 13, 6], "texture": "#top", "cullface": "west"},
				"down": {"uv": [0, 5, 13, 6], "rotation": 270, "texture": "#top", "cullface": "west"}
			}
		},
		{
			"from": [0, 25, 9],
			"to": [0.5, 26, 11],
			"rotation": {"angle": 0, "axis": "y", "origin": [0, 16, 0]},
			"faces": {
				"north": {"uv": [9, 6, 9.5, 7], "texture": "#top", "cullface": "west"},
				"south": {"uv": [10, 6, 10.5, 7], "texture": "#top", "cullface": "west"},
				"west": {"uv": [9, 6, 11, 7], "texture": "#top", "cullface": "west"},
				"down": {"uv": [9, 6, 11, 7], "rotation": 270, "texture": "#top", "cullface": "west"}
			}
		},
		{
			"from": [-0.5, 16, 11],
			"to": [0, 17, 13],
			"rotation": {"angle": 0, "axis": "y", "origin": [0, 16, 0]},
			"faces": {
				"north": {"uv": [11, 15, 11.5, 16], "texture": "#top", "cullface": "west"},
				"south": {"uv": [12, 15, 12.5, 16], "texture": "#top", "cullface": "west"},
				"west": {"uv": [11, 15, 13, 16], "texture": "#top", "cullface": "west"},
				"up": {"uv": [11, 15, 13, 15.5], "rotation": 90, "texture": "#top", "cullface": "west"}
			}
		},
		{
			"from": [0.5, 18, 3],
			"to": [2.5, 26, 13],
			"rotation": {"angle": 0, "axis": "y", "origin": [0, 16, 0]},
			"faces": {
				"east": {"uv": [13, 6, 3, 14], "texture": "#top"},
				"west": {"uv": [3, 6, 13, 14], "texture": "#top", "cullface": "west"}
			}
		},
		{
			"from": [0, 28, 0],
			"to": [3, 32, 16],
			"rotation": {"angle": 0, "axis": "y", "origin": [0, 16, 0]},
			"faces": {
				"north": {"uv": [0, 0, 3, 4], "texture": "#extra", "cullface": "north"},
				"east": {"uv": [16, 0, 0, 4], "texture": "#top"},
				"south": {"uv": [6, 0, 9, 4], "texture": "#extra", "cullface": "south"},
				"west": {"uv": [0, 0, 16, 4], "texture": "#top", "cullface": "west"},
				"up": {"uv": [12, 0, 15, 16], "texture": "#extra", "cullface": "up"},
				"down": {"uv": [12, 0, 15, 16], "rotation": 180, "texture": "#extra"}
			}
		},
		{
			"from": [0, 16, 3],
			"to": [3, 18, 13],
			"rotation": {"angle": 0, "axis": "y", "origin": [0, 16, 0]},
			"faces": {
				"east": {"uv": [13, 14, 3, 16], "texture": "#top"},
				"west": {"uv": [3, 14, 13, 16], "texture": "#top", "cullface": "west"},
				"up": {"uv": [12, 3, 15, 13], "texture": "#extra"}
			}
		},
		{
			"from": [0, 16, 0],
			"to": [3, 28, 3],
			"rotation": {"angle": 0, "axis": "y", "origin": [0, 16, 0]},
			"faces": {
				"north": {"uv": [0, 4, 3, 16], "texture": "#extra", "cullface": "north"},
				"east": {"uv": [3, 4, 0, 16], "texture": "#top"},
				"south": {"uv": [6, 4, 9, 16], "texture": "#extra"},
				"west": {"uv": [0, 4, 3, 16], "texture": "#top", "cullface": "west"}
			}
		},
		{
			"from": [0, 16, 13],
			"to": [3, 28, 16],
			"rotation": {"angle": 0, "axis": "y", "origin": [0, 16, 0]},
			"faces": {
				"north": {"uv": [6, 4, 9, 16], "texture": "#extra"},
				"east": {"uv": [16, 4, 13, 16], "texture": "#top"},
				"south": {"uv": [6, 4, 9, 16], "texture": "#extra", "cullface": "south"},
				"west": {"uv": [13, 4, 16, 16], "texture": "#top", "cullface": "west"}
			}
		},
		{
			"from": [3, 16, 11],
			"to": [3.5, 17, 13],
			"rotation": {"angle": 0, "axis": "y", "origin": [0, 16, 0]},
			"faces": {
				"north": {"uv": [11, 15, 11.5, 16], "texture": "#top"},
				"east": {"uv": [13, 15, 11, 16], "texture": "#top"},
				"south": {"uv": [12, 15, 12.5, 16], "texture": "#top"},
				"up": {"uv": [11, 15, 13, 15.5], "rotation": 90, "texture": "#top"}
			}
		}
	]
}
