{
	"credit": "Created by UnduGT for the Undopia Patch",
	"ambientocclusion": false,
	"gui_light": "front",
	"parent": "item/door_base",
	"textures": {
		"particle": "block/spruce_door_top",
		"bottom": "block/spruce_door_bottom",
		"extra": "block/spruce_door_extra",
		"top": "block/spruce_door_top"
	},
	"elements": [ 	 
		{
			"from": [ 0, 0, 0 ],
			"to": [ 3, 16, 16 ],
			"faces": {
				"down": { "uv": [ 12, 0, 15, 16 ], "texture": "#extra", "cullface": "down", "rotation": 180 },
				"north": { "uv": [ 3, 0, 6, 16 ], "texture": "#extra", "cullface": "north" },
				"south": { "uv": [ 9, 0, 12, 16 ], "texture": "#extra", "cullface": "south" },
				"west": { "uv": [ 0, 0, 16, 16 ], "texture": "#bottom", "cullface": "west" },
				"east": { "uv": [ 16, 0, 0, 16 ], "texture": "#bottom" }
			}
		},
		{
			"from": [ -0.5, 12, 11 ],
			"to": [ 3.5, 13, 13 ],
			"faces": {
				"down": { "uv": [ 11, 3, 13, 4 ], "texture": "#bottom", "rotation": 270 },
				"up": { "uv": [ 11, 3, 13, 4 ], "texture": "#bottom", "rotation": 90 },
				"north": { "uv": [ 11, 3, 12, 4 ], "texture": "#bottom" },
				"south": { "uv": [ 12, 3, 13, 4 ], "texture": "#bottom" },
				"west": { "uv": [ 11, 3, 13, 4 ], "texture": "#bottom", "cullface": "west" },
				"east": { "uv": [ 13, 3, 11, 4 ], "texture": "#bottom" }
			}
		},
		{
			"from": [ -0.5, 15, 11 ],
			"to": [ 3.5, 16, 13 ],
			"faces": {
				"down": { "uv": [ 11, 0, 13, 1 ], "texture": "#bottom", "rotation": 270 },
				"up": { "uv": [ 11, 0, 13, 1 ], "texture": "#bottom", "rotation": 90 },
				"north": { "uv": [ 11, 0, 12, 1 ], "texture": "#bottom" },
				"south": { "uv": [ 12, 0, 13, 1 ], "texture": "#bottom" },
				"west": { "uv": [ 11, 0, 13, 1 ], "texture": "#bottom", "cullface": "west" },
				"east": { "uv": [ 13, 0, 11, 1 ], "texture": "#bottom" }
			}
		},
		{
			"from": [ -0.5, 13, 13 ],
			"to": [ 3.5, 15, 14 ],
			"faces": {
				"down": { "uv": [ 13, 2, 14, 3 ], "texture": "#bottom", "rotation": 270 },
				"up": { "uv": [ 13, 1, 14, 2 ], "texture": "#bottom", "rotation": 90 },
				"north": { "uv": [ 13, 1, 14, 3 ], "texture": "#bottom" },
				"south": { "uv": [ 13, 1, 14, 3 ], "texture": "#bottom" },
				"west": { "uv": [ 13, 1, 14, 3 ], "texture": "#bottom", "cullface": "west" },
				"east": { "uv": [ 14, 1, 13, 3 ], "texture": "#bottom" }
			}
		},
		{
			"from": [ -0.5, 13, 10 ],
			"to": [ 3.5, 15, 11 ],
			"faces": {
				"down": { "uv": [ 10, 2, 11, 3 ], "texture": "#bottom", "rotation": 270 },
				"up": { "uv": [ 10, 1, 11, 2 ], "texture": "#bottom", "rotation": 90 },
				"north": { "uv": [ 10, 1, 11, 3 ], "texture": "#bottom" },
				"south": { "uv": [ 10, 1, 11, 3 ], "texture": "#bottom" },
				"west": { "uv": [ 10, 1, 11, 3 ], "texture": "#bottom", "cullface": "west" },
				"east": { "uv": [ 11, 1, 10, 3 ], "texture": "#bottom" }
			}
		},
		{
			"from": [ 0, 16, 0 ],
			"to": [ 3, 32, 16 ],
			"faces": {
				"up": { "uv": [ 12, 0, 15, 16 ], "texture": "#extra", "cullface": "up" },
				"north": { "uv": [ 0, 0, 3, 16 ], "texture": "#extra", "cullface": "north" },
				"south": { "uv": [ 6, 0, 9, 16 ], "texture": "#extra", "cullface": "south" },
				"west": { "uv": [ 0, 0, 16, 16 ], "texture": "#top", "cullface": "west" },
				"east": { "uv": [ 16, 0, 0, 16 ], "texture": "#top" }
			}
		}
	]
}