{
  "variants": {
    "age=0": [
        { "model": "farmersdelight:block/red_mushroom_colony_stage0"},
        { "model": "farmersdelight:block/red_mushroom_colony_stage0", "y": 90},
        { "model": "farmersdelight:block/red_mushroom_colony_stage0", "y": 180},
        { "model": "farmersdelight:block/red_mushroom_colony_stage0", "y": 270}
    ],
    "age=1": [
        { "model": "farmersdelight:block/red_mushroom_colony_stage1"},
        { "model": "farmersdelight:block/red_mushroom_colony_stage1", "y": 90},
        { "model": "farmersdelight:block/red_mushroom_colony_stage1", "y": 180},
        { "model": "farmersdelight:block/red_mushroom_colony_stage1", "y": 270}
    ],
    "age=2": [
        { "model": "farmersdelight:block/red_mushroom_colony_stage2"},
        { "model": "farmersdelight:block/red_mushroom_colony_stage2", "y": 90},
        { "model": "farmersdelight:block/red_mushroom_colony_stage2", "y": 180},
        { "model": "farmersdelight:block/red_mushroom_colony_stage2", "y": 270}
    ],
    "age=3": [
        { "model": "farmersdelight:block/red_mushroom_colony_stage3"},
        { "model": "farmersdelight:block/red_mushroom_colony_stage3", "y": 90},
        { "model": "farmersdelight:block/red_mushroom_colony_stage3", "y": 180},
        { "model": "farmersdelight:block/red_mushroom_colony_stage3", "y": 270}
    ]
  }
}