{
	"credit": "Made by sniffercraft34",
	"ambientocclusion": false,
	"textures": {
		"0": "block/rail",
		"2": "block/activator_rail_on",
		"particle": "block/activator_rail_on"
	},
	"elements": [
		{
			"from": [12, 0, 0],
			"to": [14, 1, 16],
			"rotation": {"angle": 0, "axis": "y", "origin": [12, 0, 0]},
			"faces": {
				"north": {"uv": [12, 0, 14, 1], "texture": "#0", "cullface": "north"},
				"east": {"uv": [2, 0, 4, 16], "rotation": 90, "texture": "#0"},
				"south": {"uv": [2, 0, 4, 1], "texture": "#0", "cullface": "south"},
				"west": {"uv": [2, 0, 4, 16], "rotation": 90, "texture": "#0"},
				"up": {"uv": [12, 0, 14, 16], "texture": "#0"},
				"down": {"uv": [2, 0, 4, 16], "texture": "#0", "cullface": "down"}
			}
		},
		{
			"from": [2, 0, 0],
			"to": [4, 1, 16],
			"rotation": {"angle": 0, "axis": "y", "origin": [2, 0, 0]},
			"faces": {
				"north": {"uv": [12, 0, 14, 1], "texture": "#0", "cullface": "north"},
				"east": {"uv": [2, 0, 4, 16], "rotation": 90, "texture": "#0"},
				"south": {"uv": [2, 0, 4, 1], "texture": "#0", "cullface": "south"},
				"west": {"uv": [2, 0, 4, 16], "rotation": 90, "texture": "#0"},
				"up": {"uv": [2, 0, 4, 16], "texture": "#0"},
				"down": {"uv": [2, 0, 4, 16], "texture": "#0", "cullface": "down"}
			}
		},
		{
			"from": [14, 0.1875, 1],
			"to": [15, 0.75, 3],
			"rotation": {"angle": 0, "axis": "y", "origin": [13, 0.1875, 1]},
			"faces": {
				"north": {"uv": [1, 1, 2, 2], "texture": "#0"},
				"east": {"uv": [1, 1, 2, 3], "rotation": 90, "texture": "#0"},
				"south": {"uv": [1, 1, 2, 2], "texture": "#0"},
				"up": {"uv": [1, 1, 2, 3], "texture": "#0"},
				"down": {"uv": [1, 1, 2, 3], "texture": "#0"}
			}
		},
		{
			"from": [14, 0.1875, 5],
			"to": [15, 0.75, 7],
			"rotation": {"angle": 0, "axis": "y", "origin": [13, 0.1875, 5]},
			"faces": {
				"north": {"uv": [1, 1, 2, 2], "texture": "#0"},
				"east": {"uv": [1, 1, 2, 3], "rotation": 90, "texture": "#0"},
				"south": {"uv": [1, 1, 2, 2], "texture": "#0"},
				"up": {"uv": [1, 1, 2, 3], "texture": "#0"},
				"down": {"uv": [1, 1, 2, 3], "texture": "#0"}
			}
		},
		{
			"from": [14, 0.1875, 9],
			"to": [15, 0.75, 11],
			"rotation": {"angle": 0, "axis": "y", "origin": [13, 0.1875, 9]},
			"faces": {
				"north": {"uv": [1, 1, 2, 2], "texture": "#0"},
				"east": {"uv": [1, 1, 2, 3], "rotation": 90, "texture": "#0"},
				"south": {"uv": [1, 1, 2, 2], "texture": "#0"},
				"up": {"uv": [1, 1, 2, 3], "texture": "#0"},
				"down": {"uv": [1, 1, 2, 3], "texture": "#0"}
			}
		},
		{
			"from": [14, 0.1875, 13],
			"to": [15, 0.75, 15],
			"rotation": {"angle": 0, "axis": "y", "origin": [13, 0.1875, 13]},
			"faces": {
				"north": {"uv": [1, 1, 2, 2], "texture": "#0"},
				"east": {"uv": [1, 1, 2, 3], "rotation": 90, "texture": "#0"},
				"south": {"uv": [1, 1, 2, 2], "texture": "#0"},
				"up": {"uv": [1, 1, 2, 3], "texture": "#0"},
				"down": {"uv": [1, 1, 2, 3], "texture": "#0"}
			}
		},
		{
			"from": [1, 0.1875, 13],
			"to": [2, 0.75, 15],
			"rotation": {"angle": 0, "axis": "y", "origin": [0, 0.1875, 13]},
			"faces": {
				"north": {"uv": [1, 1, 2, 2], "texture": "#0"},
				"south": {"uv": [1, 1, 2, 2], "texture": "#0"},
				"west": {"uv": [1, 1, 2, 3], "rotation": 270, "texture": "#0"},
				"up": {"uv": [1, 1, 2, 3], "texture": "#0"},
				"down": {"uv": [1, 1, 2, 3], "texture": "#0"}
			}
		},
		{
			"from": [1, 0.1875, 9],
			"to": [2, 0.75, 11],
			"rotation": {"angle": 0, "axis": "y", "origin": [0, 0.1875, 9]},
			"faces": {
				"north": {"uv": [1, 1, 2, 2], "texture": "#0"},
				"south": {"uv": [1, 1, 2, 2], "texture": "#0"},
				"west": {"uv": [1, 1, 2, 3], "rotation": 270, "texture": "#0"},
				"up": {"uv": [1, 1, 2, 3], "texture": "#0"},
				"down": {"uv": [1, 1, 2, 3], "texture": "#0"}
			}
		},
		{
			"from": [1, 0.1875, 5],
			"to": [2, 0.75, 7],
			"rotation": {"angle": 0, "axis": "y", "origin": [0, 0.1875, 5]},
			"faces": {
				"north": {"uv": [1, 1, 2, 2], "texture": "#0"},
				"south": {"uv": [1, 1, 2, 2], "texture": "#0"},
				"west": {"uv": [1, 1, 2, 3], "rotation": 270, "texture": "#0"},
				"up": {"uv": [1, 1, 2, 3], "texture": "#0"},
				"down": {"uv": [1, 1, 2, 3], "texture": "#0"}
			}
		},
		{
			"from": [1, 0.1875, 1],
			"to": [2, 0.75, 3],
			"rotation": {"angle": 0, "axis": "y", "origin": [0, 0.1875, 1]},
			"faces": {
				"north": {"uv": [1, 1, 2, 2], "texture": "#0"},
				"south": {"uv": [1, 1, 2, 2], "texture": "#0"},
				"west": {"uv": [1, 1, 2, 3], "rotation": 270, "texture": "#0"},
				"up": {"uv": [1, 1, 2, 3], "texture": "#0"},
				"down": {"uv": [1, 1, 2, 3], "texture": "#0"}
			}
		},
		{
			"from": [4, 0.1875, 1],
			"to": [12, 0.75, 3],
			"rotation": {"angle": 0, "axis": "y", "origin": [3, 0.1875, 1]},
			"faces": {
				"north": {"uv": [4, 1, 12, 2], "texture": "#2"},
				"south": {"uv": [4, 1, 12, 2], "texture": "#2"},
				"up": {"uv": [4, 1, 12, 3], "texture": "#2"},
				"down": {"uv": [4, 1, 12, 3], "texture": "#2"}
			}
		},
		{
			"from": [7, 0.1875, 3],
			"to": [9, 0.75, 5],
			"rotation": {"angle": 0, "axis": "y", "origin": [0, 0.1875, 3]},
			"faces": {
				"east": {"uv": [8, 11, 9, 13], "texture": "#2"},
				"west": {"uv": [7, 11, 8, 13], "texture": "#2"},
				"up": {"uv": [7, 11, 9, 13], "texture": "#2"},
				"down": {"uv": [7, 11, 9, 13], "texture": "#2"}
			}
		},
		{
			"from": [7, 0.1875, 7],
			"to": [9, 0.75, 9],
			"rotation": {"angle": 0, "axis": "y", "origin": [0, 0.1875, 7]},
			"faces": {
				"east": {"uv": [8, 11, 9, 13], "texture": "#2"},
				"west": {"uv": [7, 11, 8, 13], "texture": "#2"},
				"up": {"uv": [7, 11, 9, 13], "texture": "#2"},
				"down": {"uv": [7, 11, 9, 13], "texture": "#2"}
			}
		},
		{
			"from": [7, 0.1875, 11],
			"to": [9, 0.75, 13],
			"rotation": {"angle": 0, "axis": "y", "origin": [0, 0.1875, 11]},
			"faces": {
				"east": {"uv": [8, 11, 9, 13], "texture": "#2"},
				"west": {"uv": [7, 11, 8, 13], "texture": "#2"},
				"up": {"uv": [7, 11, 9, 13], "texture": "#2"},
				"down": {"uv": [7, 11, 9, 13], "texture": "#2"}
			}
		},
		{
			"from": [4, 0.1875, 5],
			"to": [12, 0.75, 7],
			"rotation": {"angle": 0, "axis": "y", "origin": [3, 0.1875, 5]},
			"faces": {
				"north": {"uv": [4, 1, 12, 2], "texture": "#2"},
				"south": {"uv": [4, 1, 12, 2], "texture": "#2"},
				"up": {"uv": [4, 1, 12, 3], "texture": "#2"},
				"down": {"uv": [4, 1, 12, 3], "texture": "#2"}
			}
		},
		{
			"from": [4, 0.1875, 9],
			"to": [12, 0.75, 11],
			"rotation": {"angle": 0, "axis": "y", "origin": [3, 0.1875, 9]},
			"faces": {
				"north": {"uv": [4, 1, 12, 2], "texture": "#2"},
				"south": {"uv": [4, 1, 12, 2], "texture": "#2"},
				"up": {"uv": [4, 1, 12, 3], "texture": "#2"},
				"down": {"uv": [4, 1, 12, 3], "texture": "#2"}
			}
		},
		{
			"from": [4, 0.1875, 13],
			"to": [12, 0.75, 15],
			"rotation": {"angle": 0, "axis": "y", "origin": [3, 0.1875, 13]},
			"faces": {
				"north": {"uv": [4, 1, 12, 2], "texture": "#2"},
				"south": {"uv": [4, 1, 12, 2], "texture": "#2"},
				"up": {"uv": [4, 1, 12, 3], "texture": "#2"},
				"down": {"uv": [4, 1, 12, 3], "texture": "#2"}
			}
		}
	],
	"display": {
		"thirdperson_righthand": {
			"rotation": [75, 45, 0],
			"translation": [0, 2.5, 2.75],
			"scale": [0.375, 0.375, 0.375]
		},
		"thirdperson_lefthand": {
			"rotation": [75, 45, 0],
			"translation": [0, 2.5, 2.75],
			"scale": [0.375, 0.375, 0.375]
		},
		"firstperson_righthand": {
			"rotation": [0, 45, 0],
			"translation": [0, 3.75, 0],
			"scale": [0.4, 0.4, 0.4]
		},
		"firstperson_lefthand": {
			"rotation": [0, 225, 0],
			"translation": [0, 3.25, 0],
			"scale": [0.4, 0.4, 0.4]
		},
		"ground": {
			"translation": [0, 2, 0],
			"scale": [0.5, 0.5, 0.5]
		},
		"gui": {
			"rotation": [30, 225, 0],
			"scale": [0.625, 0.625, 0.625]
		},
		"head": {
			"rotation": [0, 180, 0],
			"translation": [0, 14, 0.25]
		},
		"fixed": {
			"rotation": [0, 180, 0],
			"translation": [0, 7.5, 0]
		}
	}
}