{
	"credit": "Made by sniffercraft34",
	"ambientocclusion": false,
	"textures": {
		"0": "block/rail",
		"1": "block/activator_rail",
		"2": "block/activator_rail_on",
		"particle": "block/activator_rail"
	},
	"elements": [
		{
			"from": [4, 9.1875, 0.375],
			"to": [12, 11.1875, 0.75],
			"rotation": {"angle": 45, "axis": "x", "origin": [0, 0.1875, 1], "rescale": true},
			"faces": {
				"north": {"uv": [12, 5, 4, 7], "texture": "#1"},
				"south": {"uv": [4, 5, 12, 7], "texture": "#1"},
				"up": {"uv": [4, 5, 12, 6], "texture": "#1"},
				"down": {"uv": [4, 6, 12, 7], "texture": "#1"}
			}
		},
		{
			"from": [1, 13, 0.375],
			"to": [2, 15, 0.75],
			"rotation": {"angle": 45, "axis": "x", "origin": [0, 0, 1], "rescale": true},
			"faces": {
				"north": {"uv": [1, 1, 2, 3], "texture": "#2"},
				"south": {"uv": [1, 1, 2, 3], "texture": "#2"},
				"west": {"uv": [1, 1, 2, 3], "texture": "#2"},
				"up": {"uv": [1, 1, 2, 2], "rotation": 180, "texture": "#2"},
				"down": {"uv": [1, 2, 2, 3], "texture": "#2"}
			}
		},
		{
			"from": [4, 13, 0.3125],
			"to": [12, 15, 0.75],
			"rotation": {"angle": 45, "axis": "x", "origin": [0, 0, 1], "rescale": true},
			"faces": {
				"north": {"uv": [12, 1, 4, 3], "texture": "#1"},
				"south": {"uv": [4, 1, 12, 3], "texture": "#1"},
				"up": {"uv": [4, 1, 12, 2], "texture": "#1"},
				"down": {"uv": [4, 2, 12, 3], "texture": "#1"}
			}
		},
		{
			"from": [14, 13, 0.375],
			"to": [15, 15, 0.75],
			"rotation": {"angle": 45, "axis": "x", "origin": [0, 0, 1], "rescale": true},
			"faces": {
				"north": {"uv": [14, 1, 15, 3], "texture": "#0"},
				"east": {"uv": [14, 1, 15, 3], "texture": "#0"},
				"south": {"uv": [14, 1, 15, 3], "texture": "#0"},
				"up": {"uv": [14, 1, 15, 2], "rotation": 180, "texture": "#0"},
				"down": {"uv": [14, 2, 15, 3], "texture": "#0"}
			}
		},
		{
			"from": [1, 9, 0.375],
			"to": [2, 11, 0.75],
			"rotation": {"angle": 45, "axis": "x", "origin": [0, 0, 1], "rescale": true},
			"faces": {
				"north": {"uv": [1, 5, 2, 7], "texture": "#2"},
				"south": {"uv": [1, 5, 2, 7], "texture": "#2"},
				"west": {"uv": [1, 5, 2, 7], "texture": "#2"},
				"up": {"uv": [1, 5, 2, 6], "rotation": 180, "texture": "#2"},
				"down": {"uv": [1, 6, 2, 7], "texture": "#2"}
			}
		},
		{
			"from": [14, 0.25, 10],
			"to": [15, 0.6875, 12],
			"rotation": {"angle": -45, "axis": "x", "origin": [0, 0, 1], "rescale": true},
			"faces": {
				"north": {"uv": [14, 6, 15, 7], "rotation": 180, "texture": "#1"},
				"east": {"uv": [14, 5, 15, 7], "rotation": 270, "texture": "#1"},
				"south": {"uv": [14, 5, 15, 6], "rotation": 180, "texture": "#2"},
				"up": {"uv": [14, 5, 15, 7], "rotation": 180, "texture": "#1"},
				"down": {"uv": [14, 1, 15, 3], "texture": "#1"}
			}
		},
		{
			"from": [1, 0.25, 6],
			"to": [2, 0.6875, 8],
			"rotation": {"angle": -45, "axis": "x", "origin": [0, 0, 1], "rescale": true},
			"faces": {
				"north": {"uv": [1, 10, 2, 11], "rotation": 180, "texture": "#2"},
				"south": {"uv": [1, 9, 2, 10], "rotation": 180, "texture": "#2"},
				"west": {"uv": [1, 9, 2, 11], "rotation": 90, "texture": "#2"},
				"up": {"uv": [1, 9, 2, 11], "rotation": 180, "texture": "#2"},
				"down": {"uv": [1, 9, 2, 11], "texture": "#2"}
			}
		},
		{
			"from": [4, 5.125, 0.375],
			"to": [12, 7.125, 0.75],
			"rotation": {"angle": 45, "axis": "x", "origin": [0, 0.125, 1], "rescale": true},
			"faces": {
				"north": {"uv": [12, 9, 4, 11], "texture": "#1"},
				"south": {"uv": [4, 9, 12, 11], "texture": "#1"},
				"up": {"uv": [4, 9, 12, 10], "texture": "#1"},
				"down": {"uv": [4, 10, 12, 11], "texture": "#1"}
			}
		},
		{
			"from": [14, 12.25, 5],
			"to": [15, 12.75, 7],
			"rotation": {"angle": -45, "axis": "x", "origin": [0, 13, 12], "rescale": true},
			"faces": {
				"north": {"uv": [14, 9, 15, 10], "texture": "#1"},
				"east": {"uv": [14, 9, 15, 11], "rotation": 90, "texture": "#1"},
				"south": {"uv": [14, 10, 15, 11], "texture": "#2"},
				"up": {"uv": [14, 9, 15, 11], "texture": "#1"},
				"down": {"uv": [14, 9, 15, 11], "rotation": 180, "texture": "#1"}
			}
		},
		{
			"from": [1, 1, 0.25],
			"to": [2, 3, 0.75],
			"rotation": {"angle": 45, "axis": "x", "origin": [0, 0, 1], "rescale": true},
			"faces": {
				"north": {"uv": [1, 13, 2, 15], "texture": "#2"},
				"south": {"uv": [1, 13, 2, 15], "texture": "#2"},
				"west": {"uv": [1, 13, 2, 15], "texture": "#2"},
				"up": {"uv": [1, 13, 2, 14], "rotation": 180, "texture": "#0"},
				"down": {"uv": [1, 14, 2, 15], "texture": "#2"}
			}
		},
		{
			"from": [4, 0.9375, 0.25],
			"to": [12, 2.9375, 0.6875],
			"rotation": {"angle": 45, "axis": "x", "origin": [0, -0.0625, 0.9375], "rescale": true},
			"faces": {
				"north": {"uv": [12, 13, 4, 15], "texture": "#1"},
				"south": {"uv": [4, 13, 12, 15], "texture": "#1"},
				"up": {"uv": [4, 13, 12, 14], "texture": "#1"},
				"down": {"uv": [4, 14, 12, 15], "texture": "#1"}
			}
		},
		{
			"from": [14, 4.25, 1],
			"to": [15, 4.75, 3],
			"rotation": {"angle": -45, "axis": "x", "origin": [0, 5, 4], "rescale": true},
			"faces": {
				"north": {"uv": [14, 13, 15, 14], "texture": "#1"},
				"east": {"uv": [14, 13, 15, 15], "rotation": 90, "texture": "#1"},
				"south": {"uv": [14, 14, 15, 15], "texture": "#1"},
				"up": {"uv": [14, 13, 15, 15], "texture": "#1"},
				"down": {"uv": [14, 13, 15, 15], "rotation": 180, "texture": "#1"}
			}
		},
		{
			"from": [2, 0, 0.25],
			"to": [4, 16, 1],
			"rotation": {"angle": 45, "axis": "x", "origin": [0, 0, 1], "rescale": true},
			"faces": {
				"north": {"uv": [2, 0, 4, 16], "rotation": 180, "texture": "#2"},
				"east": {"uv": [3, 0, 4, 16], "texture": "#2"},
				"south": {"uv": [2, 0, 4, 16], "texture": "#2"},
				"west": {"uv": [2, 0, 3, 16], "rotation": 180, "texture": "#2"},
				"up": {"uv": [4, 0, 2, 2], "rotation": 180, "texture": "#2"},
				"down": {"uv": [2, 14, 4, 16], "texture": "#0"}
			}
		},
		{
			"from": [12, 0, 0.25],
			"to": [14, 16, 1],
			"rotation": {"angle": 45, "axis": "x", "origin": [0, 0, 1], "rescale": true},
			"faces": {
				"north": {"uv": [12, 0, 14, 16], "rotation": 180, "texture": "#0"},
				"east": {"uv": [13, 0, 14, 16], "rotation": 180, "texture": "#1"},
				"south": {"uv": [12, 0, 14, 16], "texture": "#2"},
				"west": {"uv": [12, 0, 12.6, 16], "texture": "#2"},
				"up": {"uv": [14, 0, 12, 2], "rotation": 180, "texture": "#2"},
				"down": {"uv": [12, 14, 14, 16], "texture": "#2"}
			}
		},
		{
			"from": [7, 3, 0.3135],
			"to": [9, 13, 0.6],
			"rotation": {"angle": 45, "axis": "x", "origin": [0, 0, 1], "rescale": true},
			"faces": {
				"north": {"uv": [9, 3, 7, 13], "texture": "#1"},
				"east": {"uv": [8, 3, 9, 13], "texture": "#1"},
				"south": {"uv": [7, 3, 9, 13], "texture": "#1"},
				"west": {"uv": [7, 3, 8, 13], "texture": "#1"}
			}
		}
	],
	"display": {
		"thirdperson_righthand": {
			"rotation": [75, 45, 0],
			"translation": [0, 2.5, 2.75],
			"scale": [0.375, 0.375, 0.375]
		},
		"thirdperson_lefthand": {
			"rotation": [75, 45, 0],
			"translation": [0, 2.5, 2.75],
			"scale": [0.375, 0.375, 0.375]
		},
		"firstperson_righthand": {
			"rotation": [0, 45, 0],
			"translation": [0, 3.75, 0],
			"scale": [0.4, 0.4, 0.4]
		},
		"firstperson_lefthand": {
			"rotation": [0, 225, 0],
			"translation": [0, 3.25, 0],
			"scale": [0.4, 0.4, 0.4]
		},
		"ground": {
			"translation": [0, 3, 0],
			"scale": [0.25, 0.25, 0.25]
		},
		"gui": {
			"rotation": [30, 225, 0],
			"scale": [0.625, 0.625, 0.625]
		},
		"head": {
			"rotation": [0, 180, 0],
			"translation": [0, 14, 0.25]
		},
		"fixed": {
			"scale": [0.5, 0.5, 0.5]
		}
	}
}