{
	"credit": "Made by sniffercraft34",
	"ambientocclusion": false,
	"textures": {
		"0": "block/barrel_bottom",
		"1": "block/barrel_top",
		"2": "block/barrel_side",
		"particle": "block/barrel_bottom"
	},
	"elements": [
		{
			"from": [0, 0, 0],
			"to": [16, 3, 16],
			"faces": {
				"north": {"uv": [0, 13, 16, 16], "texture": "#2", "cullface": "north"},
				"east": {"uv": [0, 13, 16, 16], "texture": "#2", "cullface": "east"},
				"south": {"uv": [0, 13, 16, 16], "texture": "#2", "cullface": "south"},
				"west": {"uv": [0, 13, 16, 16], "texture": "#2", "cullface": "west"},
				"down": {"uv": [0, 0, 16, 16], "texture": "#0", "cullface": "down"}
			}
		},
		{
			"from": [0, 3, 0],
			"to": [16, 16, 2],
			"rotation": {"angle": 0, "axis": "y", "origin": [0, 3, 0]},
			"faces": {
				"north": {"uv": [0, 0, 16, 13], "texture": "#2", "cullface": "north"},
				"east": {"uv": [14, 0, 16, 13], "texture": "#2", "cullface": "east"},
				"south": {"uv": [0, 0, 16, 13], "texture": "#2"},
				"west": {"uv": [0, 0, 2, 13], "texture": "#2", "cullface": "west"},
				"up": {"uv": [0, 0, 16, 2], "texture": "#1", "cullface": "up"}
			}
		},
		{
			"from": [2, 3, 14],
			"to": [14, 16, 16],
			"rotation": {"angle": 0, "axis": "y", "origin": [0, 3, 14]},
			"faces": {
				"north": {"uv": [0, 0, 16, 13], "texture": "#2"},
				"south": {"uv": [2, 0, 14, 13], "texture": "#2", "cullface": "south"},
				"up": {"uv": [1, 0, 15, 2], "rotation": 180, "texture": "#1", "cullface": "up"}
			}
		},
		{
			"from": [0, 3, 2],
			"to": [2, 16, 16],
			"rotation": {"angle": 0, "axis": "y", "origin": [0, 3, 18]},
			"faces": {
				"east": {"uv": [0, 0, 16, 13], "texture": "#2"},
				"south": {"uv": [0, 0, 2, 13], "texture": "#2", "cullface": "south"},
				"west": {"uv": [2, 0, 16, 13], "texture": "#2", "cullface": "west"},
				"up": {"uv": [0, 0, 15, 2], "rotation": 270, "texture": "#1", "cullface": "up"}
			}
		},
		{
			"from": [14, 3, 2],
			"to": [16, 16, 16],
			"rotation": {"angle": 0, "axis": "y", "origin": [16, 3, 0]},
			"faces": {
				"east": {"uv": [0, 0, 14, 13], "texture": "#2", "cullface": "east"},
				"south": {"uv": [14, 0, 16, 13], "texture": "#2", "cullface": "south"},
				"west": {"uv": [0, 0, 16, 13], "texture": "#2"},
				"up": {"uv": [1, 0, 16, 2], "rotation": 90, "texture": "#1", "cullface": "up"}
			}
		},
		{
			"from": [2, 14, 2],
			"to": [14, 15, 15],
			"rotation": {"angle": 0, "axis": "y", "origin": [2, 13, 2]},
			"faces": {
				"up": {"uv": [1, 1, 15, 15], "rotation": 180, "texture": "#1"},
				"down": {"uv": [0, 0, 12, 13], "texture": "#missing"}
			}
		},
		{
			"from": [10.25, 15, 6.625],
			"to": [12.25, 15.3125, 8.625],
			"rotation": {"angle": 0, "axis": "y", "origin": [10.25, 15, 6.625]},
			"faces": {
				"north": {"uv": [3, 8, 5, 10], "rotation": 180, "texture": "#1"},
				"east": {"uv": [3, 8, 5, 10], "rotation": 180, "texture": "#1"},
				"south": {"uv": [3, 8, 5, 10], "rotation": 180, "texture": "#1"},
				"west": {"uv": [3, 8, 5, 10], "rotation": 180, "texture": "#1"},
				"up": {"uv": [3, 8, 5, 10], "rotation": 180, "texture": "#1"}
			}
		},
		{
			"from": [-0.5, 11, -0.5],
			"to": [16.5, 13, 16.5],
			"rotation": {"angle": 0, "axis": "y", "origin": [0, 11, -2]},
			"faces": {
				"north": {"uv": [0, 3, 16, 5], "texture": "#2", "cullface": "north"},
				"east": {"uv": [0, 3, 16, 5], "texture": "#2", "cullface": "east"},
				"south": {"uv": [0, 3, 16, 5], "texture": "#2", "cullface": "south"},
				"west": {"uv": [0, 3, 16, 5], "texture": "#2", "cullface": "west"},
				"up": {"uv": [0, 3, 16, 5], "texture": "#2"},
				"down": {"uv": [0, 3, 16, 5], "texture": "#2"}
			}
		},
		{
			"from": [-0.5, 3, -0.5],
			"to": [16.5, 5, 16.5],
			"rotation": {"angle": 0, "axis": "y", "origin": [0, 3, -2]},
			"faces": {
				"north": {"uv": [0, 11, 16, 13], "texture": "#2", "cullface": "north"},
				"east": {"uv": [0, 11, 16, 13], "texture": "#2", "cullface": "east"},
				"south": {"uv": [0, 11, 16, 13], "texture": "#2", "cullface": "south"},
				"west": {"uv": [0, 11, 16, 13], "texture": "#2", "cullface": "west"},
				"up": {"uv": [0, 11, 16, 13], "texture": "#2"},
				"down": {"uv": [0, 11, 16, 13], "texture": "#2"}
			}
		}
	],
	"display": {
		"thirdperson_righthand": {
			"rotation": [75, 45, 0],
			"translation": [0, 2.5, 0],
			"scale": [0.375, 0.375, 0.375]
		},
		"thirdperson_lefthand": {
			"rotation": [75, 45, 0],
			"translation": [0, 2.5, 0],
			"scale": [0.375, 0.375, 0.375]
		},
		"firstperson_righthand": {
			"rotation": [0, 45, 0],
			"scale": [0.4, 0.4, 0.4]
		},
		"firstperson_lefthand": {
			"rotation": [0, 225, 0],
			"scale": [0.4, 0.4, 0.4]
		},
		"ground": {
			"translation": [0, 3, 0],
			"scale": [0.25, 0.25, 0.25]
		},
		"gui": {
			"rotation": [30, 225, 0],
			"scale": [0.625, 0.625, 0.625]
		},
		"fixed": {
			"scale": [0.5, 0.5, 0.5]
		}
	}
}