{
	"credit": "Made by sniffercraft34",
	"parent": "block/block",
	"textures": {
		"0": "block/beacon",
		"1": "block/obsidian",
		"2": "block/glass",
		"particle": "block/beacon"
	},
	"elements": [
		{
			"name": "Obsidian base",
			"from": [2, 0.1, 2],
			"to": [14, 3, 14],
			"faces": {
				"north": {"uv": [2, 13, 14, 16], "texture": "#1"},
				"east": {"uv": [2, 13, 14, 16], "texture": "#1"},
				"south": {"uv": [2, 13, 14, 16], "texture": "#1"},
				"west": {"uv": [2, 13, 14, 16], "texture": "#1"},
				"up": {"uv": [2, 2, 14, 14], "texture": "#1"},
				"down": {"uv": [2, 2, 14, 14], "texture": "#1"}
			}
		},
		{
			"name": "Inner beacon texture",
			"from": [3, 3, 3],
			"to": [13, 14, 13],
			"faces": {
				"north": {"uv": [3, 2, 13, 13], "texture": "#0"},
				"east": {"uv": [3, 2, 13, 13], "texture": "#0"},
				"south": {"uv": [3, 2, 13, 13], "texture": "#0"},
				"west": {"uv": [3, 2, 13, 13], "texture": "#0"},
				"up": {"uv": [3, 3, 13, 13], "texture": "#0"}
			}
		},
		{
			"from": [0, 0, 0],
			"to": [1, 1, 16],
			"faces": {
				"north": {"uv": [15, 0, 16, 1], "texture": "#2"},
				"east": {"uv": [15, 0, 16, 16], "rotation": 90, "texture": "#2"},
				"south": {"uv": [15, 15, 16, 16], "texture": "#2"},
				"west": {"uv": [0, 15, 16, 16], "texture": "#2"},
				"up": {"uv": [15, 0, 16, 16], "texture": "#2"},
				"down": {"uv": [15, 0, 16, 16], "texture": "#2"}
			}
		},
		{
			"from": [15, 0, 0],
			"to": [16, 1, 16],
			"rotation": {"angle": 0, "axis": "y", "origin": [15, 0, 0]},
			"faces": {
				"north": {"uv": [15, 0, 16, 1], "texture": "#2"},
				"east": {"uv": [15, 0, 16, 16], "rotation": 90, "texture": "#2"},
				"south": {"uv": [15, 15, 16, 16], "texture": "#2"},
				"west": {"uv": [0, 15, 16, 16], "texture": "#2"},
				"up": {"uv": [15, 0, 16, 16], "texture": "#2"},
				"down": {"uv": [15, 0, 16, 16], "texture": "#2"}
			}
		},
		{
			"from": [0.9375, 16, 0],
			"to": [15, 17, 1],
			"rotation": {"angle": 0, "axis": "y", "origin": [16, 16, 0]},
			"faces": {
				"north": {"uv": [0, 0, 15, 1], "texture": "#2"},
				"south": {"uv": [0, 15, 15, 16], "texture": "#2"},
				"up": {"uv": [0, 0, 15, 1], "rotation": 90, "texture": "#2"},
				"down": {"uv": [0, 0, 15, 1], "rotation": 270, "texture": "#2"}
			}
		},
		{
			"from": [0, 16, 1],
			"to": [1, 17, 15.0625],
			"rotation": {"angle": 0, "axis": "y", "origin": [0, 16, -1]},
			"faces": {
				"east": {"uv": [0, 15, 15, 16], "texture": "#2"},
				"west": {"uv": [0, 0, 15, 1], "texture": "#2"},
				"up": {"uv": [0, 0, 15, 1], "texture": "#2"},
				"down": {"uv": [0, 0, 15, 1], "texture": "#2"}
			}
		},
		{
			"from": [15, 16, 1],
			"to": [16, 17, 15.0625],
			"rotation": {"angle": 0, "axis": "y", "origin": [15, 16, -1]},
			"faces": {
				"east": {"uv": [0, 15, 15, 16], "texture": "#2"},
				"west": {"uv": [0, 0, 15, 1], "texture": "#2"},
				"up": {"uv": [1, 0, 15, 1], "texture": "#2"},
				"down": {"uv": [0, 0, 15, 1], "texture": "#2"}
			}
		},
		{
			"from": [0.9375, 16, 15],
			"to": [15, 17, 16],
			"rotation": {"angle": 0, "axis": "y", "origin": [17, 16, 15]},
			"faces": {
				"north": {"uv": [0, 0, 15, 1], "texture": "#2"},
				"south": {"uv": [0, 15, 15, 16], "texture": "#2"},
				"up": {"uv": [0, 0, 15, 1], "rotation": 90, "texture": "#2"},
				"down": {"uv": [0, 0, 15, 1], "rotation": 270, "texture": "#2"}
			}
		},
		{
			"from": [1, 0, 0],
			"to": [15, 1, 1],
			"rotation": {"angle": 0, "axis": "y", "origin": [3, 0, 0]},
			"faces": {
				"north": {"uv": [1, 15, 15, 16], "texture": "#2"},
				"south": {"uv": [0, 0, 14, 1], "texture": "#2"},
				"up": {"uv": [0, 0, 14, 1], "texture": "#2"},
				"down": {"uv": [0, 0, 14, 1], "texture": "#2"}
			}
		},
		{
			"from": [1, 0, 15],
			"to": [15, 1, 16],
			"rotation": {"angle": 0, "axis": "y", "origin": [3, 0, 15]},
			"faces": {
				"north": {"uv": [1, 15, 15, 16], "texture": "#2"},
				"south": {"uv": [0, 0, 14, 1], "texture": "#2"},
				"up": {"uv": [0, 0, 14, 1], "texture": "#2"},
				"down": {"uv": [0, 0, 14, 1], "texture": "#2"}
			}
		},
		{
			"from": [0, 1, 0],
			"to": [1, 17, 1],
			"rotation": {"angle": 0, "axis": "y", "origin": [0, 1, 0]},
			"faces": {
				"north": {"uv": [0, 0, 1, 16], "texture": "#2"},
				"east": {"uv": [0, 0, 1, 16], "texture": "#2"},
				"south": {"uv": [0, 0, 1, 16], "texture": "#2"},
				"west": {"uv": [0, 0, 1, 16], "texture": "#2"},
				"up": {"uv": [0, 0, 1, 1], "texture": "#2"}
			}
		},
		{
			"from": [0, 1, 15],
			"to": [1, 17, 16],
			"rotation": {"angle": 0, "axis": "y", "origin": [0, 1, 15]},
			"faces": {
				"north": {"uv": [0, 0, 1, 16], "texture": "#2"},
				"east": {"uv": [0, 0, 1, 16], "texture": "#2"},
				"south": {"uv": [0, 0, 1, 16], "texture": "#2"},
				"west": {"uv": [0, 0, 1, 16], "texture": "#2"},
				"up": {"uv": [0, 0, 1, 1], "texture": "#2"}
			}
		},
		{
			"from": [15, 1, 15],
			"to": [16, 17, 16],
			"rotation": {"angle": 0, "axis": "y", "origin": [15, 1, 15]},
			"faces": {
				"north": {"uv": [0, 0, 1, 16], "texture": "#2"},
				"east": {"uv": [0, 0, 1, 16], "texture": "#2"},
				"south": {"uv": [0, 0, 1, 16], "texture": "#2"},
				"west": {"uv": [0, 0, 1, 16], "texture": "#2"},
				"up": {"uv": [0, 0, 1, 1], "texture": "#2"}
			}
		},
		{
			"from": [15, 1, 0],
			"to": [16, 17, 1],
			"rotation": {"angle": 0, "axis": "y", "origin": [15, 1, 0]},
			"faces": {
				"north": {"uv": [0, 0, 1, 16], "texture": "#2"},
				"east": {"uv": [0, 0, 1, 16], "texture": "#2"},
				"south": {"uv": [0, 0, 1, 16], "texture": "#2"},
				"west": {"uv": [0, 0, 1, 16], "texture": "#2"},
				"up": {"uv": [0, 0, 1, 1], "texture": "#2"}
			}
		}
	],
	"display": {
		"thirdperson_righthand": {
			"rotation": [75, 45, 0],
			"translation": [0, 2.5, 0],
			"scale": [0.375, 0.375, 0.375]
		},
		"thirdperson_lefthand": {
			"rotation": [75, 45, 0],
			"translation": [0, 2.5, 0],
			"scale": [0.375, 0.375, 0.375]
		},
		"firstperson_righthand": {
			"rotation": [0, 45, 0],
			"scale": [0.4, 0.4, 0.4]
		},
		"firstperson_lefthand": {
			"rotation": [0, 225, 0],
			"scale": [0.4, 0.4, 0.4]
		},
		"ground": {
			"translation": [0, 3, 0],
			"scale": [0.25, 0.25, 0.25]
		},
		"gui": {
			"rotation": [30, 225, 0],
			"scale": [0.625, 0.625, 0.625]
		},
		"fixed": {
			"scale": [0.5, 0.5, 0.5]
		}
	}
}