{
	"credit": "Made by sniffercraft34",
	"ambientocclusion": false,
	"textures": {
		"0": "block/oak_planks",
		"1": "block/bookshelf",
		"particle": "block/oak_planks"
	},
	"elements": [
		{
			"from": [0, 0, 0],
			"to": [16, 1, 16],
			"faces": {
				"north": {"uv": [0, 15, 16, 16], "texture": "#1", "cullface": "north"},
				"east": {"uv": [0, 15, 16, 16], "texture": "#1", "cullface": "east"},
				"south": {"uv": [0, 15, 16, 16], "texture": "#1", "cullface": "south"},
				"west": {"uv": [0, 15, 16, 16], "texture": "#1", "cullface": "west"},
				"down": {"uv": [0, 0, 16, 16], "texture": "#0", "cullface": "down"}
			}
		},
		{
			"from": [0, 15, 0],
			"to": [16, 16, 16],
			"rotation": {"angle": 0, "axis": "y", "origin": [0, 15, 0]},
			"faces": {
				"north": {"uv": [0, 0, 16, 1], "texture": "#1", "cullface": "north"},
				"east": {"uv": [0, 0, 16, 1], "texture": "#1", "cullface": "east"},
				"south": {"uv": [0, 0, 16, 1], "texture": "#1", "cullface": "south"},
				"west": {"uv": [0, 0, 16, 1], "texture": "#1", "cullface": "west"},
				"up": {"uv": [0, 0, 16, 16], "texture": "#0", "cullface": "up"},
				"down": {"uv": [0, 0, 16, 16], "texture": "#0"}
			}
		},
		{
			"from": [0, 1, 0],
			"to": [1, 15, 1],
			"rotation": {"angle": 0, "axis": "y", "origin": [0, 1, 0]},
			"faces": {
				"north": {"uv": [15, 0, 16, 15], "texture": "#1", "cullface": "north"},
				"east": {"uv": [15, 0, 16, 15], "texture": "#1"},
				"south": {"uv": [16, 0, 15, 15], "texture": "#1"},
				"west": {"uv": [15, 0, 16, 15], "texture": "#1", "cullface": "west"}
			}
		},
		{
			"from": [15, 1, 0],
			"to": [16, 15, 1],
			"rotation": {"angle": 0, "axis": "y", "origin": [15, 1, 0]},
			"faces": {
				"north": {"uv": [15, 0, 16, 15], "texture": "#1", "cullface": "north"},
				"east": {"uv": [15, 0, 16, 15], "texture": "#1", "cullface": "east"},
				"south": {"uv": [16, 0, 15, 15], "texture": "#1"},
				"west": {"uv": [15, 0, 16, 15], "texture": "#1"}
			}
		},
		{
			"from": [15, 1, 15],
			"to": [16, 15, 16],
			"rotation": {"angle": 0, "axis": "y", "origin": [15, 1, 15]},
			"faces": {
				"north": {"uv": [15, 0, 16, 15], "texture": "#1"},
				"east": {"uv": [15, 0, 16, 15], "texture": "#1", "cullface": "east"},
				"south": {"uv": [16, 0, 15, 15], "texture": "#1", "cullface": "south"},
				"west": {"uv": [15, 0, 16, 15], "texture": "#1"}
			}
		},
		{
			"from": [1, 8, 0],
			"to": [15, 10, 1],
			"rotation": {"angle": 0, "axis": "z", "origin": [15, 8, 0]},
			"faces": {
				"north": {"uv": [15, 7, 1, 9], "texture": "#1", "cullface": "north"},
				"down": {"uv": [15, 7, 1, 8], "texture": "#1"}
			}
		},
		{
			"from": [1, 8, 15],
			"to": [15, 10, 16],
			"rotation": {"angle": 0, "axis": "y", "origin": [15, 8, 15]},
			"faces": {
				"south": {"uv": [15, 7, 1, 9], "texture": "#1", "cullface": "south"},
				"down": {"uv": [15, 7, 1, 8], "texture": "#1"}
			}
		},
		{
			"from": [15, 8, 1],
			"to": [16, 10, 15],
			"rotation": {"angle": 0, "axis": "y", "origin": [15, 8, 1]},
			"faces": {
				"east": {"uv": [15, 7, 1, 9], "texture": "#1", "cullface": "east"},
				"down": {"uv": [15, 7, 1, 8], "rotation": 90, "texture": "#1"}
			}
		},
		{
			"from": [0, 8, 1],
			"to": [1, 10, 15],
			"rotation": {"angle": 0, "axis": "y", "origin": [0, 8, 1]},
			"faces": {
				"west": {"uv": [15, 7, 1, 9], "texture": "#1", "cullface": "west"},
				"down": {"uv": [15, 7, 1, 8], "rotation": 90, "texture": "#1"}
			}
		},
		{
			"from": [0, 1, 15],
			"to": [1, 15, 16],
			"rotation": {"angle": 0, "axis": "y", "origin": [0, 1, 15]},
			"faces": {
				"north": {"uv": [15, 0, 16, 15], "texture": "#1"},
				"east": {"uv": [15, 0, 16, 15], "texture": "#1"},
				"south": {"uv": [16, 0, 15, 15], "texture": "#1", "cullface": "south"},
				"west": {"uv": [15, 0, 16, 15], "texture": "#1", "cullface": "west"}
			}
		},
		{
			"from": [1, 10, 1],
			"to": [15, 15, 15],
			"rotation": {"angle": 0, "axis": "y", "origin": [1, 10, 1]},
			"faces": {
				"north": {"uv": [1, 1, 15, 7], "texture": "#1"},
				"east": {"uv": [1, 1, 15, 7], "texture": "#1"},
				"south": {"uv": [1, 1, 15, 7], "texture": "#1"},
				"west": {"uv": [1, 1, 15, 7], "texture": "#1"}
			}
		},
		{
			"from": [1, 1, 1],
			"to": [15, 8, 15],
			"rotation": {"angle": 0, "axis": "y", "origin": [1, 1, 1]},
			"faces": {
				"north": {"uv": [1, 9, 15, 15], "texture": "#1"},
				"east": {"uv": [1, 9, 15, 15], "texture": "#1"},
				"south": {"uv": [1, 9, 15, 15], "texture": "#1"},
				"west": {"uv": [1, 9, 15, 15], "texture": "#1"}
			}
		},
		{
			"from": [0, 10, 1],
			"to": [1, 13.3125, 4],
			"rotation": {"angle": 0, "axis": "y", "origin": [0, 10, 1]},
			"faces": {
				"west": {"uv": [1, 3, 4, 7], "texture": "#1", "cullface": "west"},
				"up": {"uv": [1, 3, 4, 4], "rotation": 90, "texture": "#1"}
			}
		},
		{
			"from": [15, 10, 12],
			"to": [16, 13.3125, 15],
			"rotation": {"angle": 0, "axis": "y", "origin": [15, 10, 12]},
			"faces": {
				"east": {"uv": [1, 3, 4, 7], "texture": "#1", "cullface": "east"},
				"up": {"uv": [1, 3, 4, 4], "rotation": 270, "texture": "#1"}
			}
		},
		{
			"from": [1, 10, 15],
			"to": [4, 13.3125, 16],
			"rotation": {"angle": 0, "axis": "y", "origin": [1, 10, 16]},
			"faces": {
				"south": {"uv": [1, 3, 4, 7], "texture": "#1", "cullface": "south"},
				"up": {"uv": [1, 3, 4, 4], "texture": "#1"}
			}
		},
		{
			"from": [12, 10, 0],
			"to": [15, 13.3125, 1],
			"rotation": {"angle": 0, "axis": "y", "origin": [12, 10, 1]},
			"faces": {
				"north": {"uv": [1, 3, 4, 7], "texture": "#1", "cullface": "north"},
				"up": {"uv": [1, 3, 4, 4], "rotation": 180, "texture": "#1"}
			}
		},
		{
			"from": [4, 10, 15],
			"to": [6, 14.1875, 16],
			"rotation": {"angle": 0, "axis": "y", "origin": [3, 10, 16]},
			"faces": {
				"east": {"uv": [4, 2, 5, 7], "texture": "#1"},
				"south": {"uv": [4, 2, 6, 7], "texture": "#1", "cullface": "south"},
				"west": {"uv": [4, 2, 6, 7], "texture": "#1"},
				"up": {"uv": [4, 2, 6, 7], "rotation": 270, "texture": "#1"}
			}
		},
		{
			"from": [10, 10, 0],
			"to": [12, 14.1875, 1],
			"rotation": {"angle": 0, "axis": "y", "origin": [9, 10, 1]},
			"faces": {
				"north": {"uv": [4, 2, 6, 7], "texture": "#1", "cullface": "north"},
				"east": {"uv": [4, 2, 5, 7], "texture": "#1"},
				"west": {"uv": [4, 2, 6, 7], "texture": "#1"},
				"up": {"uv": [4, 2, 6, 7], "rotation": 270, "texture": "#1"}
			}
		},
		{
			"from": [0, 10, 4],
			"to": [1, 14.1875, 6],
			"rotation": {"angle": 0, "axis": "y", "origin": [0, 10, 3]},
			"faces": {
				"north": {"uv": [4, 2, 6, 7], "texture": "#1"},
				"south": {"uv": [4, 2, 5, 7], "texture": "#1"},
				"west": {"uv": [4, 2, 6, 7], "texture": "#1", "cullface": "west"},
				"up": {"uv": [4, 2, 6, 3], "texture": "#1"}
			}
		},
		{
			"from": [15, 10, 10],
			"to": [16, 14.1875, 12],
			"rotation": {"angle": 0, "axis": "y", "origin": [15, 10, 9]},
			"faces": {
				"north": {"uv": [4, 2, 6, 7], "texture": "#1"},
				"east": {"uv": [4, 2, 6, 7], "texture": "#1", "cullface": "east"},
				"south": {"uv": [4, 2, 5, 7], "texture": "#1"},
				"up": {"uv": [4, 2, 6, 3], "texture": "#1"}
			}
		},
		{
			"from": [0, 10, 6],
			"to": [1, 12.5, 8],
			"rotation": {"angle": 0, "axis": "y", "origin": [0, 10, 5]},
			"faces": {
				"west": {"uv": [6, 4, 8, 7], "texture": "#1", "cullface": "west"},
				"up": {"uv": [6, 5, 7, 7], "texture": "#1"}
			}
		},
		{
			"from": [15, 10, 8],
			"to": [16, 12.5, 10],
			"rotation": {"angle": 0, "axis": "y", "origin": [15, 10, 7]},
			"faces": {
				"east": {"uv": [6, 4, 8, 7], "texture": "#1", "cullface": "east"},
				"up": {"uv": [6, 5, 7, 7], "texture": "#1"}
			}
		},
		{
			"from": [6, 10, 15],
			"to": [8, 12.5, 16],
			"rotation": {"angle": 0, "axis": "y", "origin": [5, 10, 16]},
			"faces": {
				"south": {"uv": [6, 4, 8, 7], "texture": "#1", "cullface": "south"},
				"up": {"uv": [6, 5, 7, 7], "rotation": 270, "texture": "#1"}
			}
		},
		{
			"from": [8, 10, 0],
			"to": [10, 12.5, 1],
			"rotation": {"angle": 0, "axis": "y", "origin": [7, 10, 1]},
			"faces": {
				"north": {"uv": [6, 4, 8, 7], "texture": "#1", "cullface": "north"},
				"up": {"uv": [6, 5, 7, 7], "rotation": 270, "texture": "#1"}
			}
		},
		{
			"from": [8, 10, 15],
			"to": [9, 13.5, 16],
			"rotation": {"angle": 0, "axis": "y", "origin": [7, 10, 16]},
			"faces": {
				"south": {"uv": [8, 3, 9, 7], "texture": "#1", "cullface": "south"},
				"west": {"uv": [8, 4, 9, 5], "texture": "#1"},
				"up": {"uv": [7, 6, 8, 7], "rotation": 270, "texture": "#1"}
			}
		},
		{
			"from": [7, 10, 0],
			"to": [8, 13.5, 1],
			"rotation": {"angle": 0, "axis": "y", "origin": [6, 10, 1]},
			"faces": {
				"north": {"uv": [8, 3, 9, 7], "texture": "#1", "cullface": "north"},
				"east": {"uv": [8, 4, 9, 7], "texture": "#1"},
				"up": {"uv": [7, 6, 8, 7], "rotation": 270, "texture": "#1"}
			}
		},
		{
			"from": [0, 10, 8],
			"to": [1, 13.5, 9],
			"rotation": {"angle": 0, "axis": "y", "origin": [0, 10, 7]},
			"faces": {
				"north": {"uv": [8, 4, 9, 5], "texture": "#1"},
				"west": {"uv": [8, 3, 9, 7], "texture": "#1", "cullface": "west"},
				"up": {"uv": [7, 6, 8, 7], "texture": "#1"}
			}
		},
		{
			"from": [15, 10, 7],
			"to": [16, 13.5, 8],
			"rotation": {"angle": 0, "axis": "y", "origin": [15, 10, 6]},
			"faces": {
				"east": {"uv": [8, 3, 9, 7], "texture": "#1", "cullface": "east"},
				"south": {"uv": [8, 4, 9, 7], "texture": "#1"},
				"up": {"uv": [7, 6, 8, 7], "texture": "#1"}
			}
		},
		{
			"from": [0, 10, 11],
			"to": [1, 13.5, 12],
			"rotation": {"angle": 0, "axis": "y", "origin": [0, 10, 10]},
			"faces": {
				"west": {"uv": [11, 3, 12, 7], "texture": "#1", "cullface": "west"},
				"up": {"uv": [11, 3, 12, 4], "texture": "#1"}
			}
		},
		{
			"from": [15, 10, 4],
			"to": [16, 13.5, 5],
			"rotation": {"angle": 0, "axis": "y", "origin": [15, 10, 3]},
			"faces": {
				"east": {"uv": [11, 3, 12, 7], "texture": "#1", "cullface": "east"},
				"up": {"uv": [11, 3, 12, 4], "texture": "#1"}
			}
		},
		{
			"from": [11, 10, 15],
			"to": [12, 13.5, 16],
			"rotation": {"angle": 0, "axis": "y", "origin": [10, 10, 16]},
			"faces": {
				"south": {"uv": [11, 3, 12, 7], "texture": "#1", "cullface": "south"},
				"up": {"uv": [11, 3, 12, 4], "rotation": 270, "texture": "#1"}
			}
		},
		{
			"from": [4, 10, 0],
			"to": [5, 13.5, 1],
			"rotation": {"angle": 0, "axis": "y", "origin": [3, 10, 1]},
			"faces": {
				"north": {"uv": [11, 3, 12, 7], "texture": "#1", "cullface": "north"},
				"up": {"uv": [11, 3, 12, 4], "rotation": 270, "texture": "#1"}
			}
		},
		{
			"from": [0, 10, 14],
			"to": [1, 13.5, 15],
			"rotation": {"angle": 0, "axis": "y", "origin": [0, 10, 13]},
			"faces": {
				"west": {"uv": [14, 3, 15, 7], "texture": "#1", "cullface": "west"},
				"up": {"uv": [14, 3, 15, 4], "texture": "#1"}
			}
		},
		{
			"from": [15, 10, 1],
			"to": [16, 13.5, 2],
			"rotation": {"angle": 0, "axis": "y", "origin": [15, 10, 0]},
			"faces": {
				"east": {"uv": [14, 3, 15, 7], "texture": "#1", "cullface": "east"},
				"up": {"uv": [14, 3, 15, 4], "texture": "#1"}
			}
		},
		{
			"from": [14, 10, 15],
			"to": [15, 13.5, 16],
			"rotation": {"angle": 0, "axis": "y", "origin": [13, 10, 16]},
			"faces": {
				"south": {"uv": [14, 3, 15, 7], "texture": "#1", "cullface": "south"},
				"up": {"uv": [14, 3, 15, 4], "rotation": 270, "texture": "#1"}
			}
		},
		{
			"from": [1, 10, 0],
			"to": [2, 13.5, 1],
			"rotation": {"angle": 0, "axis": "y", "origin": [0, 10, 1]},
			"faces": {
				"north": {"uv": [14, 3, 15, 7], "texture": "#1", "cullface": "north"},
				"up": {"uv": [14, 3, 15, 4], "rotation": 270, "texture": "#1"}
			}
		},
		{
			"from": [0, 10, 9],
			"to": [1, 14.5, 11],
			"rotation": {"angle": 0, "axis": "y", "origin": [0, 10, 8]},
			"faces": {
				"north": {"uv": [9, 2, 11, 7], "texture": "#1"},
				"south": {"uv": [9, 2, 11, 7], "texture": "#1"},
				"west": {"uv": [9, 2, 11, 7], "texture": "#1", "cullface": "west"},
				"up": {"uv": [9, 6, 11, 7], "texture": "#1"}
			}
		},
		{
			"from": [15, 10, 5],
			"to": [16, 14.5, 7],
			"rotation": {"angle": 0, "axis": "y", "origin": [15, 10, 4]},
			"faces": {
				"north": {"uv": [9, 2, 11, 7], "texture": "#1"},
				"east": {"uv": [9, 2, 11, 7], "texture": "#1", "cullface": "east"},
				"south": {"uv": [9, 2, 11, 7], "texture": "#1"},
				"up": {"uv": [9, 6, 11, 7], "texture": "#1"}
			}
		},
		{
			"from": [9, 10, 15],
			"to": [11, 14.5, 16],
			"rotation": {"angle": 0, "axis": "y", "origin": [8, 10, 16]},
			"faces": {
				"east": {"uv": [9, 2, 11, 7], "texture": "#1"},
				"south": {"uv": [9, 2, 11, 7], "texture": "#1", "cullface": "south"},
				"west": {"uv": [9, 2, 11, 7], "texture": "#1"},
				"up": {"uv": [9, 6, 11, 7], "rotation": 270, "texture": "#1"}
			}
		},
		{
			"from": [5, 10, 0],
			"to": [7, 14.5, 1],
			"rotation": {"angle": 0, "axis": "y", "origin": [4, 10, 1]},
			"faces": {
				"north": {"uv": [9, 2, 11, 7], "texture": "#1", "cullface": "north"},
				"east": {"uv": [9, 2, 11, 7], "texture": "#1"},
				"west": {"uv": [9, 2, 11, 7], "texture": "#1"},
				"up": {"uv": [9, 6, 11, 7], "rotation": 270, "texture": "#1"}
			}
		},
		{
			"from": [0, 10, 12],
			"to": [1, 14.9375, 14],
			"rotation": {"angle": 0, "axis": "y", "origin": [0, 10, 11]},
			"faces": {
				"north": {"uv": [12, 1, 13, 7], "texture": "#1"},
				"south": {"uv": [12, 1, 13, 7], "texture": "#1"},
				"west": {"uv": [12, 1, 14, 7], "texture": "#1", "cullface": "west"},
				"up": {"uv": [12, 1, 14, 7], "texture": "#1"}
			}
		},
		{
			"from": [15, 10, 2],
			"to": [16, 14.9375, 4],
			"rotation": {"angle": 0, "axis": "y", "origin": [15, 10, 1]},
			"faces": {
				"north": {"uv": [12, 1, 13, 7], "texture": "#1"},
				"east": {"uv": [12, 1, 14, 7], "texture": "#1", "cullface": "east"},
				"south": {"uv": [12, 1, 13, 7], "texture": "#1"},
				"up": {"uv": [12, 1, 14, 7], "texture": "#1"}
			}
		},
		{
			"from": [12, 10, 15],
			"to": [14, 14.9375, 16],
			"rotation": {"angle": 0, "axis": "y", "origin": [11, 10, 16]},
			"faces": {
				"east": {"uv": [12, 1, 13, 7], "texture": "#1"},
				"south": {"uv": [12, 1, 14, 7], "texture": "#1", "cullface": "south"},
				"west": {"uv": [12, 1, 13, 7], "texture": "#1"},
				"up": {"uv": [12, 1, 14, 7], "rotation": 270, "texture": "#1"}
			}
		},
		{
			"from": [2, 10, 0],
			"to": [4, 14.9375, 1],
			"rotation": {"angle": 0, "axis": "y", "origin": [1, 10, 1]},
			"faces": {
				"north": {"uv": [12, 1, 14, 7], "texture": "#1", "cullface": "north"},
				"east": {"uv": [12, 1, 13, 7], "texture": "#1"},
				"west": {"uv": [12, 1, 13, 7], "texture": "#1"},
				"up": {"uv": [12, 1, 14, 7], "rotation": 270, "texture": "#1"}
			}
		},
		{
			"from": [13, 1, 0],
			"to": [15, 7, 1],
			"rotation": {"angle": 0, "axis": "y", "origin": [15, 1, -1]},
			"faces": {
				"north": {"uv": [1, 10, 3, 15], "texture": "#1", "cullface": "north"},
				"west": {"uv": [1, 10, 3, 15], "texture": "#1"},
				"up": {"uv": [1, 12, 2, 13], "rotation": 90, "texture": "#1"}
			}
		},
		{
			"from": [1, 1, 15],
			"to": [3, 7, 16],
			"rotation": {"angle": 0, "axis": "y", "origin": [3, 1, 14]},
			"faces": {
				"east": {"uv": [1, 10, 3, 15], "texture": "#1"},
				"south": {"uv": [1, 10, 3, 15], "texture": "#1", "cullface": "south"},
				"up": {"uv": [1, 12, 2, 13], "rotation": 90, "texture": "#1"}
			}
		},
		{
			"from": [0, 1, 1],
			"to": [1, 7, 3],
			"rotation": {"angle": 0, "axis": "y", "origin": [-1, 1, 1]},
			"faces": {
				"south": {"uv": [1, 10, 3, 15], "texture": "#1"},
				"west": {"uv": [1, 10, 3, 15], "texture": "#1", "cullface": "west"},
				"up": {"uv": [1, 10, 2, 11], "texture": "#1"}
			}
		},
		{
			"from": [15, 1, 13],
			"to": [16, 7, 15],
			"rotation": {"angle": 0, "axis": "y", "origin": [14, 1, 13]},
			"faces": {
				"north": {"uv": [1, 10, 3, 15], "texture": "#1"},
				"east": {"uv": [1, 10, 3, 15], "texture": "#1", "cullface": "east"},
				"up": {"uv": [1, 10, 2, 11], "texture": "#1"}
			}
		},
		{
			"from": [14, 1, 10],
			"to": [16, 7, 12],
			"rotation": {"angle": 0, "axis": "y", "origin": [14, 1, 10]},
			"faces": {
				"east": {"uv": [4, 10, 6, 15], "texture": "#1", "cullface": "east"},
				"south": {"uv": [4, 10, 6, 15], "texture": "#1"},
				"up": {"uv": [4, 14, 6, 15], "texture": "#1"}
			}
		},
		{
			"from": [10, 1, 0],
			"to": [12, 7, 1],
			"rotation": {"angle": 0, "axis": "y", "origin": [10, 1, 0]},
			"faces": {
				"north": {"uv": [4, 10, 6, 15], "texture": "#1", "cullface": "north"},
				"east": {"uv": [4, 10, 6, 15], "texture": "#1"},
				"up": {"uv": [4, 14, 6, 15], "texture": "#1"}
			}
		},
		{
			"from": [4, 1, 15],
			"to": [6, 7, 16],
			"rotation": {"angle": 0, "axis": "y", "origin": [4, 1, 15]},
			"faces": {
				"south": {"uv": [4, 10, 6, 15], "texture": "#1", "cullface": "south"},
				"west": {"uv": [4, 10, 5, 15], "texture": "#1"},
				"up": {"uv": [4, 14, 6, 15], "texture": "#1"}
			}
		},
		{
			"from": [3, 1, 0],
			"to": [5, 7, 1],
			"rotation": {"angle": 0, "axis": "y", "origin": [3, 1, 0]},
			"faces": {
				"north": {"uv": [11, 10, 13, 15], "texture": "#1", "cullface": "north"},
				"east": {"uv": [11, 10, 13, 15], "texture": "#1"},
				"west": {"uv": [11, 10, 13, 15], "texture": "#1"},
				"up": {"uv": [11, 14, 13, 15], "texture": "#1"}
			}
		},
		{
			"from": [11, 1, 15],
			"to": [13, 7, 16],
			"rotation": {"angle": 0, "axis": "y", "origin": [11, 1, 15]},
			"faces": {
				"east": {"uv": [11, 10, 13, 15], "texture": "#1"},
				"south": {"uv": [11, 10, 13, 15], "texture": "#1", "cullface": "south"},
				"west": {"uv": [11, 10, 13, 15], "texture": "#1"},
				"up": {"uv": [11, 14, 13, 15], "texture": "#1"}
			}
		},
		{
			"from": [0, 1, 11],
			"to": [2, 7, 13],
			"rotation": {"angle": 0, "axis": "y", "origin": [0, 1, 11]},
			"faces": {
				"north": {"uv": [11, 10, 13, 15], "texture": "#1"},
				"south": {"uv": [11, 10, 13, 15], "texture": "#1"},
				"west": {"uv": [11, 10, 13, 15], "texture": "#1", "cullface": "west"},
				"up": {"uv": [11, 14, 13, 15], "texture": "#1"}
			}
		},
		{
			"from": [14, 1, 3],
			"to": [16, 7, 5],
			"rotation": {"angle": 0, "axis": "y", "origin": [14, 1, 3]},
			"faces": {
				"north": {"uv": [11, 10, 13, 15], "texture": "#1"},
				"east": {"uv": [11, 10, 13, 15], "texture": "#1", "cullface": "east"},
				"south": {"uv": [11, 10, 13, 15], "texture": "#1"},
				"up": {"uv": [11, 14, 13, 15], "texture": "#1"}
			}
		},
		{
			"from": [0, 1, 9],
			"to": [2, 6, 11],
			"rotation": {"angle": 0, "axis": "y", "origin": [0, 1, 9]},
			"faces": {
				"west": {"uv": [9, 11, 11, 15], "texture": "#1", "cullface": "west"},
				"up": {"uv": [9, 13, 11, 14], "texture": "#1"}
			}
		},
		{
			"from": [14, 1, 5],
			"to": [16, 6, 7],
			"rotation": {"angle": 0, "axis": "y", "origin": [14, 1, 5]},
			"faces": {
				"east": {"uv": [9, 11, 11, 15], "texture": "#1", "cullface": "east"},
				"up": {"uv": [9, 13, 11, 14], "texture": "#1"}
			}
		},
		{
			"from": [5, 1, 0],
			"to": [7, 6, 1],
			"rotation": {"angle": 0, "axis": "y", "origin": [5, 1, 0]},
			"faces": {
				"north": {"uv": [9, 11, 11, 15], "texture": "#1", "cullface": "north"},
				"up": {"uv": [9, 13, 11, 14], "texture": "#1"}
			}
		},
		{
			"from": [9, 1, 15],
			"to": [11, 6, 16],
			"rotation": {"angle": 0, "axis": "y", "origin": [9, 1, 15]},
			"faces": {
				"south": {"uv": [9, 11, 11, 15], "texture": "#1", "cullface": "south"},
				"up": {"uv": [9, 13, 11, 14], "texture": "#1"}
			}
		},
		{
			"from": [0, 1, 13],
			"to": [1, 6, 15],
			"rotation": {"angle": 0, "axis": "y", "origin": [0, 1, 13]},
			"faces": {
				"west": {"uv": [13, 11, 15, 15], "texture": "#1", "cullface": "west"},
				"up": {"uv": [13, 13, 15, 14], "texture": "#1"}
			}
		},
		{
			"from": [15, 1, 1],
			"to": [16, 6, 3],
			"rotation": {"angle": 0, "axis": "y", "origin": [15, 1, 1]},
			"faces": {
				"east": {"uv": [13, 11, 15, 15], "texture": "#1", "cullface": "east"},
				"up": {"uv": [13, 13, 15, 14], "texture": "#1"}
			}
		},
		{
			"from": [1, 1, 0],
			"to": [3, 6, 1],
			"rotation": {"angle": 0, "axis": "y", "origin": [1, 1, 0]},
			"faces": {
				"north": {"uv": [13, 11, 15, 15], "texture": "#1", "cullface": "north"},
				"up": {"uv": [13, 13, 15, 14], "texture": "#1"}
			}
		},
		{
			"from": [13, 1, 15],
			"to": [15, 6, 16],
			"rotation": {"angle": 0, "axis": "y", "origin": [13, 1, 15]},
			"faces": {
				"south": {"uv": [13, 11, 15, 15], "texture": "#1", "cullface": "south"},
				"up": {"uv": [13, 13, 15, 14], "texture": "#1"}
			}
		},
		{
			"from": [0, 1, 4],
			"to": [2, 7, 6],
			"rotation": {"angle": 0, "axis": "y", "origin": [0, 1, 4]},
			"faces": {
				"north": {"uv": [4, 10, 6, 15], "texture": "#1"},
				"west": {"uv": [4, 10, 6, 15], "texture": "#1", "cullface": "west"},
				"up": {"uv": [4, 14, 6, 15], "texture": "#1"}
			}
		},
		{
			"from": [0, 1, 6],
			"to": [1, 8, 8],
			"rotation": {"angle": 0, "axis": "y", "origin": [0, 1, 6]},
			"faces": {
				"north": {"uv": [6, 9, 8, 15], "texture": "#1"},
				"south": {"uv": [6, 9, 8, 15], "texture": "#1"},
				"west": {"uv": [6, 9, 8, 15], "texture": "#1", "cullface": "west"}
			}
		},
		{
			"from": [15, 1, 8],
			"to": [16, 8, 10],
			"rotation": {"angle": 0, "axis": "y", "origin": [15, 1, 8]},
			"faces": {
				"north": {"uv": [6, 9, 8, 15], "texture": "#1"},
				"east": {"uv": [6, 9, 8, 15], "texture": "#1", "cullface": "east"},
				"south": {"uv": [6, 9, 8, 15], "texture": "#1"}
			}
		},
		{
			"from": [8, 1, 0],
			"to": [10, 8, 1],
			"rotation": {"angle": 0, "axis": "y", "origin": [10, 1, 0]},
			"faces": {
				"north": {"uv": [6, 9, 8, 15], "texture": "#1", "cullface": "north"},
				"east": {"uv": [6, 9, 8, 15], "texture": "#1"},
				"west": {"uv": [6, 9, 8, 15], "texture": "#1"}
			}
		},
		{
			"from": [6, 1, 15],
			"to": [8, 8, 16],
			"rotation": {"angle": 0, "axis": "y", "origin": [8, 1, 15]},
			"faces": {
				"east": {"uv": [6, 9, 8, 15], "texture": "#1"},
				"south": {"uv": [6, 9, 8, 15], "texture": "#1", "cullface": "south"},
				"west": {"uv": [6, 9, 8, 15], "texture": "#1"}
			}
		},
		{
			"from": [0, 1, 3],
			"to": [2, 6, 4],
			"rotation": {"angle": 0, "axis": "y", "origin": [0, 1, 3]},
			"faces": {
				"west": {"uv": [3, 11, 4, 15], "texture": "#1", "cullface": "west"},
				"up": {"uv": [3, 11, 4, 12], "texture": "#1"}
			}
		},
		{
			"from": [14, 1, 12],
			"to": [16, 6, 13],
			"rotation": {"angle": 0, "axis": "y", "origin": [14, 1, 12]},
			"faces": {
				"east": {"uv": [3, 11, 4, 15], "texture": "#1", "cullface": "east"},
				"up": {"uv": [3, 11, 4, 12], "texture": "#1"}
			}
		},
		{
			"from": [12, 1, 0],
			"to": [13, 6, 1],
			"rotation": {"angle": 0, "axis": "y", "origin": [12, 1, 0]},
			"faces": {
				"north": {"uv": [3, 11, 4, 15], "texture": "#1", "cullface": "north"},
				"up": {"uv": [3, 11, 4, 12], "texture": "#1"}
			}
		},
		{
			"from": [3, 1, 15],
			"to": [4, 6, 16],
			"rotation": {"angle": 0, "axis": "y", "origin": [3, 1, 15]},
			"faces": {
				"south": {"uv": [3, 11, 4, 15], "texture": "#1", "cullface": "south"},
				"up": {"uv": [3, 11, 4, 12], "texture": "#1"}
			}
		},
		{
			"from": [0, 1, 8],
			"to": [2, 7, 9],
			"rotation": {"angle": 0, "axis": "y", "origin": [0, 1, 8]},
			"faces": {
				"south": {"uv": [8, 10, 9, 15], "texture": "#1"},
				"west": {"uv": [8, 10, 9, 15], "texture": "#1", "cullface": "west"},
				"up": {"uv": [8, 10, 9, 11], "texture": "#1"}
			}
		},
		{
			"from": [14, 1, 7],
			"to": [16, 7, 8],
			"rotation": {"angle": 0, "axis": "y", "origin": [14, 1, 7]},
			"faces": {
				"north": {"uv": [8, 10, 9, 15], "texture": "#1"},
				"east": {"uv": [8, 10, 9, 15], "texture": "#1", "cullface": "east"},
				"up": {"uv": [8, 10, 9, 11], "texture": "#1"}
			}
		},
		{
			"from": [7, 1, 0],
			"to": [8, 7, 1],
			"rotation": {"angle": 0, "axis": "y", "origin": [7, 1, 0]},
			"faces": {
				"north": {"uv": [8, 10, 9, 15], "texture": "#1", "cullface": "north"},
				"west": {"uv": [8, 10, 9, 15], "texture": "#1"},
				"up": {"uv": [8, 10, 9, 11], "texture": "#1"}
			}
		},
		{
			"from": [8, 1, 15],
			"to": [9, 7, 16],
			"rotation": {"angle": 0, "axis": "y", "origin": [8, 1, 15]},
			"faces": {
				"east": {"uv": [8, 10, 9, 15], "texture": "#1"},
				"south": {"uv": [8, 10, 9, 15], "texture": "#1", "cullface": "south"},
				"up": {"uv": [8, 10, 9, 11], "texture": "#1"}
			}
		}
	],
	"display": {
		"thirdperson_righthand": {
			"rotation": [75, 45, 0],
			"translation": [0, 2.5, 0],
			"scale": [0.375, 0.375, 0.375]
		},
		"thirdperson_lefthand": {
			"rotation": [75, 45, 0],
			"translation": [0, 2.5, 0],
			"scale": [0.375, 0.375, 0.375]
		},
		"firstperson_righthand": {
			"rotation": [0, 45, 0],
			"scale": [0.4, 0.4, 0.4]
		},
		"firstperson_lefthand": {
			"rotation": [0, 225, 0],
			"scale": [0.4, 0.4, 0.4]
		},
		"ground": {
			"translation": [0, 3, 0],
			"scale": [0.25, 0.25, 0.25]
		},
		"gui": {
			"rotation": [30, 225, 0],
			"scale": [0.625, 0.625, 0.625]
		},
		"fixed": {
			"scale": [0.5, 0.5, 0.5]
		}
	}
}