{
	"credit": "Made by sniffercraft34",
	"ambientocclusion": false,
	"textures": {
		"0": "block/cartography_table_side2",
		"1": "block/cartography_table_side1",
		"2": "block/cartography_table_side3",
		"3": "block/cartography_table_top",
		"particle": "block/cartography_table_side2"
	},
	"elements": [
		{
			"from": [0, 0, 0],
			"to": [16, 1, 16],
			"faces": {
				"north": {"uv": [0, 15, 16, 16], "texture": "#2", "cullface": "north"},
				"east": {"uv": [0, 15, 16, 16], "texture": "#2", "cullface": "east"},
				"south": {"uv": [0, 15, 16, 16], "texture": "#1", "cullface": "south"},
				"west": {"uv": [0, 15, 16, 16], "texture": "#0", "cullface": "west"},
				"up": {"uv": [0, 0, 16, 16], "texture": "#2"},
				"down": {"uv": [0, 0, 16, 16], "rotation": 270, "texture": "#2", "cullface": "down"}
			}
		},
		{
			"from": [0, 15, 0],
			"to": [16, 16, 10],
			"rotation": {"angle": 0, "axis": "y", "origin": [0, 15, 0]},
			"faces": {
				"north": {"uv": [0, 0, 16, 1], "texture": "#2", "cullface": "north"},
				"east": {"uv": [11, 0, 16, 1], "texture": "#2", "cullface": "east"},
				"south": {"uv": [0, 15, 16, 16], "texture": "#1"},
				"west": {"uv": [0, 0, 11, 1], "texture": "#0", "cullface": "west"},
				"up": {"uv": [5, 16, 16, 0], "rotation": 270, "texture": "#3", "cullface": "up"},
				"down": {"uv": [0, 0, 16, 16], "rotation": 270, "texture": "#2"}
			}
		},
		{
			"from": [5, 15, 10],
			"to": [16, 16, 16],
			"rotation": {"angle": 0, "axis": "y", "origin": [0, 15, 10]},
			"faces": {
				"east": {"uv": [11, 0, 16, 1], "texture": "#2", "cullface": "east"},
				"south": {"uv": [0, 15, 16, 16], "texture": "#1", "cullface": "south"},
				"west": {"uv": [0, 0, 11, 1], "texture": "#0"},
				"up": {"uv": [0, 11, 5, 0], "rotation": 270, "texture": "#3", "cullface": "up"},
				"down": {"uv": [0, 0, 16, 16], "rotation": 270, "texture": "#2"}
			}
		},
		{
			"from": [0, 1, 0],
			"to": [1, 15, 10],
			"rotation": {"angle": 0, "axis": "z", "origin": [1, 0, 0]},
			"faces": {
				"north": {"uv": [0, 15, 16, 16], "rotation": 90, "texture": "#2", "cullface": "north"},
				"east": {"uv": [0, 0, 16, 16], "rotation": 180, "texture": "#2"},
				"south": {"uv": [0, 15, 16, 16], "rotation": 270, "texture": "#1"},
				"west": {"uv": [0, 1, 11, 15], "texture": "#0", "cullface": "west"}
			}
		},
		{
			"from": [0, 1, 10],
			"to": [1, 10, 15],
			"rotation": {"angle": 0, "axis": "y", "origin": [1, 0, 10]},
			"faces": {
				"east": {"uv": [0, 0, 16, 16], "rotation": 180, "texture": "#2"},
				"west": {"uv": [11, 6, 15, 15], "texture": "#0", "cullface": "west"},
				"up": {"uv": [0, 15, 16, 16], "rotation": 270, "texture": "#2"}
			}
		},
		{
			"from": [1, 1, 0],
			"to": [16, 15, 1],
			"rotation": {"angle": 0, "axis": "y", "origin": [1, 1, 0]},
			"faces": {
				"north": {"uv": [0, 1, 15, 15], "texture": "#2", "cullface": "north"},
				"east": {"uv": [15, 1, 16, 15], "texture": "#2", "cullface": "east"},
				"south": {"uv": [0, 0, 15, 14], "texture": "#missing"}
			}
		},
		{
			"from": [15, 1, 1],
			"to": [16, 15, 15],
			"rotation": {"angle": 0, "axis": "y", "origin": [14, 1, 1]},
			"faces": {
				"east": {"uv": [1, 1, 15, 15], "texture": "#2", "cullface": "east"},
				"west": {"uv": [0, 0, 14, 14], "texture": "#missing"}
			}
		},
		{
			"from": [5, 1, 15],
			"to": [16, 15, 16],
			"rotation": {"angle": 0, "axis": "y", "origin": [13, 1, 14]},
			"faces": {
				"north": {"uv": [0, 0, 11, 14], "texture": "#missing"},
				"east": {"uv": [0, 0, 1, 14], "texture": "#2", "cullface": "east"},
				"south": {"uv": [5, 1, 16, 15], "texture": "#1", "cullface": "south"},
				"west": {"uv": [0, 0, 1, 14], "texture": "#2"}
			}
		},
		{
			"from": [0, 1, 15],
			"to": [5, 10, 16],
			"rotation": {"angle": 0, "axis": "y", "origin": [2, 1, 14]},
			"faces": {
				"north": {"uv": [0, 0, 11, 14], "texture": "#missing"},
				"south": {"uv": [0, 6, 6, 15], "texture": "#1", "cullface": "south"},
				"west": {"uv": [15, 5, 16, 15], "texture": "#0", "cullface": "west"},
				"up": {"uv": [0, 0, 5, 1], "texture": "#2"}
			}
		},
		{
			"from": [1, 10, 10],
			"to": [5, 15, 15],
			"rotation": {"angle": 0, "axis": "y", "origin": [1, 10, 11]},
			"faces": {
				"north": {"uv": [0, 0, 4, 5], "texture": "#missing"},
				"east": {"uv": [0, 0, 5, 5], "texture": "#missing"},
				"south": {"uv": [0, 0, 5, 5], "texture": "#1"},
				"west": {"uv": [11, 0, 16, 5], "texture": "#0"},
				"up": {"uv": [0, 11, 5, 16], "texture": "#3"},
				"down": {"uv": [0, 0, 4, 5], "texture": "#missing"}
			}
		},
		{
			"from": [10, 16, 8.9375],
			"to": [14, 17, 13.5625],
			"rotation": {"angle": 0, "axis": "y", "origin": [10, 16, 11.5625]},
			"faces": {
				"north": {"uv": [2.0625, 5.1875, 6.0625, 6], "texture": "#3", "cullface": "up"},
				"east": {"uv": [2.0625, 5.1875, 6.0625, 6], "texture": "#3", "cullface": "up"},
				"south": {"uv": [2.0625, 5.1875, 6.0625, 6], "texture": "#3", "cullface": "up"},
				"west": {"uv": [2.0625, 5.1875, 6.0625, 6], "texture": "#3", "cullface": "up"},
				"up": {"uv": [2.0625, 2.1875, 6.0625, 6], "texture": "#3", "cullface": "up"}
			}
		},
		{
			"from": [3.75, 16, 3.75],
			"to": [12.75, 17.4375, 6.25],
			"rotation": {"angle": 0, "axis": "y", "origin": [3.75, 16, 3.75]},
			"faces": {
				"north": {"uv": [9, 11, 12.125, 11.875], "rotation": 90, "texture": "#3", "cullface": "up"},
				"east": {"uv": [9, 3, 12.125, 3.875], "rotation": 180, "texture": "#3", "cullface": "up"},
				"south": {"uv": [9, 10, 11.125, 10.875], "rotation": 90, "texture": "#3", "cullface": "up"},
				"west": {"uv": [9, 11, 12.125, 11.875], "rotation": 90, "texture": "#3", "cullface": "up"},
				"up": {"uv": [9, 3, 12.125, 11.875], "rotation": 90, "texture": "#3", "cullface": "up"}
			}
		},
		{
			"from": [12.75, 16, 3.75],
			"to": [13.875, 17.4375, 5.25],
			"rotation": {"angle": 0, "axis": "y", "origin": [5.75, 16, 2.75]},
			"faces": {
				"east": {"uv": [9, 11, 12.125, 11.875], "rotation": 90, "texture": "#3", "cullface": "up"},
				"south": {"uv": [9, 11, 12.125, 11.875], "rotation": 90, "texture": "#3", "cullface": "up"},
				"up": {"uv": [9, 11, 12.125, 11.875], "rotation": 90, "texture": "#3", "cullface": "up"}
			}
		},
		{
			"from": [4.6875, 16, 6.1875],
			"to": [11.75, 17.4375, 7.25],
			"rotation": {"angle": 0, "axis": "y", "origin": [3.75, 16, 6.1875]},
			"faces": {
				"east": {"uv": [8, 4, 8.9375, 10.875], "rotation": 90, "texture": "#3", "cullface": "up"},
				"south": {"uv": [8, 4, 8.9375, 10.875], "rotation": 90, "texture": "#3", "cullface": "up"},
				"west": {"uv": [8, 4, 8.9375, 10.875], "rotation": 90, "texture": "#3", "cullface": "up"},
				"up": {"uv": [8, 4, 8.9375, 10.875], "rotation": 90, "texture": "#3", "cullface": "up"}
			}
		},
		{
			"from": [5, 15.875, 1],
			"to": [14, 17.4375, 3.8125],
			"rotation": {"angle": 0, "axis": "y", "origin": [5, 17, 1]},
			"faces": {
				"north": {"uv": [15, 2, 14, 10.625], "rotation": 90, "texture": "#3", "cullface": "up"},
				"east": {"uv": [15, 4, 14, 9.625], "rotation": 90, "texture": "#3", "cullface": "up"},
				"south": {"uv": [15, 4, 14, 9.625], "rotation": 90, "texture": "#3", "cullface": "up"},
				"west": {"uv": [15, 10, 14, 10.625], "rotation": 90, "texture": "#3", "cullface": "up"},
				"up": {"uv": [15, 2, 12, 10.625], "rotation": 90, "texture": "#3", "cullface": "up"}
			}
		},
		{
			"from": [-1, 1.8125, 3.625],
			"to": [0, 3.0625, 6.5625],
			"rotation": {"angle": 0, "axis": "y", "origin": [-1, 1.8125, 3.75]},
			"faces": {
				"north": {"uv": [6, 13.1875, 7, 13.9375], "rotation": 90, "texture": "#0", "cullface": "west"},
				"south": {"uv": [5, 13.1875, 4, 13.9375], "rotation": 90, "texture": "#0", "cullface": "west"},
				"west": {"uv": [7, 13.1875, 4, 13.9375], "texture": "#0", "cullface": "west"},
				"up": {"uv": [7, 13.1875, 4, 13.9375], "rotation": 90, "texture": "#0", "cullface": "west"},
				"down": {"uv": [7, 13.1875, 4, 13.9375], "rotation": 90, "texture": "#0", "cullface": "west"}
			}
		},
		{
			"from": [-1, 1.8125, 7.1875],
			"to": [0, 3.0625, 10.125],
			"rotation": {"angle": 0, "axis": "y", "origin": [-1, 1.8125, 7.3125]},
			"faces": {
				"north": {"uv": [6, 13.1875, 7, 13.9375], "rotation": 90, "texture": "#0", "cullface": "west"},
				"south": {"uv": [5, 13.1875, 4, 13.9375], "rotation": 90, "texture": "#0", "cullface": "west"},
				"west": {"uv": [7, 13.1875, 4, 13.9375], "texture": "#0", "cullface": "west"},
				"up": {"uv": [7, 13.1875, 4, 13.9375], "rotation": 90, "texture": "#0", "cullface": "west"},
				"down": {"uv": [7, 13.1875, 4, 13.9375], "rotation": 90, "texture": "#0", "cullface": "west"}
			}
		},
		{
			"from": [-1, 3, 3.5625],
			"to": [0, 4.9375, 4.8125],
			"rotation": {"angle": 0, "axis": "x", "origin": [-1, 5.8125, 3.5625]},
			"faces": {
				"north": {"uv": [7, 13.1875, 4, 13.9375], "rotation": 270, "texture": "#0", "cullface": "west"},
				"south": {"uv": [7, 13.1875, 4, 13.9375], "rotation": 90, "texture": "#0", "cullface": "west"},
				"west": {"uv": [5, 11.1875, 4, 12.9375], "texture": "#0", "cullface": "west"},
				"up": {"uv": [6, 13.1875, 7, 13.9375], "rotation": 270, "texture": "#0", "cullface": "west"},
				"down": {"uv": [5, 13.1875, 4, 13.9375], "rotation": 90, "texture": "#0", "cullface": "west"}
			}
		},
		{
			"from": [-1, 3, 7.25],
			"to": [0, 4.9375, 8.5],
			"rotation": {"angle": 0, "axis": "y", "origin": [-1, 5.8125, 7.25]},
			"faces": {
				"north": {"uv": [7, 13.1875, 4, 13.9375], "rotation": 270, "texture": "#0", "cullface": "west"},
				"south": {"uv": [7, 13.1875, 4, 13.9375], "rotation": 90, "texture": "#0", "cullface": "west"},
				"west": {"uv": [5, 11.1875, 4, 12.9375], "texture": "#0", "cullface": "west"},
				"up": {"uv": [6, 13.1875, 7, 13.9375], "rotation": 270, "texture": "#0", "cullface": "west"}
			}
		},
		{
			"from": [-1, 3, 5.375],
			"to": [0, 4.9375, 6.625],
			"rotation": {"angle": 0, "axis": "y", "origin": [-1, 5.8125, 5.375]},
			"faces": {
				"north": {"uv": [7, 13.1875, 4, 13.9375], "rotation": 270, "texture": "#0", "cullface": "west"},
				"south": {"uv": [7, 13.1875, 4, 13.9375], "rotation": 90, "texture": "#0", "cullface": "west"},
				"west": {"uv": [5, 11.1875, 4, 12.9375], "texture": "#0", "cullface": "west"},
				"up": {"uv": [6, 13.1875, 7, 13.9375], "rotation": 270, "texture": "#0", "cullface": "west"},
				"down": {"uv": [5, 13.1875, 4, 13.9375], "rotation": 90, "texture": "#0", "cullface": "west"}
			}
		},
		{
			"from": [-1, 3, 8.8125],
			"to": [0, 4.9375, 10.0625],
			"rotation": {"angle": 0, "axis": "y", "origin": [-1, 5.8125, 8.8125]},
			"faces": {
				"north": {"uv": [7, 13.1875, 4, 13.9375], "rotation": 270, "texture": "#0", "cullface": "west"},
				"south": {"uv": [7, 13.1875, 4, 13.9375], "rotation": 90, "texture": "#0", "cullface": "west"},
				"west": {"uv": [5, 11.1875, 4, 12.9375], "texture": "#0", "cullface": "west"},
				"up": {"uv": [6, 13.1875, 7, 13.9375], "rotation": 270, "texture": "#0", "cullface": "west"}
			}
		},
		{
			"from": [-1, 3.6875, 4.8125],
			"to": [0, 5, 5.5],
			"rotation": {"angle": 0, "axis": "x", "origin": [-1, 3.6875, 3.625]},
			"faces": {
				"north": {"uv": [6, 13.1875, 7, 13.9375], "rotation": 90, "texture": "#0", "cullface": "west"},
				"south": {"uv": [5, 13.1875, 4, 13.9375], "rotation": 90, "texture": "#0", "cullface": "west"},
				"west": {"uv": [6, 11.1875, 5, 11.9375], "rotation": 270, "texture": "#0", "cullface": "west"},
				"down": {"uv": [7, 13.1875, 4, 13.9375], "rotation": 90, "texture": "#0", "cullface": "west"}
			}
		},
		{
			"from": [-1, 3.6875, 8.3125],
			"to": [0, 5, 9],
			"rotation": {"angle": 0, "axis": "y", "origin": [-1, 3.6875, 7.125]},
			"faces": {
				"north": {"uv": [6, 13.1875, 7, 13.9375], "rotation": 90, "texture": "#0", "cullface": "west"},
				"south": {"uv": [5, 13.1875, 4, 13.9375], "rotation": 90, "texture": "#0", "cullface": "west"},
				"west": {"uv": [6, 11.1875, 5, 11.9375], "rotation": 270, "texture": "#0", "cullface": "west"},
				"down": {"uv": [7, 13.1875, 4, 13.9375], "rotation": 90, "texture": "#0", "cullface": "west"}
			}
		},
		{
			"from": [-1, 5, 3.6875],
			"to": [0, 8.125, 10.1875],
			"rotation": {"angle": 0, "axis": "y", "origin": [-2, 5, 3.6875]},
			"faces": {
				"north": {"uv": [4.125, 10, 5.75, 11.125], "texture": "#0", "cullface": "west"},
				"south": {"uv": [4.125, 8, 5.75, 11.125], "texture": "#0", "cullface": "west"},
				"west": {"uv": [4.125, 8, 10.75, 11.125], "texture": "#0", "cullface": "west"},
				"up": {"uv": [4.125, 10, 10.75, 11.125], "rotation": 90, "texture": "#0", "cullface": "west"},
				"down": {"uv": [4.125, 8, 10.75, 11.125], "texture": "#0", "cullface": "west"}
			}
		}
	],
	"display": {
		"thirdperson_righthand": {
			"rotation": [75, 45, 0],
			"translation": [0, 2.5, 0],
			"scale": [0.375, 0.375, 0.375]
		},
		"thirdperson_lefthand": {
			"rotation": [75, 45, 0],
			"translation": [0, 2.5, 0],
			"scale": [0.375, 0.375, 0.375]
		},
		"firstperson_righthand": {
			"rotation": [0, 45, 0],
			"scale": [0.4, 0.4, 0.4]
		},
		"firstperson_lefthand": {
			"rotation": [0, 225, 0],
			"scale": [0.4, 0.4, 0.4]
		},
		"ground": {
			"translation": [0, 3, 0],
			"scale": [0.25, 0.25, 0.25]
		},
		"gui": {
			"rotation": [30, 225, 0],
			"scale": [0.625, 0.625, 0.625]
		},
		"fixed": {
			"scale": [0.5, 0.5, 0.5]
		}
	}
}