{
	"credit": "Made by sniffercraft34",
	"ambientocclusion": false,
	"textures": {
		"0": "block/pumpkin_top",
		"1": "block/pumpkin_side",
		"2": "block/carved_pumpkin",
		"particle": "block/carved_pumpkin"
	},
	"elements": [
		{
			"from": [7, 16, 6.875],
			"to": [9, 17, 9.125],
			"rotation": {"angle": 0, "axis": "y", "origin": [7, 16, 7]},
			"faces": {
				"north": {"uv": [7, 7, 9, 8], "texture": "#0", "cullface": "up"},
				"east": {"uv": [7, 7, 9, 9], "rotation": 90, "texture": "#0", "cullface": "up"},
				"south": {"uv": [7, 8, 9, 9], "texture": "#0", "cullface": "up"},
				"west": {"uv": [7, 7, 9, 9], "rotation": 270, "texture": "#0", "cullface": "up"},
				"up": {"uv": [7, 7, 9, 9], "texture": "#0", "cullface": "up"}
			}
		},
		{
			"from": [9, 16, 7],
			"to": [10, 17, 8],
			"rotation": {"angle": 0, "axis": "y", "origin": [9, 16, 6]},
			"faces": {
				"north": {"uv": [7, 6, 8, 7], "texture": "#0", "cullface": "up"},
				"east": {"uv": [7, 6, 8, 7], "texture": "#0", "cullface": "up"},
				"south": {"uv": [7, 6, 8, 7], "texture": "#0", "cullface": "up"},
				"up": {"uv": [7, 6, 8, 7], "texture": "#0", "cullface": "up"}
			}
		},
		{
			"from": [8, 16, 6],
			"to": [9, 17, 7],
			"rotation": {"angle": 0, "axis": "y", "origin": [8, 16, 5]},
			"faces": {
				"north": {"uv": [7, 6, 8, 7], "texture": "#0", "cullface": "up"},
				"west": {"uv": [7, 6, 8, 7], "texture": "#0", "cullface": "up"},
				"up": {"uv": [7, 6, 8, 7], "texture": "#0", "cullface": "up"}
			}
		},
		{
			"from": [9, 16, 4.5625],
			"to": [11, 17, 6.875],
			"rotation": {"angle": 0, "axis": "y", "origin": [9, 16, 4.6875]},
			"faces": {
				"north": {"uv": [5, 6, 7, 7], "texture": "#0", "cullface": "up"},
				"east": {"uv": [5, 5, 7, 6], "texture": "#0", "cullface": "up"},
				"south": {"uv": [5, 6, 7, 7], "texture": "#0", "cullface": "up"},
				"west": {"uv": [5, 5, 7, 6], "texture": "#0", "cullface": "up"},
				"up": {"uv": [5, 5, 7, 7], "texture": "#0", "cullface": "up"}
			}
		},
		{
			"from": [0, 0, 0],
			"to": [16, 1, 16],
			"faces": {
				"north": {"uv": [0, 15, 16, 16], "texture": "#2", "cullface": "north"},
				"east": {"uv": [0, 15, 16, 16], "texture": "#1", "cullface": "east"},
				"south": {"uv": [0, 15, 16, 16], "texture": "#1", "cullface": "south"},
				"west": {"uv": [0, 15, 16, 16], "texture": "#1", "cullface": "west"},
				"down": {"uv": [0, 0, 16, 16], "texture": "#0", "cullface": "down"}
			}
		},
		{
			"from": [1, 1, 1],
			"to": [15, 15, 15],
			"rotation": {"angle": 0, "axis": "y", "origin": [7, 1, 7]},
			"faces": {
				"north": {"uv": [1, 1, 15, 15], "texture": "#2"}
			}
		},
		{
			"from": [0, 15, 0],
			"to": [16, 16, 16],
			"rotation": {"angle": 0, "axis": "z", "origin": [1, 16, 4]},
			"faces": {
				"north": {"uv": [0, 0, 16, 1], "texture": "#1", "cullface": "north"},
				"east": {"uv": [0, 0, 16, 1], "texture": "#1", "cullface": "east"},
				"south": {"uv": [0, 0, 16, 1], "texture": "#1", "cullface": "south"},
				"west": {"uv": [0, 0, 16, 1], "rotation": 180, "texture": "#1", "cullface": "west"},
				"up": {"uv": [1, 0, 15, 16], "rotation": 90, "texture": "#0", "cullface": "up"}
			}
		},
		{
			"from": [0, 1, 0],
			"to": [1, 15, 16],
			"rotation": {"angle": 0, "axis": "y", "origin": [0, 1, 1]},
			"faces": {
				"north": {"uv": [15, 1, 16, 15], "texture": "#1", "cullface": "north"},
				"east": {"uv": [1, 1, 16, 15], "texture": "#1"},
				"south": {"uv": [1, 1, 0, 15], "texture": "#1", "cullface": "south"},
				"west": {"uv": [0, 1, 16, 15], "texture": "#1", "cullface": "west"}
			}
		},
		{
			"from": [1, 1, 15],
			"to": [16, 15, 16],
			"rotation": {"angle": 0, "axis": "y", "origin": [16, 1, 15]},
			"faces": {
				"east": {"uv": [1, 1, 0, 14], "texture": "#1", "cullface": "east"},
				"south": {"uv": [1, 1, 16, 15], "texture": "#1", "cullface": "south"}
			}
		},
		{
			"from": [15, 1, 0],
			"to": [16, 15, 15],
			"rotation": {"angle": 0, "axis": "y", "origin": [15, 1, 0]},
			"faces": {
				"north": {"uv": [1, 1, 0, 14], "texture": "#1", "cullface": "north"},
				"east": {"uv": [1, 1, 16, 15], "texture": "#1", "cullface": "east"}
			}
		},
		{
			"from": [1, 1, 0],
			"to": [15, 2, 1],
			"rotation": {"angle": 0, "axis": "y", "origin": [0, 1, -1]},
			"faces": {
				"north": {"uv": [1, 14, 15, 15], "texture": "#2", "cullface": "north"},
				"up": {"uv": [1, 14, 15, 15], "texture": "#2"}
			}
		},
		{
			"from": [13, 2, 0],
			"to": [15, 4, 1],
			"rotation": {"angle": 0, "axis": "y", "origin": [0, 2, -1]},
			"faces": {
				"north": {"uv": [1, 12, 3, 14], "texture": "#2", "cullface": "north"},
				"west": {"uv": [1, 12, 3, 14], "texture": "#2"},
				"up": {"uv": [1, 12, 3, 14], "texture": "#2"}
			}
		},
		{
			"from": [14, 4, 0],
			"to": [15, 15, 1],
			"rotation": {"angle": 0, "axis": "y", "origin": [0, 4, -1]},
			"faces": {
				"north": {"uv": [1, 2, 2, 12], "texture": "#2", "cullface": "north"},
				"west": {"uv": [1, 2, 2, 12], "texture": "#2"}
			}
		},
		{
			"from": [1, 4, 0],
			"to": [2, 14, 1],
			"rotation": {"angle": 0, "axis": "y", "origin": [-13, 4, -1]},
			"faces": {
				"north": {"uv": [14, 2, 15, 11], "texture": "#2", "cullface": "north"},
				"east": {"uv": [14, 2, 15, 11], "texture": "#2"},
				"down": {"uv": [14, 2, 15, 11], "texture": "#2"}
			}
		},
		{
			"from": [2, 7, 0],
			"to": [7, 8, 1],
			"rotation": {"angle": 0, "axis": "z", "origin": [-3, 22, -1]},
			"faces": {
				"north": {"uv": [9, 8, 14, 9], "texture": "#2", "cullface": "north"},
				"up": {"uv": [9, 8, 14, 9], "rotation": 180, "texture": "#2"},
				"down": {"uv": [9, 8, 14, 9], "rotation": 180, "texture": "#2"}
			}
		},
		{
			"from": [9, 7, 0],
			"to": [13, 8, 1],
			"rotation": {"angle": 0, "axis": "y", "origin": [4, 22, -1]},
			"faces": {
				"north": {"uv": [3, 8, 7, 9], "texture": "#2", "cullface": "north"},
				"up": {"uv": [3, 8, 7, 9], "rotation": 180, "texture": "#2"},
				"down": {"uv": [3, 8, 7, 9], "rotation": 180, "texture": "#2"}
			}
		},
		{
			"from": [6, 8, 0],
			"to": [7, 9, 1],
			"rotation": {"angle": 0, "axis": "y", "origin": [-3, 23, -1]},
			"faces": {
				"north": {"uv": [9, 7, 10, 8], "texture": "#2", "cullface": "north"},
				"west": {"uv": [9, 7, 10, 8], "texture": "#2"},
				"up": {"uv": [9, 7, 10, 8], "texture": "#2"}
			}
		},
		{
			"from": [12, 8, 0],
			"to": [13, 9, 1],
			"rotation": {"angle": 0, "axis": "y", "origin": [3, 23, -1]},
			"faces": {
				"north": {"uv": [3, 7, 4, 8], "texture": "#2", "cullface": "north"},
				"west": {"uv": [3, 7, 4, 8], "texture": "#2"},
				"up": {"uv": [3, 7, 4, 8], "texture": "#2"}
			}
		},
		{
			"from": [10, 3, 0],
			"to": [11, 4, 1],
			"rotation": {"angle": 0, "axis": "y", "origin": [1, 18, -1]},
			"faces": {
				"north": {"uv": [5, 12, 6, 13], "texture": "#2", "cullface": "north"},
				"east": {"uv": [5, 12, 6, 13], "texture": "#2"},
				"west": {"uv": [5, 12, 6, 13], "texture": "#2"},
				"up": {"uv": [5, 12, 6, 13], "texture": "#2"}
			}
		},
		{
			"from": [7, 3, 0],
			"to": [8, 4, 1],
			"rotation": {"angle": 0, "axis": "y", "origin": [-2, 18, -1]},
			"faces": {
				"north": {"uv": [8, 12, 9, 13], "texture": "#2", "cullface": "north"},
				"east": {"uv": [8, 12, 9, 13], "texture": "#2"},
				"west": {"uv": [8, 12, 9, 13], "texture": "#2"},
				"up": {"uv": [8, 12, 9, 13], "texture": "#2"}
			}
		},
		{
			"from": [3, 3, 0],
			"to": [4, 4, 1],
			"rotation": {"angle": 0, "axis": "y", "origin": [-6, 18, -1]},
			"faces": {
				"north": {"uv": [12, 12, 13, 13], "texture": "#2", "cullface": "north"},
				"east": {"uv": [12, 12, 13, 13], "texture": "#2"},
				"west": {"uv": [12, 12, 13, 13], "texture": "#2"},
				"up": {"uv": [12, 12, 13, 13], "texture": "#2"}
			}
		},
		{
			"from": [10, 2, 0],
			"to": [12, 3, 1],
			"rotation": {"angle": 0, "axis": "y", "origin": [1, 17, -1]},
			"faces": {
				"north": {"uv": [4, 13, 6, 14], "texture": "#2", "cullface": "north"},
				"east": {"uv": [4, 13, 6, 14], "texture": "#2"},
				"west": {"uv": [4, 13, 6, 14], "texture": "#2"},
				"up": {"uv": [4, 13, 6, 14], "texture": "#2"}
			}
		},
		{
			"from": [5, 2, 0],
			"to": [9, 3, 1],
			"rotation": {"angle": 0, "axis": "y", "origin": [-2, 17, -1]},
			"faces": {
				"north": {"uv": [7, 13, 11, 14], "texture": "#2", "cullface": "north"},
				"east": {"uv": [10, 13, 11, 14], "texture": "#2"},
				"west": {"uv": [10, 13, 11, 14], "texture": "#2"},
				"up": {"uv": [7, 13, 11, 14], "rotation": 180, "texture": "#2"}
			}
		},
		{
			"from": [1, 2, 0],
			"to": [4, 3, 1],
			"rotation": {"angle": 0, "axis": "y", "origin": [-6, 17, -1]},
			"faces": {
				"north": {"uv": [12, 13, 15, 14], "texture": "#2", "cullface": "north"},
				"east": {"uv": [12, 13, 13, 14], "texture": "#2"},
				"up": {"uv": [12, 13, 15, 14], "rotation": 180, "texture": "#2"}
			}
		},
		{
			"from": [6, 13, 0],
			"to": [7, 14, 1],
			"rotation": {"angle": 0, "axis": "y", "origin": [-3, 28, -1]},
			"faces": {
				"north": {"uv": [9, 2, 10, 3], "texture": "#2", "cullface": "north"},
				"west": {"uv": [9, 2, 10, 3], "texture": "#2"},
				"down": {"uv": [9, 2, 10, 3], "texture": "#2"}
			}
		},
		{
			"from": [3, 12, 0],
			"to": [4, 13, 1],
			"rotation": {"angle": 0, "axis": "y", "origin": [-6, 27, -1]},
			"faces": {
				"north": {"uv": [12, 3, 13, 4], "texture": "#2", "cullface": "north"},
				"east": {"uv": [12, 3, 13, 4], "texture": "#2"},
				"down": {"uv": [12, 3, 13, 4], "texture": "#2"}
			}
		},
		{
			"from": [3, 6, 0],
			"to": [4, 7, 1],
			"rotation": {"angle": 0, "axis": "y", "origin": [-6, 21, -1]},
			"faces": {
				"north": {"uv": [12, 9, 13, 10], "texture": "#2", "cullface": "north"},
				"east": {"uv": [12, 3, 13, 4], "texture": "#2"},
				"west": {"uv": [12, 3, 13, 4], "texture": "#2"},
				"down": {"uv": [12, 3, 13, 4], "texture": "#2"}
			}
		},
		{
			"from": [5, 6, 0],
			"to": [7, 7, 1],
			"rotation": {"angle": 0, "axis": "y", "origin": [-4, 21, -1]},
			"faces": {
				"north": {"uv": [9, 9, 11, 10], "texture": "#2", "cullface": "north"},
				"east": {"uv": [9, 9, 11, 10], "texture": "#2"},
				"west": {"uv": [9, 9, 11, 10], "texture": "#2"},
				"down": {"uv": [9, 9, 11, 10], "texture": "#2"}
			}
		},
		{
			"from": [8, 6, 0],
			"to": [10, 7, 1],
			"rotation": {"angle": 0, "axis": "y", "origin": [-1, 21, -1]},
			"faces": {
				"north": {"uv": [6, 9, 8, 10], "texture": "#2", "cullface": "north"},
				"east": {"uv": [6, 9, 7, 10], "texture": "#2"},
				"west": {"uv": [7, 9, 8, 10], "texture": "#2"},
				"down": {"uv": [6, 9, 8, 10], "rotation": 180, "texture": "#2"}
			}
		},
		{
			"from": [11, 6, 0],
			"to": [12, 7, 1],
			"rotation": {"angle": 0, "axis": "y", "origin": [2, 21, -1]},
			"faces": {
				"north": {"uv": [4, 9, 5, 10], "texture": "#2", "cullface": "north"},
				"east": {"uv": [4, 9, 5, 10], "texture": "#2"},
				"west": {"uv": [4, 9, 5, 10], "texture": "#2"},
				"down": {"uv": [4, 9, 5, 10], "texture": "#2"}
			}
		},
		{
			"from": [9, 13, 0],
			"to": [10, 14, 1],
			"rotation": {"angle": 0, "axis": "y", "origin": [0, 28, -1]},
			"faces": {
				"north": {"uv": [6, 2, 7, 3], "texture": "#2", "cullface": "north"},
				"east": {"uv": [6, 2, 7, 3], "texture": "#2"},
				"down": {"uv": [6, 2, 7, 3], "texture": "#2"}
			}
		},
		{
			"from": [2, 13, 0],
			"to": [5, 14, 1],
			"rotation": {"angle": 0, "axis": "y", "origin": [-5, 28, -1]},
			"faces": {
				"north": {"uv": [11, 2, 14, 3], "texture": "#2", "cullface": "north"},
				"east": {"uv": [11, 2, 12, 3], "texture": "#2"},
				"down": {"uv": [11, 2, 14, 3], "texture": "#2"}
			}
		},
		{
			"from": [2, 10, 0],
			"to": [3, 13, 1],
			"rotation": {"angle": 0, "axis": "z", "origin": [-12, 3, -1]},
			"faces": {
				"north": {"uv": [13, 2, 14, 6], "texture": "#2", "cullface": "north"},
				"east": {"uv": [13, 2, 14, 6], "texture": "#2"},
				"down": {"uv": [11, 2, 14, 3], "rotation": 270, "texture": "#2"}
			}
		},
		{
			"from": [13, 6, 0],
			"to": [14, 14, 1],
			"rotation": {"angle": 0, "axis": "y", "origin": [-1, 5, -1]},
			"faces": {
				"north": {"uv": [3, 2, 2, 10], "texture": "#2", "cullface": "north"},
				"west": {"uv": [3, 2, 2, 10], "texture": "#2"},
				"down": {"uv": [3, 9, 2, 10], "texture": "#2"}
			}
		},
		{
			"from": [12, 12, 0],
			"to": [13, 14, 1],
			"rotation": {"angle": 0, "axis": "y", "origin": [-2, 4, -1]},
			"faces": {
				"north": {"uv": [3, 2, 4, 4], "texture": "#2", "cullface": "north"},
				"west": {"uv": [3, 2, 4, 4], "texture": "#2"},
				"down": {"uv": [3, 2, 4, 4], "texture": "#2"}
			}
		},
		{
			"from": [9, 8, 0],
			"to": [10, 9, 1],
			"rotation": {"angle": 0, "axis": "y", "origin": [0, 23, -1]},
			"faces": {
				"north": {"uv": [6, 7, 7, 8], "texture": "#2", "cullface": "north"},
				"east": {"uv": [6, 7, 7, 8], "texture": "#2"},
				"up": {"uv": [6, 7, 7, 8], "texture": "#2"}
			}
		},
		{
			"from": [1, 14, 0],
			"to": [14, 15, 1],
			"rotation": {"angle": 0, "axis": "z", "origin": [14, 0, -1]},
			"faces": {
				"north": {"uv": [2, 1, 15, 2], "texture": "#2", "cullface": "north"},
				"down": {"uv": [2, 1, 15, 2], "texture": "#2"}
			}
		},
		{
			"from": [7, 7, 0],
			"to": [9, 14, 1],
			"rotation": {"angle": 0, "axis": "y", "origin": [14, -1, -1]},
			"faces": {
				"north": {"uv": [7, 1, 9, 9], "texture": "#2", "cullface": "north"},
				"east": {"uv": [7, 1, 9, 9], "rotation": 180, "texture": "#2"},
				"west": {"uv": [7, 1, 9, 9], "texture": "#2"},
				"down": {"uv": [7, 8, 9, 9], "rotation": 180, "texture": "#2"}
			}
		}
	],
	"display": {
		"thirdperson_righthand": {
			"rotation": [75, 45, 0],
			"translation": [0, 2.5, 0],
			"scale": [0.375, 0.375, 0.375]
		},
		"thirdperson_lefthand": {
			"rotation": [75, 45, 0],
			"translation": [0, 2.5, 0],
			"scale": [0.375, 0.375, 0.375]
		},
		"firstperson_righthand": {
			"rotation": [0, 45, 0],
			"scale": [0.4, 0.4, 0.4]
		},
		"firstperson_lefthand": {
			"rotation": [0, 225, 0],
			"scale": [0.4, 0.4, 0.4]
		},
		"ground": {
			"translation": [0, 3, 0],
			"scale": [0.25, 0.25, 0.25]
		},
		"gui": {
			"rotation": [30, 225, 0],
			"scale": [0.625, 0.625, 0.625]
		},
		"fixed": {
			"scale": [0.5, 0.5, 0.5]
		}
	}
}