{
	"credit": "Made by sniffercraft34",
	"ambientocclusion": false,
	"textures": {
		"0": "block/crafting_table_front",
		"1": "block/crafting_table_side",
		"2": "block/crafting_table_top",
		"3": "block/oak_planks",
		"particle": "block/crafting_table_front"
	},
	"elements": [
		{
			"from": [0, 0, 0],
			"to": [16, 16, 16],
			"faces": {
				"north": {"uv": [0, 0, 16, 16], "texture": "#0", "cullface": "north"},
				"east": {"uv": [0, 0, 16, 16], "texture": "#1", "cullface": "east"},
				"south": {"uv": [0, 0, 16, 16], "texture": "#0", "cullface": "south"},
				"west": {"uv": [0, 0, 16, 16], "texture": "#1", "cullface": "west"},
				"up": {"uv": [0, 0, 16, 16], "texture": "#2", "cullface": "up"},
				"down": {"uv": [0, 0, 16, 16], "texture": "#3", "cullface": "down"}
			}
		},
		{
			"from": [7, 0, -1],
			"to": [9, 14, 0],
			"rotation": {"angle": 0, "axis": "y", "origin": [7, 0, -2]},
			"faces": {
				"north": {"uv": [7, 2, 9, 16], "texture": "#0", "cullface": "north"},
				"east": {"uv": [7, 2, 8, 16], "texture": "#1", "cullface": "north"},
				"west": {"uv": [8, 2, 9, 16], "texture": "#1", "cullface": "north"},
				"down": {"uv": [7, 2, 9, 3], "texture": "#1", "cullface": "down"}
			}
		},
		{
			"from": [7, 0, 16],
			"to": [9, 14, 17],
			"rotation": {"angle": 0, "axis": "y", "origin": [7, 0, 15]},
			"faces": {
				"east": {"uv": [7, 2, 8, 16], "texture": "#1", "cullface": "south"},
				"south": {"uv": [7, 2, 9, 16], "texture": "#1", "cullface": "south"},
				"west": {"uv": [8, 2, 9, 16], "texture": "#1", "cullface": "south"},
				"down": {"uv": [7, 2, 9, 3], "texture": "#1", "cullface": "down"}
			}
		},
		{
			"from": [16, 0, 7],
			"to": [17, 14, 9],
			"rotation": {"angle": 0, "axis": "y", "origin": [18, 0, 7]},
			"faces": {
				"north": {"uv": [8, 2, 9, 16], "texture": "#1", "cullface": "east"},
				"east": {"uv": [7, 2, 9, 16], "texture": "#0", "cullface": "east"},
				"south": {"uv": [7, 2, 8, 16], "texture": "#1", "cullface": "east"},
				"down": {"uv": [7, 2, 9, 3], "rotation": 270, "texture": "#1", "cullface": "down"}
			}
		},
		{
			"from": [-1, 0, 7],
			"to": [0, 13.9375, 9],
			"rotation": {"angle": 0, "axis": "y", "origin": [1, 0, 7]},
			"faces": {
				"north": {"uv": [8, 2, 9, 16], "texture": "#1", "cullface": "west"},
				"south": {"uv": [7, 2, 8, 16], "texture": "#1", "cullface": "west"},
				"west": {"uv": [7, 2, 9, 16], "texture": "#1", "cullface": "west"},
				"down": {"uv": [7, 2, 9, 3], "rotation": 270, "texture": "#1", "cullface": "west"}
			}
		},
		{
			"from": [6, 14, -1],
			"to": [10, 16, 0],
			"rotation": {"angle": 0, "axis": "y", "origin": [6, 14, -2]},
			"faces": {
				"north": {"uv": [6, 0, 10, 2], "texture": "#0", "cullface": "north"},
				"east": {"uv": [7, 3, 8, 5], "texture": "#0", "cullface": "north"},
				"west": {"uv": [7, 4, 8, 6], "texture": "#0", "cullface": "north"},
				"down": {"uv": [6, 0, 10, 1], "texture": "#1", "cullface": "north"}
			}
		},
		{
			"from": [6, 14, 16],
			"to": [10, 15, 17],
			"rotation": {"angle": 0, "axis": "y", "origin": [6, 13, 15]},
			"faces": {
				"east": {"uv": [7, 3, 8, 5], "texture": "#0", "cullface": "south"},
				"south": {"uv": [6, 1, 10, 2], "texture": "#0", "cullface": "south"},
				"west": {"uv": [7, 4, 8, 6], "texture": "#0", "cullface": "south"},
				"down": {"uv": [6, 0, 10, 1], "texture": "#1", "cullface": "south"}
			}
		},
		{
			"from": [5, 15, -1],
			"to": [6, 16, 0],
			"rotation": {"angle": 0, "axis": "y", "origin": [2, 14, -2]},
			"faces": {
				"north": {"uv": [10, 0, 11, 1], "texture": "#0", "cullface": "north"},
				"west": {"uv": [10, 0, 11, 1], "texture": "#0", "cullface": "north"},
				"down": {"uv": [10, 0, 11, 1], "texture": "#0", "cullface": "north"}
			}
		},
		{
			"from": [10, 15, -1],
			"to": [11, 16, 0],
			"rotation": {"angle": 0, "axis": "y", "origin": [7, 14, -2]},
			"faces": {
				"north": {"uv": [10, 0, 11, 1], "texture": "#0", "cullface": "north"},
				"east": {"uv": [10, 0, 11, 1], "texture": "#0", "cullface": "north"},
				"down": {"uv": [10, 0, 11, 1], "texture": "#0", "cullface": "north"}
			}
		},
		{
			"from": [3, 16, 1],
			"to": [13, 17, 15],
			"rotation": {"angle": 0, "axis": "y", "origin": [4, 16, 0]},
			"faces": {
				"north": {"uv": [4, 0, 5, 1], "texture": "#2", "cullface": "up"},
				"east": {"uv": [4, 0, 5, 1], "texture": "#2", "cullface": "up"},
				"south": {"uv": [4, 0, 5, 1], "texture": "#2", "cullface": "up"},
				"west": {"uv": [3, 2, 2, 3], "texture": "#2", "cullface": "up"},
				"up": {"uv": [3, 1, 13, 15], "texture": "#2", "cullface": "up"}
			}
		},
		{
			"from": [5, 15.875, -1],
			"to": [11, 17, 1],
			"rotation": {"angle": 0, "axis": "y", "origin": [4, 16, -16]},
			"faces": {
				"north": {"uv": [5, 0, 11, 1], "texture": "#1", "cullface": "north"},
				"east": {"uv": [5, 0, 6, 1], "texture": "#1", "cullface": "up"},
				"west": {"uv": [4, 0, 5, 1], "texture": "#2", "cullface": "up"},
				"up": {"uv": [5, 15, 11, 16], "texture": "#2", "cullface": "up"}
			}
		},
		{
			"from": [-1, 15.875, 5],
			"to": [1, 17, 11],
			"rotation": {"angle": 0, "axis": "y", "origin": [-16, 16, 12]},
			"faces": {
				"north": {"uv": [5, 0, 6, 1], "texture": "#1", "cullface": "up"},
				"south": {"uv": [0, 0, 1, 1], "texture": "#2", "cullface": "up"},
				"west": {"uv": [5, 0, 11, 1], "texture": "#1", "cullface": "west"},
				"up": {"uv": [5, 15, 11, 16], "rotation": 270, "texture": "#2", "cullface": "up"}
			}
		},
		{
			"from": [15, 15.875, 5],
			"to": [17, 17, 11],
			"rotation": {"angle": 0, "axis": "y", "origin": [32, 16, 4]},
			"faces": {
				"north": {"uv": [0, 0, 1, 1], "texture": "#2", "cullface": "up"},
				"east": {"uv": [5, 0, 11, 1], "texture": "#1", "cullface": "east"},
				"south": {"uv": [5, 0, 6, 1], "texture": "#1", "cullface": "up"},
				"up": {"uv": [5, 15, 11, 16], "rotation": 90, "texture": "#2", "cullface": "up"}
			}
		},
		{
			"from": [15, 14.875, 5],
			"to": [17, 16, 11],
			"rotation": {"angle": 0, "axis": "y", "origin": [32, 15, 4]},
			"faces": {
				"north": {"uv": [0, 0, 1, 1], "texture": "#2", "cullface": "east"},
				"east": {"uv": [5, 0, 11, 1], "texture": "#1", "cullface": "east"},
				"south": {"uv": [5, 0, 6, 1], "texture": "#1", "cullface": "east"},
				"down": {"uv": [5, 0, 6, 1], "rotation": 270, "texture": "#0", "cullface": "east"}
			}
		},
		{
			"from": [15, 13.875, 6],
			"to": [17, 15, 10],
			"rotation": {"angle": 0, "axis": "y", "origin": [32, 14, 4]},
			"faces": {
				"north": {"uv": [0, 0, 1, 1], "texture": "#2", "cullface": "east"},
				"east": {"uv": [6, 1, 10, 2], "texture": "#1", "cullface": "east"},
				"south": {"uv": [5, 0, 6, 1], "texture": "#1", "cullface": "east"},
				"down": {"uv": [5, 0, 6, 1], "rotation": 270, "texture": "#0", "cullface": "east"}
			}
		},
		{
			"from": [-1, 13.875, 6],
			"to": [1, 15, 10],
			"rotation": {"angle": 0, "axis": "y", "origin": [16, 14, 4]},
			"faces": {
				"north": {"uv": [0, 0, 1, 1], "texture": "#2", "cullface": "west"},
				"south": {"uv": [5, 0, 6, 1], "texture": "#1", "cullface": "west"},
				"west": {"uv": [6, 1, 10, 2], "texture": "#1", "cullface": "west"},
				"down": {"uv": [5, 0, 6, 1], "rotation": 270, "texture": "#0", "cullface": "west"}
			}
		},
		{
			"from": [-1, 14.875, 5],
			"to": [1, 16, 11],
			"rotation": {"angle": 0, "axis": "y", "origin": [-16, 15, 12]},
			"faces": {
				"north": {"uv": [5, 0, 6, 1], "texture": "#1", "cullface": "west"},
				"south": {"uv": [0, 0, 1, 1], "texture": "#2", "cullface": "west"},
				"west": {"uv": [5, 0, 11, 1], "texture": "#1", "cullface": "west"},
				"down": {"uv": [5, 0, 6, 1], "rotation": 90, "texture": "#1", "cullface": "west"}
			}
		},
		{
			"from": [5, 15.875, 15],
			"to": [11, 17, 17],
			"rotation": {"angle": 0, "axis": "y", "origin": [12, 16, 32]},
			"faces": {
				"east": {"uv": [0, 0, 1, 1], "texture": "#2", "cullface": "up"},
				"south": {"uv": [5, 0, 11, 1], "texture": "#1", "cullface": "up"},
				"west": {"uv": [5, 0, 6, 1], "texture": "#1", "cullface": "up"},
				"up": {"uv": [5, 15, 11, 16], "rotation": 180, "texture": "#2", "cullface": "up"}
			}
		},
		{
			"from": [5, 14.875, 15],
			"to": [11, 16, 17],
			"rotation": {"angle": 0, "axis": "y", "origin": [12, 15, 32]},
			"faces": {
				"east": {"uv": [0, 0, 1, 1], "texture": "#2", "cullface": "south"},
				"south": {"uv": [5, 0, 11, 1], "texture": "#1", "cullface": "south"},
				"west": {"uv": [5, 0, 6, 1], "texture": "#1", "cullface": "south"},
				"down": {"uv": [6, 1, 7, 2], "rotation": 180, "texture": "#1", "cullface": "south"}
			}
		},
		{
			"from": [1, 15.875, 3],
			"to": [3, 17, 13],
			"rotation": {"angle": 0, "axis": "y", "origin": [-14, 16, 12]},
			"faces": {
				"north": {"uv": [5, 0, 6, 1], "texture": "#1", "cullface": "up"},
				"south": {"uv": [4, 0, 5, 1], "texture": "#2", "cullface": "up"},
				"west": {"uv": [5, 0, 6, 1], "texture": "#1", "cullface": "up"},
				"up": {"uv": [3, 13, 13, 15], "rotation": 90, "texture": "#2", "cullface": "up"}
			}
		},
		{
			"from": [13, 15.875, 3],
			"to": [15, 17, 13],
			"rotation": {"angle": 0, "axis": "y", "origin": [-2, 16, 12]},
			"faces": {
				"north": {"uv": [5, 0, 6, 1], "texture": "#1", "cullface": "up"},
				"east": {"uv": [12, 3, 13, 4], "texture": "#0", "cullface": "up"},
				"south": {"uv": [4, 0, 5, 1], "texture": "#2", "cullface": "up"},
				"up": {"uv": [3, 13, 13, 15], "rotation": 270, "texture": "#2", "cullface": "up"}
			}
		},
		{
			"from": [2, 15.875, 2],
			"to": [3, 17, 3],
			"rotation": {"angle": 0, "axis": "y", "origin": [-14, 16, 11]},
			"faces": {
				"north": {"uv": [3, 14, 4, 15], "rotation": 90, "texture": "#2", "cullface": "up"},
				"west": {"uv": [3, 14, 4, 15], "rotation": 90, "texture": "#2", "cullface": "up"},
				"up": {"uv": [3, 14, 4, 15], "rotation": 90, "texture": "#2", "cullface": "up"}
			}
		},
		{
			"from": [2, 15.875, 13],
			"to": [3, 17, 14],
			"rotation": {"angle": 0, "axis": "y", "origin": [-14, 16, 22]},
			"faces": {
				"south": {"uv": [3, 14, 4, 15], "rotation": 90, "texture": "#2", "cullface": "up"},
				"west": {"uv": [3, 14, 4, 15], "rotation": 90, "texture": "#2", "cullface": "up"},
				"up": {"uv": [3, 14, 4, 15], "rotation": 90, "texture": "#2", "cullface": "up"}
			}
		},
		{
			"from": [2, 3, -1],
			"to": [3, 13, 0],
			"rotation": {"angle": 0, "axis": "y", "origin": [1, 3, -2]},
			"faces": {
				"north": {"uv": [13, 3, 14, 13], "texture": "#0", "cullface": "north"},
				"east": {"uv": [13, 3, 14, 13], "texture": "#0", "cullface": "north"},
				"west": {"uv": [13, 3, 14, 13], "texture": "#0", "cullface": "north"},
				"up": {"uv": [13, 3, 14, 4], "texture": "#0", "cullface": "north"},
				"down": {"uv": [13, 12, 13, 13], "texture": "#0", "cullface": "north"}
			}
		},
		{
			"from": [13, 3, 16],
			"to": [14, 13, 17],
			"rotation": {"angle": 0, "axis": "y", "origin": [15, 3, 18]},
			"faces": {
				"east": {"uv": [13, 3, 14, 13], "texture": "#0", "cullface": "south"},
				"south": {"uv": [13, 3, 14, 13], "texture": "#0", "cullface": "south"},
				"west": {"uv": [13, 3, 14, 13], "texture": "#0", "cullface": "south"},
				"up": {"uv": [13, 3, 14, 4], "rotation": 180, "texture": "#0", "cullface": "south"},
				"down": {"uv": [13, 12, 13, 13], "rotation": 180, "texture": "#0", "cullface": "south"}
			}
		},
		{
			"from": [3, 12, -1],
			"to": [4, 13, 0],
			"rotation": {"angle": 0, "axis": "y", "origin": [2, 12, -2]},
			"faces": {
				"north": {"uv": [12, 3, 13, 4], "texture": "#0", "cullface": "north"},
				"up": {"uv": [12, 3, 13, 4], "texture": "#0", "cullface": "north"},
				"down": {"uv": [12, 3, 13, 4], "texture": "#0", "cullface": "north"}
			}
		},
		{
			"from": [12, 12, 16],
			"to": [13, 13, 17],
			"rotation": {"angle": 0, "axis": "y", "origin": [11, 12, 15]},
			"faces": {
				"south": {"uv": [12, 3, 13, 4], "texture": "#0", "cullface": "south"},
				"up": {"uv": [12, 3, 13, 4], "texture": "#0", "cullface": "south"},
				"down": {"uv": [12, 3, 13, 4], "texture": "#0", "cullface": "south"}
			}
		},
		{
			"from": [3, 5, -1],
			"to": [4, 11, 0],
			"rotation": {"angle": 0, "axis": "y", "origin": [2, 5, -2]},
			"faces": {
				"north": {"uv": [12, 5, 13, 11], "texture": "#0", "cullface": "north"},
				"east": {"uv": [13, 4.5, 14, 13], "texture": "#0", "cullface": "north"},
				"up": {"uv": [13, 3, 14, 4], "texture": "#0", "cullface": "north"},
				"down": {"uv": [13, 12, 13, 13], "texture": "#0", "cullface": "north"}
			}
		},
		{
			"from": [12, 5, 16],
			"to": [13, 11, 17],
			"rotation": {"angle": 0, "axis": "y", "origin": [14, 5, 18]},
			"faces": {
				"south": {"uv": [12, 5, 13, 11], "texture": "#0", "cullface": "south"},
				"west": {"uv": [13, 4.5, 14, 13], "texture": "#0", "cullface": "south"},
				"up": {"uv": [13, 3, 14, 4], "rotation": 180, "texture": "#0", "cullface": "south"},
				"down": {"uv": [13, 12, 13, 13], "rotation": 180, "texture": "#0", "cullface": "south"}
			}
		},
		{
			"from": [4, 7, -1],
			"to": [5, 13, 0],
			"rotation": {"angle": 0, "axis": "y", "origin": [3, 7, -2]},
			"faces": {
				"north": {"uv": [11, 3, 12, 9], "texture": "#0", "cullface": "north"},
				"east": {"uv": [13, 3, 14.0625, 9.0625], "texture": "#0", "cullface": "north"},
				"west": {"uv": [13, 3, 14, 6], "texture": "#0", "cullface": "north"},
				"up": {"uv": [13, 3, 14, 4], "texture": "#0", "cullface": "north"},
				"down": {"uv": [13, 12, 13, 13], "texture": "#0", "cullface": "north"}
			}
		},
		{
			"from": [11, 7, 16],
			"to": [12, 13, 17],
			"rotation": {"angle": 0, "axis": "y", "origin": [13, 7, 18]},
			"faces": {
				"east": {"uv": [13, 3, 14, 6], "texture": "#0", "cullface": "south"},
				"south": {"uv": [11, 3, 12, 9], "texture": "#0", "cullface": "south"},
				"west": {"uv": [13, 3, 14.0625, 9.0625], "texture": "#0", "cullface": "south"},
				"up": {"uv": [13, 3, 14, 4], "rotation": 180, "texture": "#0", "cullface": "south"},
				"down": {"uv": [13, 12, 13, 13], "rotation": 180, "texture": "#0", "cullface": "south"}
			}
		},
		{
			"from": [11, 5, -1.3125],
			"to": [14, 7, 0],
			"rotation": {"angle": 0, "axis": "y", "origin": [11, 6, -1]},
			"faces": {
				"north": {"uv": [2, 9, 5, 11], "texture": "#0", "cullface": "north"},
				"east": {"uv": [2, 9, 3, 11], "texture": "#0", "cullface": "north"},
				"west": {"uv": [4, 9, 5, 11], "texture": "#0", "cullface": "north"},
				"up": {"uv": [2, 9, 5, 10], "texture": "#0", "cullface": "north"},
				"down": {"uv": [2, 9, 5, 10], "texture": "#0", "cullface": "north"}
			}
		},
		{
			"from": [2, 5, 15.6875],
			"to": [5, 7, 17],
			"rotation": {"angle": 0, "axis": "y", "origin": [2, 6, 16]},
			"faces": {
				"east": {"uv": [2, 9, 3, 11], "texture": "#0", "cullface": "south"},
				"south": {"uv": [2, 9, 5, 11], "texture": "#0", "cullface": "south"},
				"west": {"uv": [4, 9, 5, 11], "texture": "#0", "cullface": "south"},
				"up": {"uv": [2, 9, 5, 10], "texture": "#0", "cullface": "south"},
				"down": {"uv": [2, 9, 5, 10], "texture": "#0", "cullface": "south"}
			}
		},
		{
			"from": [12, 7, -1],
			"to": [13, 11, 0],
			"rotation": {"angle": 0, "axis": "y", "origin": [11, 7, -1]},
			"faces": {
				"north": {"uv": [3, 5, 4, 9], "texture": "#0", "cullface": "north"},
				"east": {"uv": [3, 5, 4, 9], "texture": "#0", "cullface": "north"},
				"west": {"uv": [3, 5, 4, 9], "texture": "#0", "cullface": "north"},
				"up": {"uv": [3, 5, 4, 6], "texture": "#0", "cullface": "north"}
			}
		},
		{
			"from": [3, 7, 16],
			"to": [4, 11, 17],
			"rotation": {"angle": 0, "axis": "y", "origin": [2, 7, 16]},
			"faces": {
				"east": {"uv": [3, 5, 4, 9], "texture": "#0", "cullface": "south"},
				"south": {"uv": [3, 5, 4, 9], "texture": "#0", "cullface": "south"},
				"west": {"uv": [3, 5, 4, 9], "texture": "#0", "cullface": "south"},
				"up": {"uv": [3, 5, 4, 6], "texture": "#0", "cullface": "south"}
			}
		},
		{
			"from": [16, 9, 10],
			"to": [17, 11, 11],
			"rotation": {"angle": 0, "axis": "y", "origin": [15, 7, 10]},
			"faces": {
				"north": {"uv": [3, 5, 4, 7], "texture": "#0", "cullface": "east"},
				"east": {"uv": [5, 5, 6, 7], "texture": "#1", "cullface": "east"},
				"south": {"uv": [5, 5, 6, 7], "texture": "#1", "cullface": "east"},
				"up": {"uv": [3, 5, 4, 6], "texture": "#0", "cullface": "east"},
				"down": {"uv": [5, 5, 6, 6], "texture": "#1", "cullface": "east"}
			}
		},
		{
			"from": [-1, 9, 3],
			"to": [0, 11, 4],
			"rotation": {"angle": 0, "axis": "y", "origin": [-2, 7, 3]},
			"faces": {
				"north": {"uv": [3, 5, 4, 7], "texture": "#0", "cullface": "west"},
				"south": {"uv": [5, 5, 6, 7], "texture": "#1", "cullface": "west"},
				"west": {"uv": [3, 5, 4, 7], "texture": "#0", "cullface": "west"},
				"up": {"uv": [3, 5, 4, 6], "texture": "#0", "cullface": "west"},
				"down": {"uv": [5, 5, 6, 6], "texture": "#1", "cullface": "west"}
			}
		},
		{
			"from": [-1, 9, 5],
			"to": [0, 11, 6],
			"rotation": {"angle": 0, "axis": "y", "origin": [-2, 7, 5]},
			"faces": {
				"north": {"uv": [3, 5, 4, 7], "texture": "#0", "cullface": "west"},
				"south": {"uv": [5, 5, 6, 7], "texture": "#1", "cullface": "west"},
				"west": {"uv": [3, 5, 4, 7], "texture": "#0", "cullface": "west"},
				"up": {"uv": [3, 5, 4, 6], "texture": "#0", "cullface": "west"},
				"down": {"uv": [5, 5, 6, 6], "texture": "#1", "cullface": "west"}
			}
		},
		{
			"from": [16, 9, 12],
			"to": [17, 11, 13],
			"rotation": {"angle": 0, "axis": "y", "origin": [15, 7, 12]},
			"faces": {
				"north": {"uv": [3, 5, 4, 7], "texture": "#0", "cullface": "east"},
				"east": {"uv": [5, 5, 6, 7], "texture": "#1", "cullface": "east"},
				"south": {"uv": [5, 5, 6, 7], "texture": "#1", "cullface": "east"},
				"up": {"uv": [3, 5, 4, 6], "texture": "#0", "cullface": "east"},
				"down": {"uv": [5, 5, 6, 6], "texture": "#1", "cullface": "east"}
			}
		},
		{
			"from": [16, 6, 12],
			"to": [17, 8, 13],
			"rotation": {"angle": 0, "axis": "y", "origin": [15, 4, 12]},
			"faces": {
				"north": {"uv": [3, 8, 4, 10], "texture": "#1", "cullface": "east"},
				"east": {"uv": [3, 8, 4, 10], "texture": "#1", "cullface": "east"},
				"south": {"uv": [3, 8, 4, 10], "texture": "#1", "cullface": "east"},
				"up": {"uv": [3, 9, 4, 10], "texture": "#1", "cullface": "east"},
				"down": {"uv": [3, 9, 4, 10], "texture": "#1", "cullface": "east"}
			}
		},
		{
			"from": [16, 6, 10],
			"to": [17, 8, 11],
			"rotation": {"angle": 0, "axis": "y", "origin": [15, 4, 10]},
			"faces": {
				"north": {"uv": [3, 8, 4, 10], "texture": "#1", "cullface": "east"},
				"east": {"uv": [3, 8, 4, 10], "texture": "#1", "cullface": "east"},
				"south": {"uv": [3, 8, 4, 10], "texture": "#1", "cullface": "east"},
				"up": {"uv": [3, 9, 4, 10], "texture": "#1", "cullface": "east"},
				"down": {"uv": [3, 9, 4, 10], "texture": "#1", "cullface": "east"}
			}
		},
		{
			"from": [-1, 6, 5],
			"to": [0, 8, 6],
			"rotation": {"angle": 0, "axis": "y", "origin": [-2, 4, 5]},
			"faces": {
				"north": {"uv": [3, 8, 4, 10], "texture": "#1", "cullface": "west"},
				"south": {"uv": [3, 8, 4, 10], "texture": "#1", "cullface": "west"},
				"west": {"uv": [3, 8, 4, 10], "texture": "#1", "cullface": "west"},
				"up": {"uv": [3, 9, 4, 10], "texture": "#1", "cullface": "west"},
				"down": {"uv": [3, 9, 4, 10], "texture": "#1", "cullface": "west"}
			}
		},
		{
			"from": [-1, 6, 3],
			"to": [0, 8, 4],
			"rotation": {"angle": 0, "axis": "y", "origin": [-2, 4, 3]},
			"faces": {
				"north": {"uv": [3, 8, 4, 10], "texture": "#1", "cullface": "west"},
				"south": {"uv": [3, 8, 4, 10], "texture": "#1", "cullface": "west"},
				"west": {"uv": [3, 8, 4, 10], "texture": "#1", "cullface": "west"},
				"up": {"uv": [3, 9, 4, 10], "texture": "#1", "cullface": "west"},
				"down": {"uv": [3, 9, 4, 10], "texture": "#1", "cullface": "west"}
			}
		},
		{
			"from": [16, 8, 11],
			"to": [17, 9, 12],
			"rotation": {"angle": 0, "axis": "y", "origin": [15, 6, 11]},
			"faces": {
				"north": {"uv": [4, 7, 5, 8], "texture": "#1", "cullface": "east"},
				"east": {"uv": [4, 7, 5, 8], "texture": "#1", "cullface": "east"},
				"south": {"uv": [4, 7, 5, 8], "texture": "#1", "cullface": "east"},
				"up": {"uv": [4, 7, 5, 8], "texture": "#1", "cullface": "east"},
				"down": {"uv": [4, 7, 5, 8], "texture": "#1", "cullface": "east"}
			}
		},
		{
			"from": [-1, 8, 4],
			"to": [0, 9, 5],
			"rotation": {"angle": 0, "axis": "y", "origin": [-2, 6, 4]},
			"faces": {
				"north": {"uv": [4, 7, 5, 8], "texture": "#1", "cullface": "west"},
				"south": {"uv": [4, 7, 5, 8], "texture": "#1", "cullface": "west"},
				"west": {"uv": [4, 7, 5, 8], "texture": "#1", "cullface": "west"},
				"up": {"uv": [4, 7, 5, 8], "texture": "#1", "cullface": "west"},
				"down": {"uv": [4, 7, 5, 8], "texture": "#1", "cullface": "west"}
			}
		},
		{
			"from": [3, 17, 3],
			"to": [13, 18, 4],
			"rotation": {"angle": 0, "axis": "y", "origin": [11, 17, 3]},
			"faces": {
				"north": {"uv": [3, 3, 13, 4], "texture": "#2", "cullface": "up"},
				"east": {"uv": [3, 3, 4, 4], "texture": "#2", "cullface": "up"},
				"south": {"uv": [3, 3, 13, 4], "texture": "#2", "cullface": "up"},
				"west": {"uv": [3, 3, 4, 4], "texture": "#2", "cullface": "up"},
				"up": {"uv": [3, 3, 13, 4], "texture": "#2", "cullface": "up"}
			}
		},
		{
			"from": [3, 17, 6],
			"to": [13, 18, 7],
			"rotation": {"angle": 0, "axis": "y", "origin": [11, 17, 6]},
			"faces": {
				"north": {"uv": [3, 3, 13, 4], "texture": "#2", "cullface": "up"},
				"east": {"uv": [3, 3, 4, 4], "texture": "#2", "cullface": "up"},
				"south": {"uv": [3, 3, 13, 4], "texture": "#2", "cullface": "up"},
				"west": {"uv": [3, 3, 4, 4], "texture": "#2", "cullface": "up"},
				"up": {"uv": [3, 3, 13, 4], "texture": "#2", "cullface": "up"}
			}
		},
		{
			"from": [3, 17, 9],
			"to": [13, 18, 10],
			"rotation": {"angle": 0, "axis": "y", "origin": [11, 17, 9]},
			"faces": {
				"north": {"uv": [3, 3, 13, 4], "texture": "#2", "cullface": "up"},
				"east": {"uv": [3, 3, 4, 4], "texture": "#2", "cullface": "up"},
				"south": {"uv": [3, 3, 13, 4], "texture": "#2", "cullface": "up"},
				"west": {"uv": [3, 3, 4, 4], "texture": "#2", "cullface": "up"},
				"up": {"uv": [3, 3, 13, 4], "texture": "#2", "cullface": "up"}
			}
		},
		{
			"from": [3, 17, 12],
			"to": [13, 18, 13],
			"rotation": {"angle": 0, "axis": "y", "origin": [11, 17, 12]},
			"faces": {
				"north": {"uv": [3, 3, 13, 4], "texture": "#2", "cullface": "up"},
				"east": {"uv": [3, 3, 4, 4], "texture": "#2", "cullface": "up"},
				"south": {"uv": [3, 3, 13, 4], "texture": "#2", "cullface": "up"},
				"west": {"uv": [3, 3, 4, 4], "texture": "#2", "cullface": "up"},
				"up": {"uv": [3, 3, 13, 4], "texture": "#2", "cullface": "up"}
			}
		},
		{
			"from": [12, 17, 7],
			"to": [13, 18, 9],
			"rotation": {"angle": 0, "axis": "y", "origin": [11, 17, 8]},
			"faces": {
				"east": {"uv": [3, 3, 4, 4], "texture": "#2", "cullface": "up"},
				"west": {"uv": [3, 3, 4, 4], "texture": "#2", "cullface": "up"},
				"up": {"uv": [4, 6, 6, 7], "rotation": 90, "texture": "#2", "cullface": "up"}
			}
		},
		{
			"from": [12, 17, 4],
			"to": [13, 18, 6],
			"rotation": {"angle": 0, "axis": "y", "origin": [11, 17, 5]},
			"faces": {
				"east": {"uv": [3, 3, 4, 4], "texture": "#2", "cullface": "up"},
				"west": {"uv": [3, 3, 4, 4], "texture": "#2", "cullface": "up"},
				"up": {"uv": [4, 6, 6, 7], "rotation": 90, "texture": "#2", "cullface": "up"}
			}
		},
		{
			"from": [9, 17, 4],
			"to": [10, 18, 6],
			"rotation": {"angle": 0, "axis": "y", "origin": [8, 17, 5]},
			"faces": {
				"east": {"uv": [3, 3, 4, 4], "texture": "#2", "cullface": "up"},
				"west": {"uv": [3, 3, 4, 4], "texture": "#2", "cullface": "up"},
				"up": {"uv": [4, 6, 6, 7], "rotation": 90, "texture": "#2", "cullface": "up"}
			}
		},
		{
			"from": [6, 17, 4],
			"to": [7, 18, 6],
			"rotation": {"angle": 0, "axis": "y", "origin": [5, 17, 5]},
			"faces": {
				"east": {"uv": [3, 3, 4, 4], "texture": "#2", "cullface": "up"},
				"west": {"uv": [3, 3, 4, 4], "texture": "#2", "cullface": "up"},
				"up": {"uv": [4, 6, 6, 7], "rotation": 90, "texture": "#2", "cullface": "up"}
			}
		},
		{
			"from": [3, 17, 4],
			"to": [4, 18, 6],
			"rotation": {"angle": 0, "axis": "y", "origin": [2, 17, 5]},
			"faces": {
				"east": {"uv": [3, 3, 4, 4], "texture": "#2", "cullface": "up"},
				"west": {"uv": [3, 3, 4, 4], "texture": "#2", "cullface": "up"},
				"up": {"uv": [4, 6, 6, 7], "rotation": 90, "texture": "#2", "cullface": "up"}
			}
		},
		{
			"from": [3, 17, 7],
			"to": [4, 18, 9],
			"rotation": {"angle": 0, "axis": "y", "origin": [2, 17, 8]},
			"faces": {
				"east": {"uv": [3, 3, 4, 4], "texture": "#2", "cullface": "up"},
				"west": {"uv": [3, 3, 4, 4], "texture": "#2", "cullface": "up"},
				"up": {"uv": [4, 6, 6, 7], "rotation": 90, "texture": "#2", "cullface": "up"}
			}
		},
		{
			"from": [6, 17, 7],
			"to": [7, 18, 9],
			"rotation": {"angle": 0, "axis": "y", "origin": [5, 17, 8]},
			"faces": {
				"east": {"uv": [3, 3, 4, 4], "texture": "#2", "cullface": "up"},
				"west": {"uv": [3, 3, 4, 4], "texture": "#2", "cullface": "up"},
				"up": {"uv": [4, 6, 6, 7], "rotation": 90, "texture": "#2", "cullface": "up"}
			}
		},
		{
			"from": [9, 17, 7],
			"to": [10, 18, 9],
			"rotation": {"angle": 0, "axis": "y", "origin": [8, 17, 8]},
			"faces": {
				"east": {"uv": [3, 3, 4, 4], "texture": "#2", "cullface": "up"},
				"west": {"uv": [3, 3, 4, 4], "texture": "#2", "cullface": "up"},
				"up": {"uv": [4, 6, 6, 7], "rotation": 90, "texture": "#2", "cullface": "up"}
			}
		},
		{
			"from": [12, 17, 10],
			"to": [13, 18, 12],
			"rotation": {"angle": 0, "axis": "y", "origin": [11, 17, 11]},
			"faces": {
				"east": {"uv": [3, 3, 4, 4], "texture": "#2", "cullface": "up"},
				"west": {"uv": [3, 3, 4, 4], "texture": "#2", "cullface": "up"},
				"up": {"uv": [4, 6, 6, 7], "rotation": 90, "texture": "#2", "cullface": "up"}
			}
		},
		{
			"from": [9, 17, 10],
			"to": [10, 18, 12],
			"rotation": {"angle": 0, "axis": "y", "origin": [8, 17, 11]},
			"faces": {
				"east": {"uv": [3, 3, 4, 4], "texture": "#2", "cullface": "up"},
				"west": {"uv": [3, 3, 4, 4], "texture": "#2", "cullface": "up"},
				"up": {"uv": [4, 6, 6, 7], "rotation": 90, "texture": "#2", "cullface": "up"}
			}
		},
		{
			"from": [6, 17, 10],
			"to": [7, 18, 12],
			"rotation": {"angle": 0, "axis": "y", "origin": [5, 17, 11]},
			"faces": {
				"east": {"uv": [3, 3, 4, 4], "texture": "#2", "cullface": "up"},
				"west": {"uv": [3, 3, 4, 4], "texture": "#2", "cullface": "up"},
				"up": {"uv": [4, 6, 6, 7], "rotation": 90, "texture": "#2", "cullface": "up"}
			}
		},
		{
			"from": [3, 17, 10],
			"to": [4, 18, 12],
			"rotation": {"angle": 0, "axis": "y", "origin": [2, 17, 11]},
			"faces": {
				"east": {"uv": [3, 3, 4, 4], "texture": "#2", "cullface": "up"},
				"west": {"uv": [3, 3, 4, 4], "texture": "#2", "cullface": "up"},
				"up": {"uv": [4, 6, 6, 7], "rotation": 90, "texture": "#2", "cullface": "up"}
			}
		}
	],
	"display": {
		"thirdperson_righthand": {
			"rotation": [75, 45, 0],
			"translation": [0, 2.5, 0],
			"scale": [0.375, 0.375, 0.375]
		},
		"thirdperson_lefthand": {
			"rotation": [75, 45, 0],
			"translation": [0, 2.5, 0],
			"scale": [0.375, 0.375, 0.375]
		},
		"firstperson_righthand": {
			"rotation": [0, 45, 0],
			"scale": [0.4, 0.4, 0.4]
		},
		"firstperson_lefthand": {
			"rotation": [0, 225, 0],
			"scale": [0.4, 0.4, 0.4]
		},
		"ground": {
			"translation": [0, 3, 0],
			"scale": [0.25, 0.25, 0.25]
		},
		"gui": {
			"rotation": [30, 225, 0],
			"scale": [0.625, 0.625, 0.625]
		},
		"fixed": {
			"scale": [0.5, 0.5, 0.5]
		}
	}
}