{
	"credit": "Made by sniffercraft34",
	"ambientocclusion": false,
	"textures": {
		"0": "block/rail",
		"1": "block/detector_rail",
		"particle": "block/detector_rail_on"
	},
	"elements": [
		{
			"from": [12, 11, -3],
			"to": [14, 12, 20],
			"rotation": {"angle": 45, "axis": "x", "origin": [12, 11, 4]},
			"faces": {
				"north": {"uv": [12, 0, 14, 1], "texture": "#0"},
				"east": {"uv": [2, 0, 4, 16], "rotation": 90, "texture": "#0"},
				"south": {"uv": [2, 0, 4, 1], "texture": "#0"},
				"west": {"uv": [2, 0, 4, 16], "rotation": 90, "texture": "#0"},
				"up": {"uv": [12, 0, 14, 16], "texture": "#0"},
				"down": {"uv": [2, 0, 4, 16], "texture": "#0"}
			}
		},
		{
			"from": [2, 11, -3],
			"to": [4, 12, 20],
			"rotation": {"angle": 45, "axis": "x", "origin": [2, 11, 4]},
			"faces": {
				"north": {"uv": [12, 0, 14, 1], "texture": "#0"},
				"east": {"uv": [2, 0, 4, 16], "rotation": 90, "texture": "#0"},
				"south": {"uv": [2, 0, 4, 1], "texture": "#0"},
				"west": {"uv": [2, 0, 4, 16], "rotation": 90, "texture": "#0"},
				"up": {"uv": [2, 0, 4, 16], "texture": "#0"},
				"down": {"uv": [2, 0, 4, 16], "texture": "#0"}
			}
		},
		{
			"from": [14, 14.1875, 2],
			"to": [15, 14.75, 4],
			"rotation": {"angle": 45, "axis": "x", "origin": [13, 14.1875, 1]},
			"faces": {
				"north": {"uv": [1, 1, 2, 2], "texture": "#0"},
				"east": {"uv": [1, 1, 2, 3], "rotation": 90, "texture": "#0"},
				"south": {"uv": [1, 1, 2, 2], "texture": "#0"},
				"west": {"uv": [1, 1, 2, 3], "texture": "#0"},
				"up": {"uv": [1, 1, 2, 3], "texture": "#0"},
				"down": {"uv": [1, 1, 2, 3], "texture": "#0"}
			}
		},
		{
			"from": [13.875, 9.5625, 6.1875],
			"to": [14.875, 10.25, 8.125],
			"rotation": {"angle": 45, "axis": "x", "origin": [12.875, 10.1875, 6]},
			"faces": {
				"north": {"uv": [1, 1, 2, 2], "texture": "#0"},
				"east": {"uv": [1, 1, 2, 3], "rotation": 90, "texture": "#0"},
				"south": {"uv": [1, 1, 2, 2], "texture": "#0"},
				"west": {"uv": [1, 1, 2, 3], "texture": "#0"},
				"up": {"uv": [1, 1, 2, 3], "texture": "#0"},
				"down": {"uv": [1, 1, 2, 3], "texture": "#0"}
			}
		},
		{
			"from": [1.1875, 9.5625, 6.1875],
			"to": [2.1875, 10.125, 8.125],
			"rotation": {"angle": 45, "axis": "x", "origin": [0.1875, 10.1875, 6]},
			"faces": {
				"north": {"uv": [1, 1, 2, 2], "texture": "#0"},
				"east": {"uv": [1, 1, 2, 3], "rotation": 90, "texture": "#0"},
				"south": {"uv": [1, 1, 2, 2], "texture": "#0"},
				"west": {"uv": [1, 1, 2, 3], "rotation": 270, "texture": "#0"},
				"up": {"uv": [1, 1, 2, 3], "texture": "#0"},
				"down": {"uv": [1, 1, 2, 3], "texture": "#0"}
			}
		},
		{
			"from": [14, 5.375, 10.1875],
			"to": [15, 5.9375, 12.1875],
			"rotation": {"angle": 45, "axis": "x", "origin": [13, 5.375, 10.1875]},
			"faces": {
				"north": {"uv": [1, 1, 2, 2], "texture": "#0"},
				"east": {"uv": [1, 1, 2, 3], "rotation": 90, "texture": "#0"},
				"south": {"uv": [1, 1, 2, 2], "texture": "#0"},
				"west": {"uv": [1, 1, 2, 3], "texture": "#0"},
				"up": {"uv": [1, 1, 2, 3], "texture": "#0"},
				"down": {"uv": [1, 1, 2, 3], "texture": "#0"}
			}
		},
		{
			"from": [1, 5.375, 10.1875],
			"to": [2, 5.9375, 12.1875],
			"rotation": {"angle": 45, "axis": "x", "origin": [0, 5.375, 10.1875]},
			"faces": {
				"north": {"uv": [1, 1, 2, 2], "texture": "#0"},
				"east": {"uv": [1, 1, 2, 3], "rotation": 90, "texture": "#0"},
				"south": {"uv": [1, 1, 2, 2], "texture": "#0"},
				"west": {"uv": [1, 1, 2, 3], "rotation": 270, "texture": "#0"},
				"up": {"uv": [1, 1, 2, 3], "texture": "#0"},
				"down": {"uv": [1, 1, 2, 3], "texture": "#0"}
			}
		},
		{
			"from": [14, 2.1875, 13.75],
			"to": [15, 2.75, 15.625],
			"rotation": {"angle": 45, "axis": "x", "origin": [13, 2.1875, 13]},
			"faces": {
				"north": {"uv": [1, 1, 2, 2], "texture": "#0"},
				"east": {"uv": [1, 1, 2, 3], "rotation": 90, "texture": "#0"},
				"south": {"uv": [1, 1, 2, 2], "texture": "#0"},
				"west": {"uv": [1, 1, 2, 3], "texture": "#0"},
				"up": {"uv": [1, 1, 2, 3], "texture": "#0"},
				"down": {"uv": [1, 1, 2, 3], "texture": "#0"}
			}
		},
		{
			"from": [1, 2.1875, 13.75],
			"to": [2, 2.75, 15.625],
			"rotation": {"angle": 45, "axis": "x", "origin": [0, 2.1875, 13]},
			"faces": {
				"north": {"uv": [1, 1, 2, 2], "texture": "#0"},
				"east": {"uv": [1, 1, 2, 3], "rotation": 90, "texture": "#0"},
				"south": {"uv": [1, 1, 2, 2], "texture": "#0"},
				"west": {"uv": [1, 1, 2, 3], "texture": "#0"},
				"up": {"uv": [1, 1, 2, 3], "texture": "#0"},
				"down": {"uv": [1, 1, 2, 3], "texture": "#0"}
			}
		},
		{
			"from": [1, 14.125, 2],
			"to": [2, 14.6875, 4],
			"rotation": {"angle": 45, "axis": "x", "origin": [0, 14.125, 1]},
			"faces": {
				"north": {"uv": [1, 1, 2, 2], "texture": "#0"},
				"east": {"uv": [1, 1, 2, 3], "rotation": 90, "texture": "#0"},
				"south": {"uv": [1, 1, 2, 2], "texture": "#0"},
				"west": {"uv": [1, 1, 2, 3], "rotation": 270, "texture": "#0"},
				"up": {"uv": [1, 1, 2, 3], "texture": "#0"},
				"down": {"uv": [1, 1, 2, 3], "texture": "#0"}
			}
		},
		{
			"from": [4, 14.1875, 2],
			"to": [12, 14.75, 4],
			"rotation": {"angle": 45, "axis": "x", "origin": [3, 14.1875, 1]},
			"faces": {
				"north": {"uv": [4, 1, 12, 2], "texture": "#0"},
				"east": {"uv": [4, 1, 12, 3], "texture": "#0"},
				"south": {"uv": [4, 1, 12, 2], "texture": "#0"},
				"west": {"uv": [4, 1, 12, 3], "texture": "#0"},
				"up": {"uv": [4, 1, 12, 3], "texture": "#0"},
				"down": {"uv": [4, 1, 12, 3], "texture": "#0"}
			}
		},
		{
			"from": [4, 9.1875, 5.5],
			"to": [12, 9.75, 7.375],
			"rotation": {"angle": 45, "axis": "x", "origin": [3, 9.1875, 6]},
			"faces": {
				"north": {"uv": [4, 1, 12, 2], "texture": "#0"},
				"east": {"uv": [4, 1, 12, 3], "texture": "#0"},
				"south": {"uv": [4, 1, 12, 2], "texture": "#0"},
				"west": {"uv": [4, 1, 12, 3], "texture": "#0"},
				"up": {"uv": [4, 1, 12, 3], "texture": "#0"},
				"down": {"uv": [4, 1, 12, 3], "texture": "#0"}
			}
		},
		{
			"from": [4, 3.3125, 10],
			"to": [12, 5.1875, 10.5625],
			"rotation": {"angle": -45, "axis": "x", "origin": [3, 5.1875, 10]},
			"faces": {
				"north": {"uv": [4, 1, 12, 3], "rotation": 180, "texture": "#0"},
				"east": {"uv": [4, 1, 12, 3], "rotation": 270, "texture": "#0"},
				"south": {"uv": [4, 1, 12, 3], "texture": "#0"},
				"west": {"uv": [4, 1, 12, 3], "rotation": 90, "texture": "#0"},
				"up": {"uv": [4, 1, 12, 2], "rotation": 180, "texture": "#0"},
				"down": {"uv": [4, 1, 12, 2], "texture": "#0"}
			}
		},
		{
			"from": [4, 2.1875, 13.625],
			"to": [12, 2.75, 15.4375],
			"rotation": {"angle": 45, "axis": "x", "origin": [3, 2.1875, 13]},
			"faces": {
				"north": {"uv": [4, 1, 12, 2], "texture": "#0"},
				"east": {"uv": [4, 1, 12, 3], "texture": "#0"},
				"south": {"uv": [4, 1, 12, 2], "texture": "#0"},
				"west": {"uv": [4, 1, 12, 3], "texture": "#0"},
				"up": {"uv": [4, 1, 12, 3], "texture": "#0"},
				"down": {"uv": [4, 1, 12, 3], "texture": "#0"}
			}
		},
		{
			"from": [5, 7, 4.4375],
			"to": [11, 8.1875, 12.625],
			"rotation": {"angle": 45, "axis": "x", "origin": [7, 7, 8]},
			"faces": {
				"north": {"uv": [5, 10, 11, 11], "texture": "#1"},
				"east": {"uv": [5, 10, 11, 11], "texture": "#1"},
				"south": {"uv": [5, 11, 11, 10], "texture": "#1"},
				"west": {"uv": [5, 10, 11, 11], "texture": "#1"},
				"up": {"uv": [5, 5, 11, 11], "texture": "#1"},
				"down": {"uv": [5, 10, 11, 11], "texture": "#1"}
			}
		},
		{
			"from": [6, 8.8125, 7.25],
			"to": [10, 9.375, 12.6875],
			"rotation": {"angle": 45, "axis": "x", "origin": [6, 9, 8]},
			"faces": {
				"north": {"uv": [6, 6, 10, 10], "texture": "#1"},
				"east": {"uv": [6, 6, 10, 10], "texture": "#1"},
				"south": {"uv": [6, 6, 10, 10], "texture": "#1"},
				"west": {"uv": [6, 6, 10, 10], "texture": "#1"},
				"up": {"uv": [6, 6, 10, 10], "texture": "#1"},
				"down": {"uv": [6, 6, 10, 10], "texture": "#1"}
			}
		}
	],
	"display": {
		"thirdperson_righthand": {
			"rotation": [75, 45, 0],
			"translation": [0, 2.5, 2.75],
			"scale": [0.375, 0.375, 0.375]
		},
		"thirdperson_lefthand": {
			"rotation": [75, 45, 0],
			"translation": [0, 2.5, 2.75],
			"scale": [0.375, 0.375, 0.375]
		},
		"firstperson_righthand": {
			"rotation": [0, 45, 0],
			"translation": [0, 3.75, 0],
			"scale": [0.4, 0.4, 0.4]
		},
		"firstperson_lefthand": {
			"rotation": [0, 225, 0],
			"translation": [0, 3.25, 0],
			"scale": [0.4, 0.4, 0.4]
		},
		"ground": {
			"translation": [0, 2, 0],
			"scale": [0.5, 0.5, 0.5]
		},
		"gui": {
			"rotation": [30, 225, 0],
			"scale": [0.625, 0.625, 0.625]
		},
		"head": {
			"rotation": [0, 180, 0],
			"translation": [0, 14, 0.25]
		},
		"fixed": {
			"rotation": [0, 180, 0],
			"translation": [0, 7.5, 0]
		}
	}
}