{
	"credit": "Made by sniffercraft34",
	"parent": "block/block",
	"textures": {
		"particle": "block/enchanting_table_bottom",
		"bottom": "block/enchanting_table_bottom",
		"top": "block/enchanting_table_top",
		"side": "block/enchanting_table_side"
	},
	"elements": [
		{
			"from": [0.125, 0, 0.0625],
			"to": [15.9375, 12, 15.875],
			"faces": {
				"north": {"uv": [0, 4, 16, 16], "texture": "#side"},
				"east": {"uv": [0, 4, 16, 16], "texture": "#side"},
				"south": {"uv": [0, 4, 16, 16], "texture": "#side"},
				"west": {"uv": [0, 4, 16, 16], "texture": "#side"},
				"up": {"uv": [0, 0, 16, 16], "texture": "#top"},
				"down": {"uv": [0, 0, 16, 16], "texture": "#bottom", "cullface": "down"}
			}
		},
		{
			"from": [-1, 8, -1],
			"to": [3, 13, 0],
			"rotation": {"angle": 0, "axis": "y", "origin": [0, 8, -2]},
			"faces": {
				"north": {"uv": [13, 4, 16, 8], "texture": "#side", "cullface": "north"},
				"east": {"uv": [0, 0, 1, 4], "texture": "#top", "cullface": "north"},
				"south": {"uv": [0, 0, 2, 4], "texture": "#missing", "cullface": "north"},
				"west": {"uv": [0, 4, 1, 8], "texture": "#side", "cullface": "west"},
				"up": {"uv": [0, 13, 1, 16], "rotation": 90, "texture": "#top", "cullface": "north"},
				"down": {"uv": [13, 7, 16, 8], "rotation": 180, "texture": "#side", "cullface": "north"}
			}
		},
		{
			"from": [13, 8, -1],
			"to": [17, 13, 0],
			"rotation": {"angle": 0, "axis": "y", "origin": [14, 8, -2]},
			"faces": {
				"north": {"uv": [13, 4, 16, 8], "texture": "#side", "cullface": "north"},
				"east": {"uv": [15, 4, 16, 8], "texture": "#side", "cullface": "north"},
				"south": {"uv": [0, 0, 2, 4], "texture": "#missing", "cullface": "north"},
				"west": {"uv": [0, 4, 1, 8], "texture": "#side", "cullface": "north"},
				"up": {"uv": [0, 13, 1, 16], "rotation": 90, "texture": "#top", "cullface": "north"},
				"down": {"uv": [13, 7, 16, 8], "rotation": 180, "texture": "#side", "cullface": "north"}
			}
		},
		{
			"from": [0, 8, 16],
			"to": [3, 13, 17],
			"rotation": {"angle": 0, "axis": "y", "origin": [2, 8, 18]},
			"faces": {
				"north": {"uv": [0, 0, 2, 4], "texture": "#missing", "cullface": "south"},
				"east": {"uv": [0, 4, 1, 8], "texture": "#side", "cullface": "south"},
				"south": {"uv": [0, 4, 3, 8], "texture": "#side", "cullface": "south"},
				"up": {"uv": [0, 13, 1, 16], "rotation": 270, "texture": "#top", "cullface": "south"},
				"down": {"uv": [13, 7, 16, 8], "texture": "#side", "cullface": "south"}
			}
		},
		{
			"from": [13, 8, 16],
			"to": [17, 13, 17],
			"rotation": {"angle": 0, "axis": "y", "origin": [15, 8, 18]},
			"faces": {
				"north": {"uv": [0, 0, 2, 4], "texture": "#missing", "cullface": "south"},
				"east": {"uv": [0, 4, 1, 8], "texture": "#side", "cullface": "east"},
				"south": {"uv": [13, 4, 16, 8], "texture": "#side", "cullface": "south"},
				"west": {"uv": [0, 0, 1, 4], "texture": "#top", "cullface": "south"},
				"up": {"uv": [0, 13, 1, 16], "rotation": 270, "texture": "#top", "cullface": "south"},
				"down": {"uv": [13, 7, 16, 8], "texture": "#side", "cullface": "south"}
			}
		},
		{
			"from": [-1, 8, 0],
			"to": [0, 13, 3],
			"rotation": {"angle": 0, "axis": "y", "origin": [-2, 8, 3]},
			"faces": {
				"east": {"uv": [0, 0, 2, 4], "texture": "#missing", "cullface": "west"},
				"south": {"uv": [0, 4, 1, 8], "texture": "#side", "cullface": "west"},
				"west": {"uv": [1, 4, 3, 8], "texture": "#side", "cullface": "west"},
				"up": {"uv": [0, 13, 1, 16], "texture": "#top", "cullface": "west"},
				"down": {"uv": [13, 7, 16, 8], "rotation": 270, "texture": "#side", "cullface": "west"}
			}
		},
		{
			"from": [-1, 8, 13],
			"to": [0, 13, 17],
			"rotation": {"angle": 0, "axis": "y", "origin": [-2, 8, 16]},
			"faces": {
				"north": {"uv": [0, 4, 1, 8], "texture": "#side", "cullface": "west"},
				"east": {"uv": [0, 0, 2, 4], "texture": "#missing", "cullface": "west"},
				"south": {"uv": [0, 4, 1, 8], "texture": "#side", "cullface": "west"},
				"west": {"uv": [13, 4, 16, 8], "texture": "#side", "cullface": "west"},
				"up": {"uv": [0, 13, 1, 16], "texture": "#top", "cullface": "west"},
				"down": {"uv": [13, 7, 16, 8], "rotation": 270, "texture": "#side", "cullface": "west"}
			}
		},
		{
			"from": [16, 8, 13],
			"to": [17, 13, 16],
			"rotation": {"angle": 0, "axis": "y", "origin": [18, 8, 13]},
			"faces": {
				"north": {"uv": [0, 4, 1, 8], "texture": "#side", "cullface": "east"},
				"east": {"uv": [13, 4, 16, 8], "texture": "#side", "cullface": "east"},
				"west": {"uv": [0, 0, 2, 4], "texture": "#missing", "cullface": "east"},
				"up": {"uv": [0, 13, 1, 16], "rotation": 180, "texture": "#top", "cullface": "east"},
				"down": {"uv": [13, 7, 16, 8], "rotation": 90, "texture": "#side", "cullface": "east"}
			}
		},
		{
			"from": [16, 8, 0],
			"to": [17, 13, 3],
			"rotation": {"angle": 0, "axis": "y", "origin": [18, 8, 1]},
			"faces": {
				"east": {"uv": [13, 4, 16, 8], "texture": "#side", "cullface": "east"},
				"south": {"uv": [0, 4, 1, 8], "texture": "#side", "cullface": "east"},
				"west": {"uv": [0, 0, 2, 4], "texture": "#missing", "cullface": "east"},
				"up": {"uv": [0, 13, 1, 16], "rotation": 180, "texture": "#top", "cullface": "east"},
				"down": {"uv": [13, 7, 16, 8], "rotation": 90, "texture": "#side", "cullface": "east"}
			}
		},
		{
			"from": [-1, 9, 3],
			"to": [0, 13, 4],
			"rotation": {"angle": 0, "axis": "y", "origin": [-3, 8, 2]},
			"faces": {
				"east": {"uv": [12, 4, 13, 7], "texture": "#side", "cullface": "west"},
				"south": {"uv": [12, 4, 13, 7], "texture": "#side", "cullface": "west"},
				"west": {"uv": [12, 4, 13, 7], "texture": "#side", "cullface": "west"},
				"up": {"uv": [12, 4, 13, 5], "texture": "#side", "cullface": "west"},
				"down": {"uv": [12, 6, 13, 7], "texture": "#side", "cullface": "west"}
			}
		},
		{
			"from": [-1, 9, 12],
			"to": [0, 13, 13],
			"rotation": {"angle": 0, "axis": "y", "origin": [-3, 8, 11]},
			"faces": {
				"north": {"uv": [12, 4, 13, 7], "texture": "#side", "cullface": "west"},
				"east": {"uv": [12, 4, 13, 7], "texture": "#side", "cullface": "west"},
				"west": {"uv": [12, 4, 13, 7], "texture": "#side", "cullface": "west"},
				"up": {"uv": [12, 4, 13, 5], "texture": "#side", "cullface": "west"},
				"down": {"uv": [12, 6, 13, 7], "texture": "#side", "cullface": "west"}
			}
		},
		{
			"from": [16, 9, 12],
			"to": [17, 13, 13],
			"rotation": {"angle": 0, "axis": "y", "origin": [14, 8, 11]},
			"faces": {
				"north": {"uv": [12, 4, 13, 7], "texture": "#side", "cullface": "east"},
				"east": {"uv": [12, 4, 13, 7], "texture": "#side", "cullface": "east"},
				"west": {"uv": [12, 4, 13, 7], "texture": "#side", "cullface": "east"},
				"up": {"uv": [12, 4, 13, 5], "texture": "#side", "cullface": "east"},
				"down": {"uv": [12, 6, 13, 7], "texture": "#side", "cullface": "east"}
			}
		},
		{
			"from": [16, 9, 3],
			"to": [17, 13, 4],
			"rotation": {"angle": 0, "axis": "y", "origin": [14, 8, 2]},
			"faces": {
				"east": {"uv": [12, 4, 13, 7], "texture": "#side", "cullface": "east"},
				"south": {"uv": [12, 4, 13, 7], "texture": "#side", "cullface": "east"},
				"west": {"uv": [12, 4, 13, 7], "texture": "#side", "cullface": "east"},
				"up": {"uv": [12, 4, 13, 5], "texture": "#side", "cullface": "east"},
				"down": {"uv": [12, 6, 13, 7], "texture": "#side", "cullface": "east"}
			}
		},
		{
			"from": [3, 9, -1],
			"to": [4, 13, 0],
			"rotation": {"angle": 0, "axis": "y", "origin": [1, 8, -2]},
			"faces": {
				"north": {"uv": [12, 4, 13, 7], "texture": "#side", "cullface": "north"},
				"east": {"uv": [12, 4, 13, 7], "texture": "#side", "cullface": "north"},
				"south": {"uv": [12, 4, 13, 7], "texture": "#side", "cullface": "north"},
				"up": {"uv": [12, 4, 13, 5], "texture": "#side", "cullface": "north"},
				"down": {"uv": [12, 6, 13, 7], "texture": "#side", "cullface": "north"}
			}
		},
		{
			"from": [12, 9, -1],
			"to": [13, 13, 0],
			"rotation": {"angle": 0, "axis": "y", "origin": [10, 8, -2]},
			"faces": {
				"north": {"uv": [12, 4, 13, 7], "texture": "#side", "cullface": "north"},
				"south": {"uv": [12, 4, 13, 7], "texture": "#side", "cullface": "north"},
				"west": {"uv": [12, 4, 13, 7], "texture": "#side", "cullface": "north"},
				"up": {"uv": [12, 4, 13, 5], "texture": "#side", "cullface": "north"},
				"down": {"uv": [12, 6, 13, 7], "texture": "#side", "cullface": "north"}
			}
		},
		{
			"from": [3, 9, 16],
			"to": [4, 13, 17],
			"rotation": {"angle": 0, "axis": "y", "origin": [1, 8, 15]},
			"faces": {
				"north": {"uv": [12, 4, 13, 7], "texture": "#side", "cullface": "south"},
				"east": {"uv": [12, 4, 13, 7], "texture": "#side", "cullface": "south"},
				"south": {"uv": [12, 4, 13, 7], "texture": "#side", "cullface": "south"},
				"up": {"uv": [12, 4, 13, 5], "texture": "#side", "cullface": "south"},
				"down": {"uv": [12, 6, 13, 7], "texture": "#side", "cullface": "south"}
			}
		},
		{
			"from": [12, 9, 16],
			"to": [13, 13, 17],
			"rotation": {"angle": 0, "axis": "y", "origin": [10, 8, 15]},
			"faces": {
				"north": {"uv": [12, 4, 13, 7], "texture": "#side", "cullface": "south"},
				"south": {"uv": [12, 4, 13, 7], "texture": "#side", "cullface": "south"},
				"west": {"uv": [12, 4, 13, 7], "texture": "#side", "cullface": "south"},
				"up": {"uv": [12, 4, 13, 5], "texture": "#side", "cullface": "south"},
				"down": {"uv": [12, 6, 13, 7], "texture": "#side", "cullface": "south"}
			}
		},
		{
			"from": [0, 12, 0],
			"to": [3, 13, 3],
			"rotation": {"angle": 0, "axis": "y", "origin": [0, 12, 0]},
			"faces": {
				"up": {"uv": [13, 1, 15, 3], "texture": "#top"},
				"down": {"uv": [13, 1, 15, 3], "texture": "#top"}
			}
		},
		{
			"from": [13, 12, 0],
			"to": [16, 13, 3],
			"rotation": {"angle": 0, "axis": "y", "origin": [13, 12, 0]},
			"faces": {
				"up": {"uv": [13, 1, 15, 3], "texture": "#top"},
				"down": {"uv": [13, 1, 15, 3], "texture": "#top"}
			}
		},
		{
			"from": [13, 12, 13],
			"to": [16, 13, 16],
			"rotation": {"angle": 0, "axis": "y", "origin": [13, 12, 13]},
			"faces": {
				"north": {"uv": [13, 1, 15, 3], "texture": "#top"},
				"up": {"uv": [13, 1, 15, 3], "texture": "#top"},
				"down": {"uv": [13, 1, 15, 3], "texture": "#top"}
			}
		},
		{
			"from": [0, 12, 13],
			"to": [3, 13, 16],
			"rotation": {"angle": 0, "axis": "y", "origin": [0, 12, 13]},
			"faces": {
				"north": {"uv": [13, 1, 15, 3], "texture": "#top"},
				"up": {"uv": [13, 1, 15, 3], "texture": "#top"},
				"down": {"uv": [13, 1, 15, 3], "texture": "#top"}
			}
		},
		{
			"from": [0, 12, 2.9375],
			"to": [3, 13, 3.9375],
			"rotation": {"angle": 0, "axis": "z", "origin": [0, 13, 2.9375]},
			"faces": {
				"east": {"uv": [3, 13, 4, 16], "rotation": 90, "texture": "#top"},
				"south": {"uv": [3, 13, 4, 16], "rotation": 90, "texture": "#top"},
				"up": {"uv": [3, 13, 4, 16], "rotation": 90, "texture": "#top"},
				"down": {"uv": [3, 13, 4, 16], "rotation": 90, "texture": "#top"}
			}
		},
		{
			"from": [0, 12, 11.875],
			"to": [3, 13, 12.875],
			"rotation": {"angle": 0, "axis": "y", "origin": [0, 13, 11.875]},
			"faces": {
				"north": {"uv": [3, 13, 4, 16], "rotation": 90, "texture": "#top"},
				"east": {"uv": [3, 13, 4, 16], "rotation": 90, "texture": "#top"},
				"south": {"uv": [3, 13, 4, 16], "rotation": 90, "texture": "#top"},
				"west": {"uv": [3, 13, 4, 16], "rotation": 90, "texture": "#top", "cullface": "west"},
				"up": {"uv": [3, 13, 4, 16], "rotation": 90, "texture": "#top"},
				"down": {"uv": [3, 13, 4, 16], "rotation": 90, "texture": "#top"}
			}
		},
		{
			"from": [13, 12, 11.875],
			"to": [16, 13, 12.875],
			"rotation": {"angle": 0, "axis": "y", "origin": [13, 13, 11.875]},
			"faces": {
				"north": {"uv": [3, 13, 4, 16], "rotation": 90, "texture": "#top"},
				"east": {"uv": [3, 13, 4, 16], "rotation": 90, "texture": "#top", "cullface": "east"},
				"south": {"uv": [3, 13, 4, 16], "rotation": 90, "texture": "#top"},
				"west": {"uv": [3, 13, 4, 16], "rotation": 90, "texture": "#top"},
				"up": {"uv": [3, 13, 4, 16], "rotation": 90, "texture": "#top"},
				"down": {"uv": [3, 13, 4, 16], "rotation": 90, "texture": "#top"}
			}
		},
		{
			"from": [13, 12, 2.875],
			"to": [16, 13, 3.875],
			"rotation": {"angle": 0, "axis": "y", "origin": [13, 13, 2.875]},
			"faces": {
				"south": {"uv": [3, 13, 4, 16], "rotation": 90, "texture": "#top"},
				"west": {"uv": [3, 13, 4, 16], "rotation": 90, "texture": "#top"},
				"up": {"uv": [3, 13, 4, 16], "rotation": 90, "texture": "#top"},
				"down": {"uv": [3, 13, 4, 16], "rotation": 90, "texture": "#top"}
			}
		},
		{
			"from": [3, 12, 0],
			"to": [4, 13, 3],
			"rotation": {"angle": 0, "axis": "y", "origin": [3, 13, 3]},
			"faces": {
				"east": {"uv": [3, 13, 4, 16], "rotation": 90, "texture": "#top"},
				"south": {"uv": [3, 13, 4, 16], "rotation": 90, "texture": "#top"},
				"up": {"uv": [3, 13, 4, 16], "texture": "#top"},
				"down": {"uv": [3, 13, 4, 16], "rotation": 180, "texture": "#top"}
			}
		},
		{
			"from": [3, 12, 13],
			"to": [4, 13, 16],
			"rotation": {"angle": 0, "axis": "y", "origin": [3, 13, 16]},
			"faces": {
				"north": {"uv": [3, 13, 4, 16], "rotation": 90, "texture": "#top"},
				"east": {"uv": [3, 13, 4, 16], "rotation": 90, "texture": "#top"},
				"up": {"uv": [3, 13, 4, 16], "texture": "#top"},
				"down": {"uv": [3, 13, 4, 16], "rotation": 180, "texture": "#top"}
			}
		},
		{
			"from": [4, 10, 15.5],
			"to": [5, 12, 16],
			"rotation": {"angle": 0, "axis": "y", "origin": [3, 7, 14]},
			"faces": {
				"south": {"uv": [11, 4, 12, 6], "texture": "#side", "cullface": "south"},
				"west": {"uv": [11, 4, 12, 6], "texture": "#side"},
				"down": {"uv": [11, 4, 12, 6], "texture": "#side"}
			}
		},
		{
			"from": [9, 8, 15.5],
			"to": [10, 12, 16],
			"rotation": {"angle": 0, "axis": "y", "origin": [8, 7, 14]},
			"faces": {
				"east": {"uv": [9, 4, 10, 8], "texture": "#side"},
				"south": {"uv": [9, 4, 10, 8], "texture": "#side", "cullface": "south"},
				"down": {"uv": [9, 7, 10, 8], "texture": "#side"}
			}
		},
		{
			"from": [10, 9, 15.5],
			"to": [11, 12, 16],
			"rotation": {"angle": 0, "axis": "y", "origin": [9, 7, 14]},
			"faces": {
				"east": {"uv": [10, 4, 11, 7], "texture": "#side"},
				"south": {"uv": [10, 4, 11, 7], "texture": "#side", "cullface": "south"},
				"down": {"uv": [10, 6, 11, 7], "texture": "#side"}
			}
		},
		{
			"from": [11, 10, 15.5],
			"to": [12, 12, 16],
			"rotation": {"angle": 0, "axis": "y", "origin": [10, 7, 14]},
			"faces": {
				"east": {"uv": [4, 4, 5, 6], "texture": "#side"},
				"south": {"uv": [4, 4, 5, 6], "texture": "#side", "cullface": "south"},
				"down": {"uv": [4, 4, 5, 6], "texture": "#side"}
			}
		},
		{
			"from": [5, 9, 15.5],
			"to": [6, 12, 16],
			"rotation": {"angle": 0, "axis": "y", "origin": [4, 7, 14]},
			"faces": {
				"south": {"uv": [10, 4, 11, 7], "texture": "#side", "cullface": "south"},
				"west": {"uv": [10, 4, 11, 7], "texture": "#side"},
				"down": {"uv": [10, 6, 11, 7], "texture": "#side"}
			}
		},
		{
			"from": [7, 7, 15.5],
			"to": [9, 12, 16],
			"rotation": {"angle": 0, "axis": "y", "origin": [7, 7, 14]},
			"faces": {
				"east": {"uv": [7, 4, 9, 9], "texture": "#side"},
				"south": {"uv": [7, 4, 9, 9], "texture": "#side", "cullface": "south"},
				"west": {"uv": [7, 4, 9, 9], "texture": "#side"},
				"down": {"uv": [7, 8, 9, 9], "texture": "#side"}
			}
		},
		{
			"from": [6, 8, 15.5],
			"to": [7, 12, 16],
			"rotation": {"angle": 0, "axis": "y", "origin": [5, 7, 14]},
			"faces": {
				"south": {"uv": [9, 4, 10, 8], "texture": "#side", "cullface": "south"},
				"west": {"uv": [9, 4, 10, 8], "texture": "#side"},
				"down": {"uv": [9, 7, 10, 8], "texture": "#side"}
			}
		},
		{
			"from": [12, 12, 13],
			"to": [13, 13, 16],
			"rotation": {"angle": 0, "axis": "y", "origin": [12, 13, 16]},
			"faces": {
				"north": {"uv": [3, 13, 4, 16], "rotation": 90, "texture": "#top"},
				"west": {"uv": [3, 13, 4, 16], "rotation": 90, "texture": "#top"},
				"up": {"uv": [3, 13, 4, 16], "texture": "#top"},
				"down": {"uv": [3, 13, 4, 16], "rotation": 180, "texture": "#top"}
			}
		},
		{
			"from": [9, 8, -0.5],
			"to": [10, 12, 0],
			"rotation": {"angle": 0, "axis": "y", "origin": [8, 7, -2]},
			"faces": {
				"north": {"uv": [9, 4, 10, 8], "texture": "#side", "cullface": "north"},
				"east": {"uv": [9, 4, 10, 8], "texture": "#side", "cullface": "north"},
				"south": {"uv": [9, 4, 10, 8], "texture": "#side", "cullface": "north"},
				"up": {"uv": [9, 4, 10, 8], "texture": "#side", "cullface": "north"},
				"down": {"uv": [9, 7, 10, 8], "texture": "#side", "cullface": "north"}
			}
		},
		{
			"from": [4, 10, -0.5],
			"to": [5, 12, 0],
			"rotation": {"angle": 0, "axis": "y", "origin": [3, 7, -2]},
			"faces": {
				"north": {"uv": [11, 4, 12, 6], "texture": "#side", "cullface": "north"},
				"south": {"uv": [11, 4, 12, 6], "texture": "#side", "cullface": "north"},
				"up": {"uv": [11, 4, 12, 6], "texture": "#side", "cullface": "north"},
				"down": {"uv": [11, 4, 12, 6], "texture": "#side", "cullface": "north"}
			}
		},
		{
			"from": [10, 9, -0.5],
			"to": [11, 12, 0],
			"rotation": {"angle": 0, "axis": "y", "origin": [9, 7, -2]},
			"faces": {
				"north": {"uv": [10, 4, 11, 7], "texture": "#side", "cullface": "north"},
				"east": {"uv": [10, 4, 11, 7], "texture": "#side", "cullface": "north"},
				"south": {"uv": [10, 4, 11, 7], "texture": "#side", "cullface": "north"},
				"up": {"uv": [10, 4, 11, 7], "texture": "#side", "cullface": "north"},
				"down": {"uv": [10, 6, 11, 7], "texture": "#side", "cullface": "north"}
			}
		},
		{
			"from": [15.5, 8, 6],
			"to": [16, 12, 7],
			"rotation": {"angle": 0, "axis": "y", "origin": [17.5, 7, 5]},
			"faces": {
				"north": {"uv": [9, 4, 10, 8], "texture": "#side"},
				"east": {"uv": [9, 4, 10, 8], "texture": "#side", "cullface": "east"},
				"up": {"uv": [9, 4, 10, 8], "rotation": 90, "texture": "#side"},
				"down": {"uv": [9, 7, 10, 8], "rotation": 270, "texture": "#side"}
			}
		},
		{
			"from": [-0.5625, 9, 10],
			"to": [-0.0625, 12, 11],
			"rotation": {"angle": 0, "axis": "y", "origin": [1.4375, 7, 9]},
			"faces": {
				"north": {"uv": [10, 4, 11, 7], "texture": "#side", "cullface": "west"},
				"east": {"uv": [10, 4, 11, 7], "texture": "#side", "cullface": "west"},
				"south": {"uv": [10, 4, 11, 7], "texture": "#side", "cullface": "west"},
				"west": {"uv": [10, 4, 11, 7], "texture": "#side", "cullface": "west"},
				"up": {"uv": [10, 4, 11, 7], "rotation": 90, "texture": "#side", "cullface": "west"},
				"down": {"uv": [10, 6, 11, 7], "rotation": 270, "texture": "#side", "cullface": "west"}
			}
		},
		{
			"from": [-0.5, 7, 7],
			"to": [0, 12, 9],
			"rotation": {"angle": 0, "axis": "y", "origin": [1.5, 7, 7]},
			"faces": {
				"north": {"uv": [7, 4, 9, 9], "texture": "#side", "cullface": "west"},
				"east": {"uv": [7, 4, 9, 9], "texture": "#side", "cullface": "west"},
				"south": {"uv": [7, 4, 9, 9], "texture": "#side", "cullface": "west"},
				"west": {"uv": [7, 4, 9, 9], "texture": "#side", "cullface": "west"},
				"up": {"uv": [7, 4, 9, 9], "rotation": 90, "texture": "#side", "cullface": "west"},
				"down": {"uv": [7, 8, 9, 9], "rotation": 270, "texture": "#side", "cullface": "west"}
			}
		},
		{
			"from": [-0.5625, 10, 11],
			"to": [-0.0625, 12, 12],
			"rotation": {"angle": 0, "axis": "y", "origin": [1.4375, 7, 10]},
			"faces": {
				"east": {"uv": [4, 4, 5, 6], "texture": "#side", "cullface": "west"},
				"west": {"uv": [4, 4, 5, 6], "texture": "#side", "cullface": "west"},
				"up": {"uv": [4, 4, 5, 6], "rotation": 90, "texture": "#side", "cullface": "west"},
				"down": {"uv": [4, 4, 5, 6], "rotation": 270, "texture": "#side", "cullface": "west"}
			}
		},
		{
			"from": [-0.5, 8, 9],
			"to": [0, 12, 10],
			"rotation": {"angle": 0, "axis": "y", "origin": [1.5, 7, 8]},
			"faces": {
				"east": {"uv": [9, 4, 10, 8], "texture": "#side", "cullface": "west"},
				"south": {"uv": [9, 4, 10, 8], "texture": "#side", "cullface": "west"},
				"west": {"uv": [9, 4, 10, 8], "texture": "#side", "cullface": "west"},
				"up": {"uv": [9, 4, 10, 8], "rotation": 90, "texture": "#side", "cullface": "west"},
				"down": {"uv": [9, 7, 10, 8], "rotation": 270, "texture": "#side", "cullface": "west"}
			}
		},
		{
			"from": [-0.5625, 10, 4],
			"to": [-0.0625, 12, 5],
			"rotation": {"angle": 0, "axis": "y", "origin": [1.4375, 7, 3]},
			"faces": {
				"east": {"uv": [4, 4, 5, 6], "texture": "#side", "cullface": "west"},
				"west": {"uv": [4, 4, 5, 6], "texture": "#side", "cullface": "west"},
				"up": {"uv": [4, 4, 5, 6], "rotation": 90, "texture": "#side", "cullface": "west"},
				"down": {"uv": [4, 4, 5, 6], "rotation": 270, "texture": "#side", "cullface": "west"}
			}
		},
		{
			"from": [-0.5, 8, 6],
			"to": [0, 12, 7],
			"rotation": {"angle": 0, "axis": "y", "origin": [1.5, 7, 5]},
			"faces": {
				"north": {"uv": [9, 4, 10, 8], "texture": "#side", "cullface": "west"},
				"east": {"uv": [9, 4, 10, 8], "texture": "#side", "cullface": "west"},
				"west": {"uv": [9, 4, 10, 8], "texture": "#side", "cullface": "west"},
				"up": {"uv": [9, 4, 10, 8], "rotation": 90, "texture": "#side", "cullface": "west"},
				"down": {"uv": [9, 7, 10, 8], "rotation": 270, "texture": "#side", "cullface": "west"}
			}
		},
		{
			"from": [-0.5625, 9, 5],
			"to": [-0.0625, 12, 6],
			"rotation": {"angle": 0, "axis": "y", "origin": [1.4375, 7, 4]},
			"faces": {
				"north": {"uv": [10, 4, 11, 7], "texture": "#side", "cullface": "west"},
				"east": {"uv": [10, 4, 11, 7], "texture": "#side", "cullface": "west"},
				"south": {"uv": [10, 4, 11, 7], "texture": "#side", "cullface": "west"},
				"west": {"uv": [10, 4, 11, 7], "texture": "#side", "cullface": "west"},
				"up": {"uv": [10, 4, 11, 7], "rotation": 90, "texture": "#side", "cullface": "west"},
				"down": {"uv": [10, 6, 11, 7], "rotation": 270, "texture": "#side", "cullface": "west"}
			}
		},
		{
			"from": [15.5, 8, 9],
			"to": [16, 12, 10],
			"rotation": {"angle": 0, "axis": "y", "origin": [17.5, 7, 8]},
			"faces": {
				"east": {"uv": [9, 4, 10, 8], "texture": "#side", "cullface": "east"},
				"south": {"uv": [9, 4, 10, 8], "texture": "#side"},
				"up": {"uv": [9, 4, 10, 8], "rotation": 90, "texture": "#side"},
				"down": {"uv": [9, 7, 10, 8], "rotation": 270, "texture": "#side"}
			}
		},
		{
			"from": [15.5, 7, 7],
			"to": [16, 12, 9],
			"rotation": {"angle": 0, "axis": "y", "origin": [17.5, 7, 7]},
			"faces": {
				"north": {"uv": [7, 4, 9, 9], "texture": "#side"},
				"east": {"uv": [7, 4, 9, 9], "texture": "#side", "cullface": "east"},
				"south": {"uv": [7, 4, 9, 9], "texture": "#side"},
				"up": {"uv": [7, 4, 9, 9], "rotation": 90, "texture": "#side"},
				"down": {"uv": [7, 8, 9, 9], "rotation": 270, "texture": "#side"}
			}
		},
		{
			"from": [4, 12, -0.375],
			"to": [12, 12.375, 16],
			"rotation": {"angle": 0, "axis": "y", "origin": [7, 12, -1.5]},
			"faces": {
				"north": {"uv": [7, 4, 9, 5], "texture": "#side", "cullface": "north"},
				"east": {"uv": [7, 4, 9, 5], "texture": "#side"},
				"south": {"uv": [7, 4, 9, 5], "texture": "#side", "cullface": "south"},
				"west": {"uv": [7, 4, 9, 5], "texture": "#side"},
				"up": {"uv": [4, 0, 12, 16], "texture": "#top"},
				"down": {"uv": [7, 4, 9, 5], "texture": "#side"}
			}
		},
		{
			"from": [12, 12, 4.0625],
			"to": [15.875, 12.375, 11.875],
			"rotation": {"angle": 0, "axis": "y", "origin": [29, 12, 6.5]},
			"faces": {
				"north": {"uv": [7, 4, 9, 5], "texture": "#side"},
				"east": {"uv": [7, 4, 9, 5], "texture": "#side"},
				"south": {"uv": [7, 4, 9, 5], "texture": "#side"},
				"up": {"uv": [12, 4, 16, 12], "texture": "#top"}
			}
		},
		{
			"from": [-0.4375, 12, 4.0625],
			"to": [4.0625, 12.375, 11.875],
			"rotation": {"angle": 0, "axis": "y", "origin": [17.1875, 12, 6.5]},
			"faces": {
				"north": {"uv": [7, 4, 9, 5], "texture": "#side"},
				"south": {"uv": [7, 4, 9, 5], "texture": "#side"},
				"west": {"uv": [7, 4, 9, 5], "texture": "#side", "cullface": "west"},
				"up": {"uv": [12, 4, 16, 12], "rotation": 180, "texture": "#top"},
				"down": {"uv": [7, 4, 9, 5], "rotation": 270, "texture": "#side"}
			}
		},
		{
			"from": [11, 10, -0.5],
			"to": [12, 12, 0],
			"rotation": {"angle": 0, "axis": "y", "origin": [10, 7, -2]},
			"faces": {
				"north": {"uv": [4, 4, 5, 6], "texture": "#side", "cullface": "north"},
				"south": {"uv": [4, 4, 5, 6], "texture": "#side", "cullface": "north"},
				"up": {"uv": [4, 4, 5, 6], "texture": "#side", "cullface": "north"},
				"down": {"uv": [4, 4, 5, 6], "texture": "#side", "cullface": "north"}
			}
		},
		{
			"from": [5, 9, -0.5],
			"to": [6, 12, 0],
			"rotation": {"angle": 0, "axis": "y", "origin": [4, 7, -2]},
			"faces": {
				"north": {"uv": [10, 4, 11, 7], "texture": "#side", "cullface": "north"},
				"south": {"uv": [10, 4, 11, 7], "texture": "#side", "cullface": "north"},
				"west": {"uv": [10, 4, 11, 7], "texture": "#side", "cullface": "north"},
				"up": {"uv": [10, 4, 11, 7], "texture": "#side", "cullface": "north"},
				"down": {"uv": [10, 6, 11, 7], "texture": "#side", "cullface": "north"}
			}
		},
		{
			"from": [7, 7, -0.5],
			"to": [9, 12, 0],
			"rotation": {"angle": 0, "axis": "y", "origin": [7, 7, -2]},
			"faces": {
				"north": {"uv": [7, 4, 9, 9], "texture": "#side", "cullface": "north"},
				"east": {"uv": [7, 4, 9, 9], "texture": "#side", "cullface": "north"},
				"south": {"uv": [7, 4, 9, 9], "texture": "#side", "cullface": "north"},
				"west": {"uv": [7, 4, 9, 9], "texture": "#side", "cullface": "north"},
				"up": {"uv": [7, 4, 9, 9], "texture": "#side", "cullface": "north"},
				"down": {"uv": [7, 8, 9, 9], "texture": "#side", "cullface": "north"}
			}
		},
		{
			"from": [6, 8, -0.5],
			"to": [7, 12, 0],
			"rotation": {"angle": 0, "axis": "y", "origin": [5, 7, -2]},
			"faces": {
				"north": {"uv": [9, 4, 10, 8], "texture": "#side", "cullface": "north"},
				"south": {"uv": [9, 4, 10, 8], "texture": "#side", "cullface": "north"},
				"west": {"uv": [9, 4, 10, 8], "texture": "#side", "cullface": "north"},
				"up": {"uv": [9, 4, 10, 8], "texture": "#side", "cullface": "north"},
				"down": {"uv": [9, 7, 10, 8], "texture": "#side", "cullface": "north"}
			}
		},
		{
			"from": [12, 12, 0],
			"to": [13, 13, 3],
			"rotation": {"angle": 0, "axis": "y", "origin": [12, 13, 3]},
			"faces": {
				"south": {"uv": [3, 13, 4, 16], "rotation": 90, "texture": "#top"},
				"west": {"uv": [3, 13, 4, 16], "rotation": 90, "texture": "#top"},
				"up": {"uv": [3, 13, 4, 16], "texture": "#top"},
				"down": {"uv": [3, 13, 4, 16], "rotation": 180, "texture": "#top"}
			}
		}
	],
	"display": {
		"thirdperson_righthand": {
			"rotation": [75, 45, 0],
			"translation": [0, 2.5, 0],
			"scale": [0.375, 0.375, 0.375]
		},
		"thirdperson_lefthand": {
			"rotation": [75, 45, 0],
			"translation": [0, 2.5, 0],
			"scale": [0.375, 0.375, 0.375]
		},
		"firstperson_righthand": {
			"rotation": [0, 45, 0],
			"scale": [0.4, 0.4, 0.4]
		},
		"firstperson_lefthand": {
			"rotation": [0, 225, 0],
			"scale": [0.4, 0.4, 0.4]
		},
		"ground": {
			"translation": [0, 3, 0],
			"scale": [0.25, 0.25, 0.25]
		},
		"gui": {
			"rotation": [30, 225, 0],
			"scale": [0.625, 0.625, 0.625]
		},
		"fixed": {
			"scale": [0.5, 0.5, 0.5]
		}
	}
}