{
	"credit": "Made by sniffercraft34",
	"ambientocclusion": false,
	"textures": {
		"0": "block/fletching_table_front",
		"1": "block/fletching_table_top",
		"2": "block/fletching_table_side",
		"3": "block/birch_planks",
		"particle": "block/fletching_table_front"
	},
	"elements": [
		{
			"from": [0, 0, 0],
			"to": [16, 16, 16],
			"faces": {
				"north": {"uv": [0, 0, 16, 16], "texture": "#0", "cullface": "north"},
				"east": {"uv": [0, 0, 16, 16], "texture": "#2", "cullface": "east"},
				"south": {"uv": [0, 0, 16, 16], "texture": "#0", "cullface": "south"},
				"west": {"uv": [0, 0, 16, 16], "texture": "#2", "cullface": "west"},
				"up": {"uv": [0, 0, 16, 16], "texture": "#1", "cullface": "up"},
				"down": {"uv": [0, 0, 16, 16], "texture": "#3", "cullface": "down"}
			}
		},
		{
			"from": [16, 5, 7],
			"to": [17.25, 11, 13],
			"rotation": {"angle": 0, "axis": "y", "origin": [16, 5, 7]},
			"faces": {
				"east": {"uv": [3, 5, 9, 11], "texture": "#2", "cullface": "east"}
			}
		},
		{
			"from": [-1.1875, 5, 3],
			"to": [0, 11, 9],
			"rotation": {"angle": 0, "axis": "y", "origin": [-1, 5, 3]},
			"faces": {
				"west": {"uv": [3, 5, 9, 11], "texture": "#2", "cullface": "west"},
				"up": {"uv": [3, 5, 4, 11], "texture": "#2", "cullface": "west"}
			}
		},
		{
			"from": [16, 5, 6],
			"to": [17.25, 11, 7],
			"rotation": {"angle": 0, "axis": "y", "origin": [16, 5, 5]},
			"faces": {
				"north": {"uv": [9, 5, 10, 11], "texture": "#2", "cullface": "east"},
				"east": {"uv": [9, 5, 10, 11], "texture": "#2", "cullface": "east"},
				"up": {"uv": [9, 5, 10, 11], "texture": "#2", "cullface": "east"},
				"down": {"uv": [9, 5, 10, 11], "texture": "#2", "cullface": "east"}
			}
		},
		{
			"from": [16, 5, 13],
			"to": [17.3125, 11, 14],
			"rotation": {"angle": 0, "axis": "x", "origin": [16, 5, 12]},
			"faces": {
				"north": {"uv": [9, 5, 10, 11], "texture": "#2", "cullface": "east"},
				"east": {"uv": [2, 5, 3, 11], "texture": "#2", "cullface": "east"},
				"south": {"uv": [9, 5, 10, 11], "texture": "#2", "cullface": "east"},
				"up": {"uv": [9, 5, 10, 11], "texture": "#2", "cullface": "east"},
				"down": {"uv": [9, 5, 10, 11], "texture": "#2", "cullface": "east"}
			}
		},
		{
			"from": [-1.25, 5, 2],
			"to": [0, 11, 3],
			"rotation": {"angle": 0, "axis": "y", "origin": [-1, 5, 1]},
			"faces": {
				"north": {"uv": [9, 5, 10, 11], "texture": "#2", "cullface": "west"},
				"south": {"uv": [9, 5, 10, 11], "texture": "#2", "cullface": "west"},
				"west": {"uv": [9, 5, 10, 11], "texture": "#2", "cullface": "west"},
				"up": {"uv": [9, 5, 10, 11], "texture": "#2", "cullface": "west"},
				"down": {"uv": [9, 5, 10, 11], "texture": "#2", "cullface": "west"}
			}
		},
		{
			"from": [-1.375, 5, 9],
			"to": [0, 11, 10],
			"rotation": {"angle": 0, "axis": "y", "origin": [-1, 5, 8]},
			"faces": {
				"north": {"uv": [9, 5, 10, 11], "texture": "#2", "cullface": "west"},
				"south": {"uv": [9, 5, 10, 11], "texture": "#2", "cullface": "west"},
				"west": {"uv": [9, 5, 10, 11], "texture": "#2", "cullface": "west"},
				"up": {"uv": [9, 5, 10, 11], "texture": "#2", "cullface": "west"},
				"down": {"uv": [9, 5, 10, 11], "texture": "#2", "cullface": "west"}
			}
		},
		{
			"from": [16, 4, 7],
			"to": [17.375, 5, 13],
			"rotation": {"angle": 0, "axis": "x", "origin": [16, 3, 13]},
			"faces": {
				"north": {"uv": [9, 5, 10, 11], "rotation": 180, "texture": "#2", "cullface": "east"},
				"east": {"uv": [3, 11, 9, 12], "rotation": 90, "texture": "#2", "cullface": "east"},
				"south": {"uv": [9, 5, 10, 11], "texture": "#2", "cullface": "east"},
				"up": {"uv": [9, 5, 10, 11], "texture": "#2", "cullface": "east"},
				"down": {"uv": [9, 5, 10, 11], "rotation": 180, "texture": "#2", "cullface": "east"}
			}
		},
		{
			"from": [-1.1875, 4, 3],
			"to": [0, 5, 9],
			"rotation": {"angle": 0, "axis": "y", "origin": [-1, 3, 9]},
			"faces": {
				"north": {"uv": [9, 5, 10, 11], "rotation": 180, "texture": "#2", "cullface": "west"},
				"south": {"uv": [9, 5, 10, 11], "texture": "#2", "cullface": "west"},
				"west": {"uv": [9, 5, 10, 11], "rotation": 270, "texture": "#2", "cullface": "west"},
				"down": {"uv": [9, 5, 10, 11], "rotation": 180, "texture": "#2", "cullface": "west"}
			}
		},
		{
			"from": [16, 11, 7],
			"to": [17.25, 12, 13],
			"rotation": {"angle": 0, "axis": "y", "origin": [16, 10, 13]},
			"faces": {
				"north": {"uv": [9, 5, 10, 11], "rotation": 180, "texture": "#2", "cullface": "east"},
				"east": {"uv": [3, 4, 9, 5], "texture": "#2", "cullface": "east"},
				"south": {"uv": [9, 5, 10, 11], "texture": "#2", "cullface": "east"},
				"up": {"uv": [9, 5, 10, 11], "texture": "#2", "cullface": "east"}
			}
		},
		{
			"from": [-1.125, 11, 3],
			"to": [0, 12, 9],
			"rotation": {"angle": 0, "axis": "y", "origin": [-1, 10, 9]},
			"faces": {
				"north": {"uv": [9, 5, 10, 11], "rotation": 180, "texture": "#2", "cullface": "west"},
				"south": {"uv": [9, 5, 10, 11], "texture": "#2", "cullface": "west"},
				"west": {"uv": [9, 5, 10, 11], "rotation": 270, "texture": "#2", "cullface": "west"},
				"up": {"uv": [9, 5, 10, 11], "texture": "#2", "cullface": "west"}
			}
		},
		{
			"from": [-1.125, 8.0625, -1.1875],
			"to": [17.1875, 9.0625, 17.375],
			"rotation": {"angle": 0, "axis": "y", "origin": [16, 8.0625, 0]},
			"faces": {
				"north": {"uv": [10, 7, 16, 8], "texture": "#2", "cullface": "north"},
				"east": {"uv": [10, 7, 16, 8], "texture": "#2", "cullface": "east"},
				"south": {"uv": [10, 7, 16, 8], "texture": "#2", "cullface": "south"},
				"west": {"uv": [10, 7, 16, 8], "texture": "#2", "cullface": "west"},
				"up": {"uv": [10, 7, 16, 8], "texture": "#2"},
				"down": {"uv": [10, 7, 16, 8], "texture": "#2"}
			}
		},
		{
			"from": [16, 2, 2],
			"to": [17, 5, 3],
			"rotation": {"angle": 0, "axis": "y", "origin": [15, 2, 2]},
			"faces": {
				"north": {"uv": [13, 11, 14, 14], "texture": "#2", "cullface": "east"},
				"east": {"uv": [13, 11, 14, 14], "texture": "#2", "cullface": "east"},
				"south": {"uv": [13, 11, 14, 14], "texture": "#2", "cullface": "east"},
				"up": {"uv": [13, 11, 14, 14], "texture": "#2", "cullface": "east"},
				"down": {"uv": [13, 11, 14, 14], "texture": "#2", "cullface": "east"}
			}
		},
		{
			"from": [16, 2, 4],
			"to": [17, 5, 5],
			"rotation": {"angle": 0, "axis": "y", "origin": [15, 2, 4]},
			"faces": {
				"north": {"uv": [13, 11, 14, 14], "texture": "#2", "cullface": "east"},
				"east": {"uv": [13, 11, 14, 14], "texture": "#2", "cullface": "east"},
				"south": {"uv": [13, 11, 14, 14], "texture": "#2", "cullface": "east"},
				"up": {"uv": [13, 11, 14, 14], "texture": "#2", "cullface": "east"},
				"down": {"uv": [13, 11, 14, 14], "texture": "#2", "cullface": "east"}
			}
		},
		{
			"from": [-1, 2, 11],
			"to": [0, 5, 12],
			"rotation": {"angle": 0, "axis": "y", "origin": [-2, 2, 11]},
			"faces": {
				"north": {"uv": [13, 11, 14, 14], "texture": "#2", "cullface": "west"},
				"south": {"uv": [13, 11, 14, 14], "texture": "#2", "cullface": "west"},
				"west": {"uv": [13, 11, 14, 14], "texture": "#2", "cullface": "west"},
				"up": {"uv": [13, 11, 14, 14], "texture": "#2", "cullface": "west"},
				"down": {"uv": [13, 11, 14, 14], "texture": "#2", "cullface": "west"}
			}
		},
		{
			"from": [-1, 2, 13],
			"to": [0, 5, 14],
			"rotation": {"angle": 0, "axis": "y", "origin": [-2, 2, 13]},
			"faces": {
				"north": {"uv": [13, 11, 14, 14], "texture": "#2", "cullface": "west"},
				"south": {"uv": [13, 11, 14, 14], "texture": "#2", "cullface": "west"},
				"west": {"uv": [13, 11, 14, 14], "texture": "#2", "cullface": "west"},
				"up": {"uv": [13, 11, 14, 14], "texture": "#2", "cullface": "west"},
				"down": {"uv": [13, 11, 14, 14], "texture": "#2", "cullface": "west"}
			}
		},
		{
			"from": [-1, 3, 12],
			"to": [0, 6, 13],
			"rotation": {"angle": 0, "axis": "y", "origin": [-2, 3, 12]},
			"faces": {
				"north": {"uv": [13, 11, 14, 14], "texture": "#2", "cullface": "west"},
				"south": {"uv": [13, 11, 14, 14], "texture": "#2", "cullface": "west"},
				"west": {"uv": [13, 11, 14, 14], "texture": "#2", "cullface": "west"},
				"down": {"uv": [13, 11, 14, 14], "texture": "#2", "cullface": "west"}
			}
		},
		{
			"from": [16, 3, 3],
			"to": [17, 6, 4],
			"rotation": {"angle": 0, "axis": "y", "origin": [15, 3, 3]},
			"faces": {
				"north": {"uv": [13, 11, 14, 14], "texture": "#2", "cullface": "east"},
				"east": {"uv": [13, 11, 14, 14], "texture": "#2", "cullface": "east"},
				"south": {"uv": [13, 11, 14, 14], "texture": "#2", "cullface": "east"},
				"down": {"uv": [13, 11, 14, 14], "texture": "#2", "cullface": "east"}
			}
		},
		{
			"from": [16, 12, 3],
			"to": [17, 14, 4],
			"rotation": {"angle": 0, "axis": "y", "origin": [15, 11, 3]},
			"faces": {
				"north": {"uv": [13, 11, 14, 14], "texture": "#2", "cullface": "east"},
				"east": {"uv": [13, 11, 14, 14], "texture": "#2", "cullface": "east"},
				"south": {"uv": [13, 11, 14, 14], "texture": "#2", "cullface": "east"},
				"up": {"uv": [13, 11, 14, 14], "texture": "#2", "cullface": "east"}
			}
		},
		{
			"from": [-1, 12, 12],
			"to": [0, 14, 13],
			"rotation": {"angle": 0, "axis": "y", "origin": [-2, 11, 12]},
			"faces": {
				"north": {"uv": [13, 11, 14, 14], "texture": "#2", "cullface": "west"},
				"south": {"uv": [13, 11, 14, 14], "texture": "#2", "cullface": "west"},
				"west": {"uv": [13, 11, 14, 14], "texture": "#2", "cullface": "west"},
				"up": {"uv": [13, 11, 14, 14], "texture": "#2", "cullface": "west"}
			}
		},
		{
			"from": [-1, 11, 13],
			"to": [0, 13, 14],
			"rotation": {"angle": 0, "axis": "y", "origin": [-2, 10, 13]},
			"faces": {
				"south": {"uv": [13, 11, 14, 14], "texture": "#2", "cullface": "west"},
				"west": {"uv": [13, 11, 14, 14], "texture": "#2", "cullface": "west"},
				"up": {"uv": [13, 11, 14, 14], "texture": "#2", "cullface": "west"},
				"down": {"uv": [13, 11, 14, 14], "texture": "#2", "cullface": "west"}
			}
		},
		{
			"from": [-1, 11, 11],
			"to": [0, 13, 12],
			"rotation": {"angle": 0, "axis": "y", "origin": [-2, 10, 11]},
			"faces": {
				"north": {"uv": [13, 11, 14, 14], "texture": "#2", "cullface": "west"},
				"west": {"uv": [13, 11, 14, 14], "texture": "#2", "cullface": "west"},
				"up": {"uv": [13, 11, 14, 14], "texture": "#2", "cullface": "west"},
				"down": {"uv": [13, 11, 14, 14], "texture": "#2", "cullface": "west"}
			}
		},
		{
			"from": [3, 3, -1],
			"to": [4, 5, 0],
			"rotation": {"angle": 0, "axis": "y", "origin": [2, 2, -1]},
			"faces": {
				"north": {"uv": [13, 11, 14, 14], "texture": "#2", "cullface": "north"},
				"west": {"uv": [13, 11, 14, 14], "texture": "#2", "cullface": "north"},
				"up": {"uv": [13, 11, 14, 14], "texture": "#2", "cullface": "north"},
				"down": {"uv": [13, 11, 14, 14], "texture": "#2", "cullface": "north"}
			}
		},
		{
			"from": [5, 3, -1],
			"to": [6, 5, 0],
			"rotation": {"angle": 0, "axis": "y", "origin": [4, 2, -1]},
			"faces": {
				"north": {"uv": [13, 11, 14, 14], "texture": "#2", "cullface": "north"},
				"east": {"uv": [13, 11, 14, 14], "texture": "#2", "cullface": "north"},
				"up": {"uv": [13, 11, 14, 14], "texture": "#2", "cullface": "north"},
				"down": {"uv": [13, 11, 14, 14], "texture": "#2", "cullface": "north"}
			}
		},
		{
			"from": [4, 2, -1],
			"to": [5, 4, 0],
			"rotation": {"angle": 0, "axis": "y", "origin": [3, 1, -1]},
			"faces": {
				"north": {"uv": [13, 11, 14, 14], "texture": "#2", "cullface": "north"},
				"east": {"uv": [13, 11, 14, 14], "texture": "#2", "cullface": "north"},
				"west": {"uv": [13, 11, 14, 14], "texture": "#2", "cullface": "north"},
				"down": {"uv": [13, 11, 14, 14], "texture": "#2", "cullface": "north"}
			}
		},
		{
			"from": [11, 2, 16],
			"to": [12, 4, 17],
			"rotation": {"angle": 0, "axis": "y", "origin": [10, 1, 16]},
			"faces": {
				"east": {"uv": [13, 11, 14, 14], "texture": "#2", "cullface": "south"},
				"south": {"uv": [13, 11, 14, 14], "texture": "#2", "cullface": "south"},
				"west": {"uv": [13, 11, 14, 14], "texture": "#2", "cullface": "south"},
				"down": {"uv": [13, 11, 14, 14], "texture": "#2", "cullface": "south"}
			}
		},
		{
			"from": [12, 3, 16],
			"to": [13, 5, 17],
			"rotation": {"angle": 0, "axis": "y", "origin": [11, 2, 16]},
			"faces": {
				"east": {"uv": [13, 11, 14, 14], "texture": "#2", "cullface": "south"},
				"south": {"uv": [13, 11, 14, 14], "texture": "#2", "cullface": "south"},
				"up": {"uv": [13, 11, 14, 14], "texture": "#2", "cullface": "south"},
				"down": {"uv": [13, 11, 14, 14], "texture": "#2", "cullface": "south"}
			}
		},
		{
			"from": [10, 3, 16],
			"to": [11, 5, 17],
			"rotation": {"angle": 0, "axis": "y", "origin": [9, 2, 16]},
			"faces": {
				"south": {"uv": [13, 11, 14, 14], "texture": "#2", "cullface": "south"},
				"west": {"uv": [13, 11, 14, 14], "texture": "#2", "cullface": "south"},
				"up": {"uv": [13, 11, 14, 14], "texture": "#2", "cullface": "south"},
				"down": {"uv": [13, 11, 14, 14], "texture": "#2", "cullface": "south"}
			}
		},
		{
			"from": [16, 11, 4],
			"to": [17, 13, 5],
			"rotation": {"angle": 0, "axis": "y", "origin": [15, 10, 4]},
			"faces": {
				"east": {"uv": [13, 11, 14, 14], "texture": "#2", "cullface": "east"},
				"south": {"uv": [13, 11, 14, 14], "texture": "#2", "cullface": "east"},
				"up": {"uv": [13, 11, 14, 14], "texture": "#2", "cullface": "east"},
				"down": {"uv": [13, 11, 14, 14], "texture": "#2", "cullface": "east"}
			}
		},
		{
			"from": [16, 11, 2],
			"to": [17, 13, 3],
			"rotation": {"angle": 0, "axis": "y", "origin": [15, 10, 2]},
			"faces": {
				"north": {"uv": [13, 11, 14, 14], "texture": "#2", "cullface": "east"},
				"east": {"uv": [13, 11, 14, 14], "texture": "#2", "cullface": "east"},
				"up": {"uv": [13, 11, 14, 14], "texture": "#2", "cullface": "east"},
				"down": {"uv": [13, 11, 14, 14], "texture": "#2", "cullface": "east"}
			}
		},
		{
			"from": [16, 6, 3],
			"to": [17, 12, 4],
			"rotation": {"angle": 0, "axis": "y", "origin": [15, 6, 3]},
			"faces": {
				"north": {"uv": [12, 4, 13, 10], "texture": "#2", "cullface": "east"},
				"east": {"uv": [12, 4, 13, 10], "texture": "#2", "cullface": "east"},
				"south": {"uv": [12, 4, 13, 10], "texture": "#2", "cullface": "east"}
			}
		},
		{
			"from": [-1, 6, 12],
			"to": [0, 12, 13],
			"rotation": {"angle": 0, "axis": "y", "origin": [-2, 6, 12]},
			"faces": {
				"north": {"uv": [12, 4, 13, 10], "texture": "#2", "cullface": "west"},
				"south": {"uv": [12, 4, 13, 10], "texture": "#2", "cullface": "west"},
				"west": {"uv": [12, 4, 13, 10], "texture": "#2", "cullface": "west"}
			}
		},
		{
			"from": [4, 4, -1],
			"to": [5, 10, 0],
			"rotation": {"angle": 0, "axis": "y", "origin": [3, 4, -1]},
			"faces": {
				"north": {"uv": [12, 4, 13, 10], "texture": "#2", "cullface": "north"},
				"east": {"uv": [12, 4, 13, 10], "texture": "#2", "cullface": "north"},
				"west": {"uv": [12, 4, 13, 10], "texture": "#2", "cullface": "north"}
			}
		},
		{
			"from": [11, 4, 16],
			"to": [12, 10, 17],
			"rotation": {"angle": 0, "axis": "y", "origin": [10, 4, 16]},
			"faces": {
				"east": {"uv": [12, 4, 13, 10], "texture": "#2", "cullface": "south"},
				"south": {"uv": [12, 4, 13, 10], "texture": "#2", "cullface": "south"},
				"west": {"uv": [12, 4, 13, 10], "texture": "#2", "cullface": "south"}
			}
		},
		{
			"from": [10, 1, -1],
			"to": [12, 3, 0],
			"rotation": {"angle": 0, "axis": "y", "origin": [9, 1, -2]},
			"faces": {
				"north": {"uv": [4, 13, 6, 15], "texture": "#0", "cullface": "north"},
				"east": {"uv": [4, 13, 6, 15], "texture": "#0", "cullface": "north"},
				"west": {"uv": [4, 13, 6, 15], "texture": "#0", "cullface": "north"},
				"up": {"uv": [4, 13, 6, 15], "texture": "#0", "cullface": "north"},
				"down": {"uv": [4, 13, 6, 15], "texture": "#0", "cullface": "north"}
			}
		},
		{
			"from": [4, 1, 16],
			"to": [6, 3, 17],
			"rotation": {"angle": 0, "axis": "y", "origin": [3, 1, 15]},
			"faces": {
				"east": {"uv": [4, 13, 6, 15], "texture": "#0", "cullface": "south"},
				"south": {"uv": [4, 13, 6, 15], "texture": "#0", "cullface": "south"},
				"west": {"uv": [4, 13, 6, 15], "texture": "#0", "cullface": "south"},
				"up": {"uv": [4, 13, 6, 15], "texture": "#0", "cullface": "south"},
				"down": {"uv": [4, 13, 6, 15], "texture": "#0", "cullface": "south"}
			}
		},
		{
			"from": [4, 12, 16],
			"to": [5, 14, 17],
			"rotation": {"angle": 0, "axis": "y", "origin": [3, 12, 15]},
			"faces": {
				"south": {"uv": [4, 2, 5, 4], "texture": "#0", "cullface": "south"},
				"west": {"uv": [4, 13, 6, 15], "texture": "#0", "cullface": "south"},
				"up": {"uv": [4, 13, 6, 15], "texture": "#0", "cullface": "south"},
				"down": {"uv": [4, 13, 6, 15], "texture": "#0", "cullface": "south"}
			}
		},
		{
			"from": [11, 12, -1],
			"to": [12, 14, 0],
			"rotation": {"angle": 0, "axis": "y", "origin": [9, 12, -2]},
			"faces": {
				"north": {"uv": [4, 2, 5, 4], "texture": "#0", "cullface": "north"},
				"east": {"uv": [4, 13, 6, 15], "texture": "#0", "cullface": "north"},
				"up": {"uv": [4, 13, 6, 15], "texture": "#0", "cullface": "north"},
				"down": {"uv": [4, 13, 6, 15], "texture": "#0", "cullface": "north"}
			}
		},
		{
			"from": [12, 2, -1],
			"to": [13, 5, 0],
			"rotation": {"angle": 0, "axis": "y", "origin": [11, 1, -2]},
			"faces": {
				"north": {"uv": [3, 11, 4, 14], "texture": "#0", "cullface": "north"},
				"east": {"uv": [3, 11, 4, 14], "texture": "#0", "cullface": "north"},
				"west": {"uv": [3, 11, 4, 14], "texture": "#0", "cullface": "north"},
				"up": {"uv": [3, 11, 4, 14], "texture": "#0", "cullface": "north"},
				"down": {"uv": [3, 11, 4, 14], "texture": "#0", "cullface": "north"}
			}
		},
		{
			"from": [3, 2, 16],
			"to": [4, 5, 17],
			"rotation": {"angle": 0, "axis": "y", "origin": [2, 1, 15]},
			"faces": {
				"east": {"uv": [3, 11, 4, 14], "texture": "#0", "cullface": "south"},
				"south": {"uv": [3, 11, 4, 14], "texture": "#0", "cullface": "south"},
				"west": {"uv": [3, 11, 4, 14], "texture": "#0", "cullface": "south"},
				"up": {"uv": [3, 11, 4, 14], "texture": "#0", "cullface": "south"},
				"down": {"uv": [3, 11, 4, 14], "texture": "#0", "cullface": "south"}
			}
		},
		{
			"from": [3, 10, 16],
			"to": [4, 13, 17],
			"rotation": {"angle": 0, "axis": "y", "origin": [2, 9, 15]},
			"faces": {
				"east": {"uv": [3, 11, 4, 14], "texture": "#0", "cullface": "south"},
				"south": {"uv": [3, 11, 4, 14], "texture": "#0", "cullface": "south"},
				"west": {"uv": [3, 11, 4, 14], "texture": "#0", "cullface": "south"},
				"up": {"uv": [3, 11, 4, 14], "texture": "#0", "cullface": "south"},
				"down": {"uv": [3, 11, 4, 14], "texture": "#0", "cullface": "south"}
			}
		},
		{
			"from": [12, 10, -1],
			"to": [13, 13, 0],
			"rotation": {"angle": 0, "axis": "y", "origin": [11, 9, -2]},
			"faces": {
				"north": {"uv": [3, 3, 4, 6], "texture": "#0", "cullface": "north"},
				"east": {"uv": [3, 11, 4, 14], "texture": "#0", "cullface": "north"},
				"west": {"uv": [3, 11, 4, 14], "texture": "#0", "cullface": "north"},
				"up": {"uv": [3, 11, 4, 14], "texture": "#0", "cullface": "north"},
				"down": {"uv": [3, 11, 4, 14], "texture": "#0", "cullface": "north"}
			}
		},
		{
			"from": [13, 4, -1],
			"to": [14, 12, 0],
			"rotation": {"angle": 0, "axis": "y", "origin": [12, 3, -2]},
			"faces": {
				"north": {"uv": [2, 4, 3, 12], "texture": "#0", "cullface": "north"},
				"east": {"uv": [2, 4, 3, 12], "texture": "#0", "cullface": "north"},
				"west": {"uv": [2, 4, 3, 12], "texture": "#0", "cullface": "north"},
				"up": {"uv": [2, 11, 3, 12], "texture": "#0", "cullface": "north"},
				"down": {"uv": [2, 11, 3, 12], "texture": "#0", "cullface": "north"}
			}
		},
		{
			"from": [2, 4, 16],
			"to": [3, 12, 17],
			"rotation": {"angle": 0, "axis": "y", "origin": [1, 3, 15]},
			"faces": {
				"east": {"uv": [2, 4, 3, 12], "texture": "#0", "cullface": "south"},
				"south": {"uv": [2, 4, 3, 12], "texture": "#0", "cullface": "south"},
				"west": {"uv": [2, 4, 3, 12], "texture": "#0", "cullface": "south"},
				"up": {"uv": [2, 11, 3, 12], "texture": "#0", "cullface": "south"},
				"down": {"uv": [2, 11, 3, 12], "texture": "#0", "cullface": "south"}
			}
		},
		{
			"from": [10, 3, -1],
			"to": [11, 14, 0],
			"rotation": {"angle": 0, "axis": "y", "origin": [9, 3, -2]},
			"faces": {
				"north": {"uv": [5, 2, 6, 13], "texture": "#0", "cullface": "north"},
				"east": {"uv": [5, 2, 6, 13], "texture": "#0", "cullface": "north"},
				"west": {"uv": [5, 2, 6, 13], "texture": "#0", "cullface": "north"},
				"up": {"uv": [5, 2, 6, 3], "texture": "#0", "cullface": "north"}
			}
		},
		{
			"from": [5, 3, 16],
			"to": [6, 14, 17],
			"rotation": {"angle": 0, "axis": "y", "origin": [4, 3, 15]},
			"faces": {
				"east": {"uv": [5, 2, 6, 13], "texture": "#0", "cullface": "south"},
				"south": {"uv": [5, 2, 6, 13], "texture": "#0", "cullface": "south"},
				"west": {"uv": [5, 2, 6, 13], "texture": "#0", "cullface": "south"},
				"up": {"uv": [5, 2, 6, 3], "texture": "#0", "cullface": "south"}
			}
		},
		{
			"from": [3, 11, -1],
			"to": [4, 14, 0],
			"rotation": {"angle": 0, "axis": "y", "origin": [2, 11, -1]},
			"faces": {
				"north": {"uv": [13, 11, 14, 14], "texture": "#2", "cullface": "north"},
				"east": {"uv": [13, 11, 14, 14], "texture": "#2", "cullface": "north"},
				"west": {"uv": [13, 11, 14, 14], "texture": "#2", "cullface": "north"},
				"up": {"uv": [13, 11, 14, 14], "texture": "#2", "cullface": "north"},
				"down": {"uv": [13, 11, 14, 14], "texture": "#2", "cullface": "north"}
			}
		},
		{
			"from": [5, 11, -1],
			"to": [6, 14, 0],
			"rotation": {"angle": 0, "axis": "y", "origin": [4, 11, -1]},
			"faces": {
				"north": {"uv": [13, 11, 14, 14], "texture": "#2", "cullface": "north"},
				"east": {"uv": [13, 11, 14, 14], "texture": "#2", "cullface": "north"},
				"west": {"uv": [13, 11, 14, 14], "texture": "#2", "cullface": "north"},
				"up": {"uv": [13, 11, 14, 14], "texture": "#2", "cullface": "north"},
				"down": {"uv": [13, 11, 14, 14], "texture": "#2", "cullface": "north"}
			}
		},
		{
			"from": [10, 11, 16],
			"to": [11, 14, 17],
			"rotation": {"angle": 0, "axis": "y", "origin": [9, 11, 16]},
			"faces": {
				"east": {"uv": [13, 11, 14, 14], "texture": "#2", "cullface": "south"},
				"south": {"uv": [13, 11, 14, 14], "texture": "#2", "cullface": "south"},
				"west": {"uv": [13, 11, 14, 14], "texture": "#2", "cullface": "south"},
				"up": {"uv": [13, 11, 14, 14], "texture": "#2", "cullface": "south"},
				"down": {"uv": [13, 11, 14, 14], "texture": "#2", "cullface": "south"}
			}
		},
		{
			"from": [12, 11, 16],
			"to": [13, 14, 17],
			"rotation": {"angle": 0, "axis": "y", "origin": [11, 11, 16]},
			"faces": {
				"east": {"uv": [13, 11, 14, 14], "texture": "#2", "cullface": "south"},
				"south": {"uv": [13, 11, 14, 14], "texture": "#2", "cullface": "south"},
				"west": {"uv": [13, 11, 14, 14], "texture": "#2", "cullface": "south"},
				"up": {"uv": [13, 11, 14, 14], "texture": "#2", "cullface": "south"},
				"down": {"uv": [13, 11, 14, 14], "texture": "#2", "cullface": "south"}
			}
		},
		{
			"from": [11, 10, 16],
			"to": [12, 13, 17],
			"rotation": {"angle": 0, "axis": "y", "origin": [10, 10, 16]},
			"faces": {
				"east": {"uv": [13, 11, 14, 14], "texture": "#2", "cullface": "south"},
				"south": {"uv": [13, 11, 14, 14], "texture": "#2", "cullface": "south"},
				"west": {"uv": [13, 11, 14, 14], "texture": "#2", "cullface": "south"},
				"up": {"uv": [13, 11, 14, 14], "texture": "#2", "cullface": "south"}
			}
		},
		{
			"from": [4, 10, -1],
			"to": [5, 13, 0],
			"rotation": {"angle": 0, "axis": "y", "origin": [3, 10, -1]},
			"faces": {
				"north": {"uv": [13, 11, 14, 14], "texture": "#2", "cullface": "north"},
				"east": {"uv": [13, 11, 14, 14], "texture": "#2", "cullface": "north"},
				"west": {"uv": [13, 11, 14, 14], "texture": "#2", "cullface": "north"},
				"up": {"uv": [13, 11, 14, 14], "texture": "#2", "cullface": "north"}
			}
		},
		{
			"from": [2, 16, 4],
			"to": [5, 17, 10],
			"rotation": {"angle": 0, "axis": "y", "origin": [1, 16, 9]},
			"faces": {
				"north": {"uv": [2, 9, 5, 10], "texture": "#1", "cullface": "up"},
				"east": {"uv": [4, 4, 5, 10], "rotation": 90, "texture": "#1", "cullface": "up"},
				"south": {"uv": [2, 4, 5, 10], "texture": "#1", "cullface": "up"},
				"west": {"uv": [2, 4, 3, 10], "rotation": 90, "texture": "#1", "cullface": "up"},
				"up": {"uv": [2, 4, 5, 10], "texture": "#1", "cullface": "up"}
			}
		},
		{
			"from": [3, 16, 10],
			"to": [4, 17, 11],
			"rotation": {"angle": 0, "axis": "y", "origin": [2, 16, 10]},
			"faces": {
				"east": {"uv": [3, 10, 4, 11], "texture": "#1", "cullface": "up"},
				"south": {"uv": [3, 10, 4, 11], "texture": "#1", "cullface": "up"},
				"west": {"uv": [3, 10, 4, 11], "texture": "#1", "cullface": "up"},
				"up": {"uv": [3, 10, 4, 11], "texture": "#1", "cullface": "up"}
			}
		},
		{
			"from": [4, 16, 11],
			"to": [5, 17, 12],
			"rotation": {"angle": 0, "axis": "y", "origin": [3, 16, 11]},
			"faces": {
				"north": {"uv": [3, 10, 4, 11], "texture": "#1", "cullface": "up"},
				"east": {"uv": [3, 10, 4, 11], "texture": "#1", "cullface": "up"},
				"south": {"uv": [3, 10, 4, 11], "texture": "#1", "cullface": "up"},
				"west": {"uv": [3, 10, 4, 11], "texture": "#1", "cullface": "up"},
				"up": {"uv": [3, 10, 4, 11], "texture": "#1", "cullface": "up"}
			}
		},
		{
			"from": [10, 16, 11],
			"to": [11, 17, 13],
			"rotation": {"angle": 0, "axis": "y", "origin": [9, 16, 11]},
			"faces": {
				"north": {"uv": [10, 11, 11, 12], "texture": "#1", "cullface": "up"},
				"east": {"uv": [10, 11, 11, 13], "rotation": 90, "texture": "#1", "cullface": "up"},
				"south": {"uv": [10, 11, 11, 12], "texture": "#1", "cullface": "up"},
				"west": {"uv": [10, 11, 11, 13], "rotation": 90, "texture": "#1", "cullface": "up"},
				"up": {"uv": [10, 11, 11, 13], "texture": "#1", "cullface": "up"}
			}
		},
		{
			"from": [9, 16, 12],
			"to": [10, 17, 14],
			"rotation": {"angle": 0, "axis": "y", "origin": [8, 16, 12]},
			"faces": {
				"north": {"uv": [10, 11, 11, 12], "texture": "#1", "cullface": "up"},
				"east": {"uv": [10, 11, 11, 13], "rotation": 90, "texture": "#1", "cullface": "up"},
				"south": {"uv": [10, 11, 11, 12], "texture": "#1", "cullface": "up"},
				"west": {"uv": [10, 11, 11, 13], "rotation": 90, "texture": "#1", "cullface": "up"},
				"up": {"uv": [10, 11, 11, 13], "texture": "#1", "cullface": "up"}
			}
		},
		{
			"from": [3, 16, 2],
			"to": [4, 17, 4],
			"rotation": {"angle": 0, "axis": "y", "origin": [2, 16, 2]},
			"faces": {
				"north": {"uv": [3, 2, 4, 4], "texture": "#1", "cullface": "up"},
				"east": {"uv": [3, 2, 4, 4], "texture": "#1", "cullface": "up"},
				"west": {"uv": [3, 2, 4, 4], "texture": "#1", "cullface": "up"},
				"up": {"uv": [3, 2, 4, 4], "texture": "#1", "cullface": "up"}
			}
		},
		{
			"from": [11, 16, 10],
			"to": [12, 17, 12],
			"rotation": {"angle": 0, "axis": "y", "origin": [10, 16, 10]},
			"faces": {
				"north": {"uv": [3, 2, 4, 4], "texture": "#1", "cullface": "up"},
				"east": {"uv": [3, 2, 4, 4], "texture": "#1", "cullface": "up"},
				"south": {"uv": [3, 2, 4, 4], "texture": "#1", "cullface": "up"},
				"west": {"uv": [3, 2, 4, 4], "texture": "#1", "cullface": "up"},
				"up": {"uv": [11, 10, 12, 12], "texture": "#1", "cullface": "up"}
			}
		},
		{
			"from": [12, 16, 9],
			"to": [13, 17, 11],
			"rotation": {"angle": 0, "axis": "y", "origin": [11, 16, 9]},
			"faces": {
				"north": {"uv": [3, 2, 4, 4], "texture": "#1", "cullface": "up"},
				"east": {"uv": [3, 2, 4, 4], "texture": "#1", "cullface": "up"},
				"south": {"uv": [3, 2, 4, 4], "texture": "#1", "cullface": "up"},
				"west": {"uv": [3, 2, 4, 4], "texture": "#1", "cullface": "up"},
				"up": {"uv": [12, 9, 13, 11], "texture": "#1", "cullface": "up"}
			}
		},
		{
			"from": [13, 16, 8],
			"to": [14, 17, 10],
			"rotation": {"angle": 0, "axis": "y", "origin": [12, 16, 8]},
			"faces": {
				"north": {"uv": [3, 2, 4, 4], "texture": "#1", "cullface": "up"},
				"east": {"uv": [3, 2, 4, 4], "texture": "#1", "cullface": "up"},
				"south": {"uv": [3, 2, 4, 4], "texture": "#1", "cullface": "up"},
				"west": {"uv": [3, 2, 4, 4], "texture": "#1", "cullface": "up"},
				"up": {"uv": [13, 8, 14, 10], "texture": "#1", "cullface": "up"}
			}
		},
		{
			"from": [14, 16, 8],
			"to": [15, 17, 9],
			"rotation": {"angle": 0, "axis": "y", "origin": [13, 16, 8]},
			"faces": {
				"north": {"uv": [3, 2, 4, 4], "texture": "#1", "cullface": "up"},
				"east": {"uv": [3, 2, 4, 4], "texture": "#1", "cullface": "up"},
				"south": {"uv": [3, 2, 4, 4], "texture": "#1", "cullface": "up"},
				"up": {"uv": [14, 8, 15, 9], "texture": "#1", "cullface": "up"}
			}
		},
		{
			"from": [4, 16, 3],
			"to": [5, 17, 4],
			"rotation": {"angle": 0, "axis": "y", "origin": [3, 16, 2]},
			"faces": {
				"north": {"uv": [3, 2, 4, 4], "texture": "#1", "cullface": "up"},
				"east": {"uv": [3, 2, 4, 4], "texture": "#1", "cullface": "up"},
				"up": {"uv": [3, 2, 4, 4], "texture": "#1", "cullface": "up"}
			}
		}
	],
	"display": {
		"thirdperson_righthand": {
			"rotation": [75, 45, 0],
			"translation": [0, 2.5, 0],
			"scale": [0.375, 0.375, 0.375]
		},
		"thirdperson_lefthand": {
			"rotation": [75, 45, 0],
			"translation": [0, 2.5, 0],
			"scale": [0.375, 0.375, 0.375]
		},
		"firstperson_righthand": {
			"rotation": [0, 45, 0],
			"scale": [0.4, 0.4, 0.4]
		},
		"firstperson_lefthand": {
			"rotation": [0, 225, 0],
			"scale": [0.4, 0.4, 0.4]
		},
		"ground": {
			"translation": [0, 3, 0],
			"scale": [0.25, 0.25, 0.25]
		},
		"gui": {
			"rotation": [30, 225, 0],
			"scale": [0.625, 0.625, 0.625]
		},
		"fixed": {
			"scale": [0.5, 0.5, 0.5]
		}
	}
}