{
	"credit": "Made by sniffercraft34",
	"ambientocclusion": false,
	"textures": {
		"0": "block/furnace_top",
		"1": "block/furnace_side",
		"2": "block/furnace_front",
		"3": "block/furnace_front_on",
		"particle": "block/furnace_front_on"
	},
	"elements": [
		{
			"from": [0, 0, 0],
			"to": [16, 1, 16],
			"faces": {
				"north": {"uv": [0, 15, 16, 16], "texture": "#2", "cullface": "north"},
				"east": {"uv": [0, 15, 16, 16], "texture": "#1", "cullface": "east"},
				"south": {"uv": [0, 15, 16, 16], "texture": "#1", "cullface": "south"},
				"west": {"uv": [0, 15, 16, 16], "texture": "#1", "cullface": "west"},
				"up": {"uv": [3, 13, 13, 15], "texture": "#2"},
				"down": {"uv": [0, 0, 16, 16], "texture": "#0", "cullface": "down"}
			}
		},
		{
			"from": [1, 15, 0],
			"to": [15, 16, 15],
			"rotation": {"angle": 0, "axis": "y", "origin": [0, 15, 0]},
			"faces": {
				"north": {"uv": [0, 0, 16, 1], "texture": "#2", "cullface": "north"},
				"up": {"uv": [1, 1, 15, 16], "rotation": 180, "texture": "#0", "cullface": "up"},
				"down": {"uv": [3, 4, 12, 7], "texture": "#2"}
			}
		},
		{
			"from": [15, 1, 0],
			"to": [16, 9, 15],
			"rotation": {"angle": 0, "axis": "z", "origin": [16, 1, 0]},
			"faces": {
				"north": {"uv": [0, 0, 1, 16], "texture": "#2", "cullface": "north"},
				"east": {"uv": [1, 9, 16, 15], "texture": "#1", "cullface": "east"},
				"west": {"uv": [3, 13, 13, 15], "rotation": 270, "texture": "#2"}
			}
		},
		{
			"from": [1, 1, 15],
			"to": [16, 9, 16],
			"rotation": {"angle": 0, "axis": "y", "origin": [1, 1, 15]},
			"faces": {
				"north": {"uv": [3, 13, 13, 15], "rotation": 270, "texture": "#2"},
				"east": {"uv": [0, 0, 1, 15], "rotation": 180, "texture": "#1", "cullface": "east"},
				"south": {"uv": [1, 9, 16, 15], "texture": "#1", "cullface": "south"}
			}
		},
		{
			"from": [0, 1, 0],
			"to": [1, 9, 16],
			"rotation": {"angle": 0, "axis": "y", "origin": [1, 1, 1]},
			"faces": {
				"north": {"uv": [16, 0, 15, 15], "texture": "#2", "cullface": "north"},
				"east": {"uv": [3, 13, 13, 15], "rotation": 270, "texture": "#2"},
				"south": {"uv": [0, 0, 1, 15], "texture": "#1", "cullface": "south"},
				"west": {"uv": [0, 9, 16, 15], "texture": "#1", "cullface": "west"}
			}
		},
		{
			"from": [1, 9, 15],
			"to": [16, 16, 16],
			"rotation": {"angle": 0, "axis": "x", "origin": [1, 8, 15]},
			"faces": {
				"north": {"uv": [3, 4, 13, 7], "texture": "#2"},
				"east": {"uv": [0, 0, 1, 15], "texture": "#1", "cullface": "east"},
				"south": {"uv": [1, 0, 16, 9], "texture": "#1", "cullface": "south"},
				"up": {"uv": [15, 0, 16, 16], "rotation": 270, "texture": "#0", "cullface": "up"}
			}
		},
		{
			"from": [15, 9, 0],
			"to": [16, 16, 15],
			"rotation": {"angle": 0, "axis": "y", "origin": [15, 8, 15]},
			"faces": {
				"north": {"uv": [0, 0, 1, 15], "texture": "#1", "cullface": "north"},
				"east": {"uv": [1, 0, 16, 9], "texture": "#1", "cullface": "east"},
				"west": {"uv": [3, 4, 13, 7], "texture": "#2"},
				"up": {"uv": [15, 0, 16, 16], "rotation": 180, "texture": "#0", "cullface": "up"}
			}
		},
		{
			"from": [0, 9, 0],
			"to": [1, 16, 16],
			"rotation": {"angle": 0, "axis": "y", "origin": [1, 8, 1]},
			"faces": {
				"north": {"uv": [16, 0, 15, 15], "texture": "#2", "cullface": "north"},
				"east": {"uv": [3, 4, 13, 7], "rotation": 270, "texture": "#2"},
				"south": {"uv": [0, 0, 1, 15], "texture": "#1", "cullface": "south"},
				"west": {"uv": [0, 0, 16, 9], "texture": "#1", "cullface": "west"},
				"up": {"uv": [15, 0, 16, 16], "texture": "#0", "cullface": "up"}
			}
		},
		{
			"from": [1, 7, 0],
			"to": [15, 9, 15],
			"rotation": {"angle": 0, "axis": "y", "origin": [1, 7, 0]},
			"faces": {
				"north": {"uv": [1, 7, 15, 9], "texture": "#2", "cullface": "north"},
				"up": {"uv": [5, 3, 12, 7], "texture": "#2"},
				"down": {"uv": [3, 13, 13, 15], "texture": "#2"}
			}
		},
		{
			"from": [1, 1, 0],
			"to": [3, 7, 2],
			"rotation": {"angle": 0, "axis": "y", "origin": [1, 1, 0]},
			"faces": {
				"north": {"uv": [13, 9, 15, 15], "texture": "#2", "cullface": "north"},
				"east": {"uv": [13, 9, 15, 15], "texture": "#2"},
				"south": {"uv": [13, 9, 15, 15], "texture": "#2"}
			}
		},
		{
			"from": [13, 1, 0],
			"to": [15, 7, 2],
			"rotation": {"angle": 0, "axis": "y", "origin": [13, 1, 0]},
			"faces": {
				"north": {"uv": [1, 9, 3, 15], "texture": "#2", "cullface": "north"},
				"south": {"uv": [1, 9, 3, 15], "texture": "#2"},
				"west": {"uv": [1, 9, 3, 15], "texture": "#2"}
			}
		},
		{
			"from": [3, 3, 0],
			"to": [4, 4, 1],
			"rotation": {"angle": 0, "axis": "y", "origin": [2, 3, 0]},
			"faces": {
				"north": {"uv": [12, 12, 13, 13], "texture": "#2", "cullface": "north"},
				"east": {"uv": [12, 12, 13, 13], "texture": "#2"},
				"south": {"uv": [12, 12, 13, 13], "texture": "#2"},
				"down": {"uv": [12, 12, 13, 13], "texture": "#2"}
			}
		},
		{
			"from": [4, 4, 0],
			"to": [5, 5, 1],
			"rotation": {"angle": 0, "axis": "y", "origin": [3, 4, 0]},
			"faces": {
				"north": {"uv": [12, 12, 13, 13], "texture": "#2", "cullface": "north"},
				"east": {"uv": [12, 12, 13, 13], "texture": "#2"},
				"south": {"uv": [12, 12, 13, 13], "texture": "#2"},
				"down": {"uv": [12, 12, 13, 13], "texture": "#2"}
			}
		},
		{
			"from": [4, 12, 0],
			"to": [5, 13, 1],
			"rotation": {"angle": 0, "axis": "y", "origin": [3, 12, 0]},
			"faces": {
				"north": {"uv": [11, 3, 12, 4], "texture": "#2", "cullface": "north"},
				"east": {"uv": [11, 3, 12, 4], "texture": "#2"},
				"south": {"uv": [11, 3, 12, 4], "texture": "#2"},
				"down": {"uv": [11, 3, 12, 4], "texture": "#2"}
			}
		},
		{
			"from": [11, 12, 0],
			"to": [12, 13, 1],
			"rotation": {"angle": 0, "axis": "y", "origin": [10, 12, 0]},
			"faces": {
				"north": {"uv": [11, 3, 12, 4], "texture": "#2", "cullface": "north"},
				"south": {"uv": [11, 3, 12, 4], "texture": "#2"},
				"west": {"uv": [11, 3, 12, 4], "texture": "#2"},
				"down": {"uv": [11, 3, 12, 4], "texture": "#2"}
			}
		},
		{
			"from": [3, 11, 0],
			"to": [4, 12, 1],
			"rotation": {"angle": 0, "axis": "y", "origin": [2, 11, 0]},
			"faces": {
				"north": {"uv": [11, 3, 12, 4], "texture": "#2", "cullface": "north"},
				"east": {"uv": [11, 3, 12, 4], "texture": "#2"},
				"south": {"uv": [11, 3, 12, 4], "texture": "#2"},
				"down": {"uv": [11, 3, 12, 4], "texture": "#2"}
			}
		},
		{
			"from": [12, 11, 0],
			"to": [13, 12, 1],
			"rotation": {"angle": 0, "axis": "y", "origin": [11, 11, 0]},
			"faces": {
				"north": {"uv": [11, 3, 12, 4], "texture": "#2", "cullface": "north"},
				"south": {"uv": [11, 3, 12, 4], "texture": "#2"},
				"west": {"uv": [11, 3, 12, 4], "texture": "#2"},
				"down": {"uv": [11, 3, 12, 4], "texture": "#2"}
			}
		},
		{
			"from": [12, 3, 0],
			"to": [13, 4, 1],
			"rotation": {"angle": 0, "axis": "y", "origin": [11, 3, 0]},
			"faces": {
				"north": {"uv": [12, 12, 13, 13], "texture": "#2", "cullface": "north"},
				"south": {"uv": [12, 12, 13, 13], "texture": "#2"},
				"west": {"uv": [12, 12, 13, 13], "texture": "#2"},
				"down": {"uv": [12, 12, 13, 13], "texture": "#2"}
			}
		},
		{
			"from": [11, 4, 0],
			"to": [12, 5, 1],
			"rotation": {"angle": 0, "axis": "y", "origin": [10, 4, 0]},
			"faces": {
				"north": {"uv": [12, 12, 13, 13], "texture": "#2", "cullface": "north"},
				"south": {"uv": [12, 12, 13, 13], "texture": "#2"},
				"west": {"uv": [12, 12, 13, 13], "texture": "#2"},
				"down": {"uv": [12, 12, 13, 13], "texture": "#2"}
			}
		},
		{
			"from": [3, 4, 0],
			"to": [4, 5, 1],
			"rotation": {"angle": 0, "axis": "y", "origin": [2, 4, 0]},
			"faces": {
				"north": {"uv": [13, 12, 14, 13], "texture": "#2", "cullface": "north"},
				"south": {"uv": [13, 12, 14, 13], "texture": "#2"}
			}
		},
		{
			"from": [3, 12, 0],
			"to": [4, 13, 1],
			"rotation": {"angle": 0, "axis": "y", "origin": [2, 12, 0]},
			"faces": {
				"north": {"uv": [12, 3, 13, 4], "texture": "#2", "cullface": "north"},
				"south": {"uv": [12, 3, 13, 4], "texture": "#2"}
			}
		},
		{
			"from": [12, 12, 0],
			"to": [13, 13, 1],
			"rotation": {"angle": 0, "axis": "y", "origin": [11, 12, 0]},
			"faces": {
				"north": {"uv": [12, 3, 13, 4], "texture": "#2", "cullface": "north"},
				"south": {"uv": [13, 12, 14, 13], "texture": "#2"}
			}
		},
		{
			"from": [12, 4, 0],
			"to": [13, 5, 1],
			"rotation": {"angle": 0, "axis": "y", "origin": [11, 4, 0]},
			"faces": {
				"north": {"uv": [13, 12, 14, 13], "texture": "#2", "cullface": "north"},
				"south": {"uv": [13, 12, 14, 13], "texture": "#2"}
			}
		},
		{
			"from": [3, 5, 0],
			"to": [5, 7, 2],
			"rotation": {"angle": 0, "axis": "y", "origin": [3, 5, 0]},
			"faces": {
				"north": {"uv": [11, 9, 13, 11], "texture": "#2", "cullface": "north"},
				"south": {"uv": [11, 9, 13, 11], "texture": "#2"},
				"down": {"uv": [11, 9, 13, 11], "texture": "#2"}
			}
		},
		{
			"from": [11, 5, 0],
			"to": [13, 7, 2],
			"rotation": {"angle": 0, "axis": "y", "origin": [11, 5, 0]},
			"faces": {
				"north": {"uv": [3, 9, 5, 11], "texture": "#2", "cullface": "north"},
				"south": {"uv": [11, 9, 13, 11], "texture": "#2"},
				"down": {"uv": [11, 9, 13, 11], "texture": "#2"}
			}
		},
		{
			"from": [5, 5, 0],
			"to": [11, 7, 2],
			"rotation": {"angle": 0, "axis": "y", "origin": [5, 5, 0]},
			"faces": {
				"north": {"uv": [5, 9, 11, 11], "texture": "#2", "cullface": "north"},
				"south": {"uv": [11, 9, 13, 11], "texture": "#2"},
				"down": {"uv": [11, 9, 13, 11], "texture": "#2"}
			}
		},
		{
			"from": [1, 9, 0],
			"to": [3, 15, 2],
			"rotation": {"angle": 0, "axis": "y", "origin": [1, 9, 0]},
			"faces": {
				"north": {"uv": [13, 1, 15, 7], "texture": "#2", "cullface": "north"},
				"east": {"uv": [13, 1, 15, 7], "texture": "#2"},
				"south": {"uv": [13, 1, 15, 7], "texture": "#2"}
			}
		},
		{
			"from": [13, 9, 0],
			"to": [15, 15, 2],
			"rotation": {"angle": 0, "axis": "y", "origin": [13, 9, 0]},
			"faces": {
				"north": {"uv": [1, 1, 3, 7], "texture": "#2", "cullface": "north"},
				"south": {"uv": [13, 1, 15, 7], "texture": "#2"},
				"west": {"uv": [13, 1, 15, 7], "texture": "#2"}
			}
		},
		{
			"from": [3, 13, 0],
			"to": [13, 15, 2],
			"rotation": {"angle": 0, "axis": "z", "origin": [3, 15, 0]},
			"faces": {
				"north": {"uv": [3, 1, 13, 3], "texture": "#2", "cullface": "north"},
				"south": {"uv": [13, 1, 15, 7], "rotation": 90, "texture": "#2"},
				"down": {"uv": [13, 1, 15, 7], "rotation": 90, "texture": "#2"}
			}
		},
		{
			"from": [4, 1, 1],
			"to": [12, 3, 2],
			"rotation": {"angle": 0, "axis": "y", "origin": [6, 1, 1]},
			"faces": {
				"north": {"uv": [4, 14, 12, 16], "texture": "#3"},
				"east": {"uv": [4, 14, 12, 16], "texture": "#3"},
				"up": {"uv": [4, 15, 12, 16], "texture": "#3"}
			}
		},
		{
			"from": [4, 1, 2],
			"to": [12, 3, 3],
			"rotation": {"angle": 0, "axis": "y", "origin": [6, 1, 2]},
			"faces": {
				"east": {"uv": [4, 14, 12, 16], "texture": "#3"},
				"south": {"uv": [4, 14, 12, 16], "texture": "#3"},
				"west": {"uv": [4, 14, 12, 16], "texture": "#3"},
				"up": {"uv": [4, 15, 12, 16], "texture": "#3"}
			}
		},
		{
			"from": [3, 1, 1],
			"to": [4, 3, 2],
			"rotation": {"angle": 0, "axis": "y", "origin": [2, 1, 0]},
			"faces": {
				"north": {"uv": [13, 14, 12, 16], "texture": "#3"},
				"south": {"uv": [13, 15, 12, 16], "texture": "#3"},
				"up": {"uv": [13, 15, 12, 16], "texture": "#3"}
			}
		},
		{
			"from": [12, 1, 1],
			"to": [13, 2, 2],
			"rotation": {"angle": 0, "axis": "y", "origin": [11, 1, 0]},
			"faces": {
				"north": {"uv": [4, 15, 3, 16], "texture": "#3"},
				"south": {"uv": [4, 15, 3, 16], "texture": "#3"},
				"up": {"uv": [4, 15, 3, 16], "texture": "#3"}
			}
		},
		{
			"from": [7, 4, 2],
			"to": [8, 5, 3],
			"rotation": {"angle": 0, "axis": "y", "origin": [6, 4, 1]},
			"faces": {
				"north": {"uv": [7, 12, 6, 13], "texture": "#3"},
				"east": {"uv": [7, 12, 6, 13], "texture": "#3"},
				"south": {"uv": [7, 12, 6, 13], "texture": "#3"},
				"west": {"uv": [7, 12, 6, 13], "texture": "#3"},
				"up": {"uv": [7, 12, 6, 13], "texture": "#3"}
			}
		},
		{
			"from": [10, 3, 2],
			"to": [11, 4, 3],
			"rotation": {"angle": 0, "axis": "y", "origin": [9, 3, 1]},
			"faces": {
				"north": {"uv": [5, 12, 4, 13], "texture": "#3"},
				"east": {"uv": [5, 12, 4, 13], "texture": "#3"},
				"south": {"uv": [5, 12, 4, 13], "texture": "#3"},
				"west": {"uv": [5, 12, 4, 13], "texture": "#3"},
				"up": {"uv": [5, 12, 4, 13], "texture": "#3"}
			}
		},
		{
			"from": [5, 3, 1],
			"to": [6, 5, 2],
			"rotation": {"angle": 0, "axis": "y", "origin": [4, 3, 0]},
			"faces": {
				"north": {"uv": [13, 14, 12, 16], "texture": "#3"},
				"east": {"uv": [13, 15, 12, 16], "texture": "#3"},
				"south": {"uv": [13, 15, 12, 16], "texture": "#3"},
				"west": {"uv": [13, 15, 12, 16], "texture": "#3"}
			}
		},
		{
			"from": [6, 3, 1],
			"to": [10, 4, 2],
			"rotation": {"angle": 0, "axis": "y", "origin": [5, 3, 0]},
			"faces": {
				"north": {"uv": [11, 12, 8, 13], "texture": "#3"},
				"east": {"uv": [9, 12, 8, 13], "texture": "#3"},
				"south": {"uv": [11, 12, 8, 13], "texture": "#3"},
				"up": {"uv": [11, 12, 8, 13], "texture": "#3"}
			}
		},
		{
			"from": [5, 3, 2],
			"to": [9, 4, 3],
			"rotation": {"angle": 0, "axis": "y", "origin": [4, 3, 1]},
			"faces": {
				"east": {"uv": [9, 12, 8, 13], "texture": "#3"},
				"south": {"uv": [11, 12, 8, 13], "texture": "#3"},
				"west": {"uv": [11, 12, 8, 13], "texture": "#3"},
				"up": {"uv": [11, 12, 8, 13], "texture": "#3"}
			}
		}
	],
	"display": {
		"thirdperson_righthand": {
			"rotation": [75, 45, 0],
			"translation": [0, 2.5, 0],
			"scale": [0.375, 0.375, 0.375]
		},
		"thirdperson_lefthand": {
			"rotation": [75, 45, 0],
			"translation": [0, 2.5, 0],
			"scale": [0.375, 0.375, 0.375]
		},
		"firstperson_righthand": {
			"rotation": [0, 45, 0],
			"scale": [0.4, 0.4, 0.4]
		},
		"firstperson_lefthand": {
			"rotation": [0, 225, 0],
			"scale": [0.4, 0.4, 0.4]
		},
		"ground": {
			"translation": [0, 3, 0],
			"scale": [0.25, 0.25, 0.25]
		},
		"gui": {
			"rotation": [30, 225, 0],
			"scale": [0.625, 0.625, 0.625]
		},
		"fixed": {
			"scale": [0.5, 0.5, 0.5]
		}
	}
}