{
	"credit": "Made with Blockbench",
	"parent": "minecraft:block/cube_column_horizontal",
	"ambientocclusion": false,
	"textures": {
		"0": "block/hay_block_side",
		"1": "block/hay_block_top",
		"particle": "block/hay_block_side"
	},
	"elements": [
		{
			"from": [0, 0, 0],
			"to": [16, 16, 16],
			"faces": {
				"north": {"uv": [0, 0, 16, 16], "texture": "#1", "cullface": "north"},
				"east": {"uv": [0, 0, 16, 16], "rotation": 90, "texture": "#0", "cullface": "east"},
				"south": {"uv": [0, 0, 16, 16], "texture": "#1", "cullface": "south"},
				"west": {"uv": [0, 0, 16, 16], "rotation": 270, "texture": "#0", "cullface": "west"},
				"up": {"uv": [0, 0, 16, 16], "texture": "#0", "cullface": "up"},
				"down": {"uv": [0, 0, 16, 16], "rotation": 180, "texture": "#0", "cullface": "down"}
			}
		},
		{
			"from": [-0.5, -0.5, 3],
			"to": [16.5, 16.5625, 4],
			"rotation": {"angle": 0, "axis": "y", "origin": [0, 16, 3]},
			"faces": {
				"north": {"uv": [0, 11, 16, 12], "rotation": 90, "texture": "#0"},
				"east": {"uv": [0, 11, 16, 12], "rotation": 90, "texture": "#0", "cullface": "east"},
				"south": {"uv": [0, 11, 16, 12], "rotation": 90, "texture": "#0"},
				"west": {"uv": [0, 11, 16, 12], "rotation": 90, "texture": "#0", "cullface": "west"},
				"up": {"uv": [0, 11, 16, 12], "texture": "#0", "cullface": "up"},
				"down": {"uv": [0, 11, 16, 12], "texture": "#0", "cullface": "down"}
			}
		},
		{
			"from": [-0.5, -0.5, 11],
			"to": [16.5, 16.5625, 12],
			"rotation": {"angle": 0, "axis": "y", "origin": [0, 16, 11]},
			"faces": {
				"north": {"uv": [0, 11, 16, 12], "rotation": 90, "texture": "#0"},
				"east": {"uv": [0, 11, 16, 12], "rotation": 90, "texture": "#0", "cullface": "east"},
				"south": {"uv": [0, 11, 16, 12], "rotation": 90, "texture": "#0"},
				"west": {"uv": [0, 11, 16, 12], "rotation": 90, "texture": "#0", "cullface": "west"},
				"up": {"uv": [0, 11, 16, 12], "texture": "#0", "cullface": "up"},
				"down": {"uv": [0, 11, 16, 12], "texture": "#0", "cullface": "down"}
			}
		}
	],
	"display": {
		"thirdperson_righthand": {
			"rotation": [75, 45, 0],
			"translation": [0, 2.5, 0],
			"scale": [0.375, 0.375, 0.375]
		},
		"thirdperson_lefthand": {
			"rotation": [75, 45, 0],
			"translation": [0, 2.5, 0],
			"scale": [0.375, 0.375, 0.375]
		},
		"firstperson_righthand": {
			"rotation": [0, 45, 0],
			"scale": [0.4, 0.4, 0.4]
		},
		"firstperson_lefthand": {
			"rotation": [0, 225, 0],
			"scale": [0.4, 0.4, 0.4]
		},
		"ground": {
			"translation": [0, 3, 0],
			"scale": [0.25, 0.25, 0.25]
		},
		"gui": {
			"rotation": [30, 225, 0],
			"scale": [0.625, 0.625, 0.625]
		},
		"fixed": {
			"scale": [0.5, 0.5, 0.5]
		}
	}
}