{
	"credit": "Made by sniffercraft34",
	"ambientocclusion": false,
	"textures": {
		"0": "block/iron_bars",
		"particle": "block/iron_bars"
	},
	"elements": [
		{
			"from": [7, 16, 7],
			"to": [9, 16, 9],
			"faces": {
				"up": {"uv": [7, 7, 9, 9], "texture": "#0", "cullface": "up"}
			}
		},
		{
			"from": [7, 0, 7],
			"to": [9, 0, 9],
			"rotation": {"angle": 0, "axis": "y", "origin": [8, -8, 8]},
			"faces": {
				"down": {"uv": [7, 7, 9, 9], "texture": "#0", "cullface": "down"}
			}
		}
	]
}