{
	"credit": "Made with Blockbench",
	"ambientocclusion": false,
	"textures": {
		"0": "block/jukebox_top",
		"1": "block/jukebox_side",
		"particle": "block/jukebox_top"
	},
	"elements": [
		{
			"from": [1, 1, 1],
			"to": [15, 15, 15],
			"rotation": {"angle": 0, "axis": "y", "origin": [1, 0, 1]},
			"faces": {
				"north": {"uv": [1, 1, 15, 15], "texture": "#1"},
				"east": {"uv": [1, 1, 15, 15], "texture": "#1"},
				"south": {"uv": [1, 1, 15, 15], "texture": "#1"},
				"west": {"uv": [1, 1, 15, 15], "texture": "#1"},
				"up": {"uv": [1, 1, 15, 15], "texture": "#0"},
				"down": {"uv": [1, 1, 15, 15], "texture": "#1"}
			}
		},
		{
			"from": [0, 0, 0],
			"to": [1, 16, 1],
			"faces": {
				"north": {"uv": [0, 0, 1, 15], "texture": "#0"},
				"east": {"uv": [0, 0, 1, 15], "texture": "#0"},
				"south": {"uv": [0, 0, 1, 15], "texture": "#0"},
				"west": {"uv": [0, 0, 1, 15], "texture": "#0"},
				"up": {"uv": [0, 0, 1, 15], "texture": "#0"},
				"down": {"uv": [0, 0, 1, 15], "texture": "#0"}
			}
		},
		{
			"from": [0, 1, 15],
			"to": [1, 16, 16],
			"rotation": {"angle": 0, "axis": "y", "origin": [0, 0, 15]},
			"faces": {
				"north": {"uv": [0, 0, 1, 15], "texture": "#0"},
				"east": {"uv": [0, 0, 1, 15], "texture": "#0"},
				"south": {"uv": [0, 0, 1, 15], "texture": "#0"},
				"west": {"uv": [0, 0, 1, 15], "texture": "#0"},
				"up": {"uv": [0, 0, 1, 15], "texture": "#0"},
				"down": {"uv": [0, 0, 1, 15], "texture": "#0"}
			}
		},
		{
			"from": [15, 1, 15],
			"to": [16, 16, 16],
			"rotation": {"angle": 0, "axis": "y", "origin": [15, 0, 15]},
			"faces": {
				"north": {"uv": [0, 0, 1, 15], "texture": "#1"},
				"east": {"uv": [0, 0, 1, 15], "texture": "#1"},
				"south": {"uv": [0, 0, 1, 15], "texture": "#1"},
				"west": {"uv": [0, 0, 1, 15], "texture": "#1"},
				"up": {"uv": [0, 0, 1, 15], "texture": "#1"},
				"down": {"uv": [0, 0, 1, 15], "texture": "#1"}
			}
		},
		{
			"from": [15, 1, 0],
			"to": [16, 16, 1],
			"rotation": {"angle": 0, "axis": "y", "origin": [15, 0, 0]},
			"faces": {
				"north": {"uv": [0, 0, 1, 15], "texture": "#1"},
				"east": {"uv": [0, 0, 1, 15], "texture": "#1"},
				"south": {"uv": [0, 0, 1, 15], "texture": "#1"},
				"west": {"uv": [0, 0, 1, 15], "texture": "#1"},
				"up": {"uv": [0, 0, 1, 15], "texture": "#1"},
				"down": {"uv": [0, 0, 1, 15], "texture": "#1"}
			}
		},
		{
			"from": [1, 0, 0],
			"to": [16, 1, 1],
			"rotation": {"angle": 0, "axis": "z", "origin": [1, 1, 0]},
			"faces": {
				"north": {"uv": [0, 0, 1, 15], "rotation": 270, "texture": "#0"},
				"east": {"uv": [0, 0, 1, 15], "rotation": 270, "texture": "#0"},
				"south": {"uv": [0, 0, 1, 15], "rotation": 270, "texture": "#0"},
				"west": {"uv": [0, 0, 1, 15], "rotation": 270, "texture": "#0"},
				"up": {"uv": [0, 0, 1, 15], "rotation": 270, "texture": "#0"},
				"down": {"uv": [0, 0, 1, 15], "rotation": 270, "texture": "#0"}
			}
		},
		{
			"from": [1, 0, 15],
			"to": [15, 1, 16],
			"rotation": {"angle": 0, "axis": "y", "origin": [1, 1, 15]},
			"faces": {
				"north": {"uv": [0, 0, 1, 15], "rotation": 90, "texture": "#0"},
				"east": {"uv": [0, 0, 1, 15], "rotation": 90, "texture": "#0"},
				"south": {"uv": [0, 0, 1, 15], "rotation": 90, "texture": "#0"},
				"west": {"uv": [0, 0, 1, 15], "rotation": 90, "texture": "#0"},
				"up": {"uv": [0, 0, 1, 15], "rotation": 90, "texture": "#0"},
				"down": {"uv": [0, 0, 1, 15], "rotation": 90, "texture": "#0"}
			}
		},
		{
			"from": [0, 0, 1],
			"to": [1, 1, 16],
			"rotation": {"angle": 0, "axis": "y", "origin": [1, 1, 1]},
			"faces": {
				"north": {"uv": [0, 0, 1, 15], "rotation": 90, "texture": "#1"},
				"east": {"uv": [0, 0, 1, 15], "rotation": 90, "texture": "#1"},
				"south": {"uv": [0, 0, 1, 15], "rotation": 90, "texture": "#1"},
				"west": {"uv": [0, 0, 1, 15], "rotation": 90, "texture": "#1"},
				"up": {"uv": [0, 0, 1, 15], "rotation": 90, "texture": "#1"},
				"down": {"uv": [0, 0, 1, 15], "rotation": 90, "texture": "#1"}
			}
		},
		{
			"from": [15, 0, 1],
			"to": [16, 1, 16],
			"rotation": {"angle": 0, "axis": "y", "origin": [16, 1, 1]},
			"faces": {
				"north": {"uv": [0, 0, 1, 15], "rotation": 270, "texture": "#1"},
				"east": {"uv": [0, 0, 1, 15], "rotation": 270, "texture": "#1"},
				"south": {"uv": [0, 0, 1, 15], "rotation": 270, "texture": "#1"},
				"west": {"uv": [0, 0, 1, 15], "rotation": 270, "texture": "#1"},
				"up": {"uv": [0, 0, 1, 15], "rotation": 270, "texture": "#1"},
				"down": {"uv": [0, 0, 1, 15], "rotation": 270, "texture": "#1"}
			}
		},
		{
			"from": [15, 15, 1],
			"to": [16, 16, 15],
			"rotation": {"angle": 0, "axis": "y", "origin": [16, 16, 1]},
			"faces": {
				"north": {"uv": [0, 0, 1, 15], "rotation": 270, "texture": "#1"},
				"east": {"uv": [0, 0, 1, 15], "rotation": 270, "texture": "#1"},
				"south": {"uv": [0, 0, 1, 15], "rotation": 270, "texture": "#1"},
				"west": {"uv": [0, 0, 1, 15], "rotation": 270, "texture": "#1"},
				"up": {"uv": [0, 0, 1, 15], "rotation": 270, "texture": "#1"},
				"down": {"uv": [0, 0, 1, 15], "rotation": 270, "texture": "#1"}
			}
		},
		{
			"from": [1, 15, 0],
			"to": [15, 16, 1],
			"rotation": {"angle": 0, "axis": "y", "origin": [15, 16, 1]},
			"faces": {
				"north": {"uv": [0, 0, 1, 15], "rotation": 270, "texture": "#1"},
				"east": {"uv": [0, 0, 1, 15], "rotation": 270, "texture": "#1"},
				"south": {"uv": [0, 0, 1, 15], "rotation": 270, "texture": "#1"},
				"west": {"uv": [0, 0, 1, 15], "rotation": 270, "texture": "#1"},
				"up": {"uv": [0, 0, 1, 15], "rotation": 270, "texture": "#1"},
				"down": {"uv": [0, 0, 1, 15], "rotation": 270, "texture": "#1"}
			}
		},
		{
			"from": [1, 15, 15],
			"to": [15, 16, 16],
			"rotation": {"angle": 0, "axis": "y", "origin": [15, 16, 16]},
			"faces": {
				"north": {"uv": [0, 0, 1, 15], "rotation": 270, "texture": "#1"},
				"east": {"uv": [0, 0, 1, 15], "rotation": 270, "texture": "#1"},
				"south": {"uv": [0, 0, 1, 15], "rotation": 270, "texture": "#1"},
				"west": {"uv": [0, 0, 1, 15], "rotation": 270, "texture": "#1"},
				"up": {"uv": [0, 0, 1, 15], "rotation": 270, "texture": "#1"},
				"down": {"uv": [0, 0, 1, 15], "rotation": 270, "texture": "#1"}
			}
		},
		{
			"from": [0, 15, 1],
			"to": [1, 16, 15],
			"rotation": {"angle": 0, "axis": "y", "origin": [1, 16, 1]},
			"faces": {
				"north": {"uv": [0, 0, 1, 15], "rotation": 90, "texture": "#1"},
				"east": {"uv": [0, 0, 1, 15], "rotation": 90, "texture": "#1"},
				"south": {"uv": [0, 0, 1, 15], "rotation": 90, "texture": "#1"},
				"west": {"uv": [0, 0, 1, 15], "rotation": 90, "texture": "#1"},
				"up": {"uv": [0, 0, 1, 15], "rotation": 90, "texture": "#1"},
				"down": {"uv": [0, 0, 1, 15], "rotation": 90, "texture": "#1"}
			}
		}
	],
	"display": {
		"thirdperson_righthand": {
			"rotation": [75, 45, 0],
			"translation": [0, 2.5, 0],
			"scale": [0.375, 0.375, 0.375]
		},
		"thirdperson_lefthand": {
			"rotation": [75, 45, 0],
			"translation": [0, 2.5, 0],
			"scale": [0.375, 0.375, 0.375]
		},
		"firstperson_righthand": {
			"rotation": [0, 45, 0],
			"scale": [0.4, 0.4, 0.4]
		},
		"firstperson_lefthand": {
			"rotation": [0, 225, 0],
			"scale": [0.4, 0.4, 0.4]
		},
		"ground": {
			"translation": [0, 3, 0],
			"scale": [0.25, 0.25, 0.25]
		},
		"gui": {
			"rotation": [30, 225, 0],
			"scale": [0.625, 0.625, 0.625]
		},
		"fixed": {
			"scale": [0.5, 0.5, 0.5]
		}
	}
}