{
	"credit": "Made by sniffercraft34",
	"ambientocclusion": false,
	"textures": {
		"0": "block/ladder",
		"particle": "block/ladder"
	},
	"elements": [
		{
			"from": [2, 0, 14],
			"to": [4, 16, 16],
			"rotation": {"angle": 0, "axis": "y", "origin": [2, 2, 14]},
			"faces": {
				"north": {"uv": [2, 0, 4, 16], "rotation": 180, "texture": "#0"},
				"east": {"uv": [2, 0, 4, 16], "texture": "#0"},
				"south": {"uv": [4, 0, 2, 16], "texture": "#0", "cullface": "south"},
				"west": {"uv": [2, 0, 4, 16], "rotation": 180, "texture": "#0"},
				"up": {"uv": [2, 0, 4, 2], "rotation": 270, "texture": "#0", "cullface": "up"},
				"down": {"uv": [2, 0, 4, 2], "texture": "#0", "cullface": "down"}
			}
		},
		{
			"from": [1.0625, 13, 14.5625],
			"to": [16, 15, 15.3125],
			"rotation": {"angle": 0, "axis": "y", "origin": [2, 15, 14]},
			"faces": {
				"north": {"uv": [1, 1, 15, 3], "texture": "#0"},
				"east": {"uv": [2, 0, 4, 2], "texture": "#0", "cullface": "east"},
				"south": {"uv": [15, 1, 1, 3], "texture": "#0"},
				"west": {"uv": [2, 0, 4, 2], "rotation": 90, "texture": "#0"},
				"up": {"uv": [2, 0, 4, 16], "rotation": 270, "texture": "#0"},
				"down": {"uv": [2, 0, 4, 16], "rotation": 90, "texture": "#0"}
			}
		},
		{
			"from": [1.0625, 9, 14.5625],
			"to": [16, 11, 15.3125],
			"rotation": {"angle": 0, "axis": "y", "origin": [2, 11, 14]},
			"faces": {
				"north": {"uv": [1, 1, 15, 3], "texture": "#0"},
				"east": {"uv": [2, 0, 4, 2], "texture": "#0", "cullface": "east"},
				"south": {"uv": [15, 1, 1, 3], "texture": "#0"},
				"west": {"uv": [2, 0, 4, 2], "rotation": 90, "texture": "#0"},
				"up": {"uv": [2, 0, 4, 16], "rotation": 270, "texture": "#0"},
				"down": {"uv": [2, 0, 4, 16], "rotation": 90, "texture": "#0"}
			}
		},
		{
			"from": [1.0625, 5, 14.5625],
			"to": [16, 7, 15.3125],
			"rotation": {"angle": 0, "axis": "y", "origin": [2, 7, 14]},
			"faces": {
				"north": {"uv": [1, 1, 15, 3], "texture": "#0"},
				"east": {"uv": [2, 0, 4, 2], "texture": "#0", "cullface": "east"},
				"south": {"uv": [15, 1, 1, 3], "texture": "#0"},
				"west": {"uv": [2, 0, 4, 2], "rotation": 90, "texture": "#0"},
				"up": {"uv": [2, 0, 4, 16], "rotation": 270, "texture": "#0"},
				"down": {"uv": [2, 0, 4, 16], "rotation": 90, "texture": "#0"}
			}
		},
		{
			"from": [1.0625, 1, 14.5625],
			"to": [16, 3, 15.3125],
			"rotation": {"angle": 0, "axis": "y", "origin": [2, 3, 14]},
			"faces": {
				"north": {"uv": [1, 1, 15, 3], "texture": "#0"},
				"east": {"uv": [2, 0, 4, 2], "texture": "#0", "cullface": "east"},
				"south": {"uv": [15, 1, 1, 3], "texture": "#0"},
				"west": {"uv": [2, 0, 4, 2], "rotation": 90, "texture": "#0"},
				"up": {"uv": [2, 0, 4, 16], "rotation": 270, "texture": "#0"},
				"down": {"uv": [2, 0, 4, 16], "rotation": 90, "texture": "#0"}
			}
		},
		{
			"from": [13, 0, 14],
			"to": [15, 16, 16],
			"rotation": {"angle": 0, "axis": "y", "origin": [13, 2, 14]},
			"faces": {
				"north": {"uv": [2, 0, 4, 16], "rotation": 180, "texture": "#0"},
				"east": {"uv": [2, 0, 4, 16], "texture": "#0"},
				"south": {"uv": [4, 0, 2, 16], "texture": "#0", "cullface": "south"},
				"west": {"uv": [2, 0, 4, 16], "rotation": 180, "texture": "#0"},
				"up": {"uv": [2, 0, 4, 2], "rotation": 270, "texture": "#0", "cullface": "up"},
				"down": {"uv": [2, 0, 4, 2], "texture": "#0", "cullface": "down"}
			}
		}
	],
	"display": {
		"thirdperson_righthand": {
			"rotation": [72.82, 5.44, 4.82],
			"translation": [0, 3.25, 0],
			"scale": [0.375, 0.375, 0.375]
		},
		"thirdperson_lefthand": {
			"translation": [0, 3, -2.25],
			"scale": [0.55, 0.55, 0.55]
		},
		"firstperson_righthand": {
			"rotation": [-17.25, -90, 0],
			"translation": [1.13, 3.2, 1.13],
			"scale": [0.68, 0.68, 0.68]
		},
		"firstperson_lefthand": {
			"rotation": [-15.5, -90, 0],
			"translation": [1.13, 3.2, 1.13],
			"scale": [0.68, 0.68, 0.68]
		},
		"ground": {
			"translation": [0, 2, 0],
			"scale": [0.5, 0.5, 0.5]
		},
		"head": {
			"rotation": [0, 180, 0],
			"translation": [0, 13, 7]
		},
		"fixed": {
			"rotation": [0, 180, 0],
			"translation": [0, 0, 6]
		}
	}
}