{
	"credit": "Made by sniffercraft34",
	"parent": "block/block",
	"textures": {
		"bottom": "block/oak_planks",
		"base": "block/lectern_base",
		"front": "block/lectern_front",
		"particle": "block/lectern_sides",
		"sides": "block/lectern_sides",
		"top": "block/lectern_top"
	},
	"elements": [
		{
			"from": [0, 0, 0],
			"to": [16, 2, 16],
			"faces": {
				"north": {"uv": [0, 14, 16, 16], "texture": "#base", "cullface": "north"},
				"east": {"uv": [0, 6, 16, 8], "texture": "#base", "cullface": "east"},
				"south": {"uv": [0, 6, 16, 8], "texture": "#base", "cullface": "south"},
				"west": {"uv": [0, 6, 16, 8], "texture": "#base", "cullface": "west"},
				"up": {"uv": [0, 0, 16, 16], "rotation": 180, "texture": "#base"},
				"down": {"uv": [0, 0, 16, 16], "texture": "#bottom", "cullface": "down"}
			}
		},
		{
			"from": [0.0125, 12, 3],
			"to": [15.9875, 16, 16],
			"rotation": {"angle": -22.5, "axis": "x", "origin": [8, 8, 8]},
			"faces": {
				"north": {"uv": [0, 0, 16, 4], "texture": "#sides"},
				"east": {"uv": [0, 4, 13, 8], "texture": "#sides"},
				"south": {"uv": [0, 4, 16, 8], "texture": "#sides"},
				"west": {"uv": [0, 4, 13, 8], "texture": "#sides"},
				"up": {"uv": [0, 1, 16, 14], "rotation": 180, "texture": "#top"},
				"down": {"uv": [0, 0, 16, 13], "texture": "#bottom"}
			}
		},
		{
			"from": [5, 8, 4],
			"to": [11, 15, 10],
			"rotation": {"angle": 0, "axis": "y", "origin": [5, 8, 3]},
			"faces": {
				"east": {"uv": [1, 0, 7, 7], "texture": "#front"},
				"west": {"uv": [1, 0, 7, 7], "texture": "#front"}
			}
		},
		{
			"from": [4, 3, 3],
			"to": [5, 14, 11],
			"rotation": {"angle": 0, "axis": "z", "origin": [4, 11, 2]},
			"faces": {
				"north": {"uv": [7, 6, 8, 12], "texture": "#front"},
				"east": {"uv": [0, 0, 8, 8], "rotation": 90, "texture": "#base"},
				"south": {"uv": [8, 15, 16, 16], "rotation": 90, "texture": "#front"},
				"west": {"uv": [8, 0, 16, 16], "texture": "#front"}
			}
		},
		{
			"from": [4, 2, 3],
			"to": [12, 3, 11],
			"rotation": {"angle": 0, "axis": "y", "origin": [4, 2, 2]},
			"faces": {
				"north": {"uv": [0, 12, 8, 13], "texture": "#front"},
				"east": {"uv": [8, 15, 16, 16], "texture": "#front"},
				"south": {"uv": [8, 15, 16, 16], "texture": "#front"},
				"west": {"uv": [8, 15, 16, 16], "texture": "#front"}
			}
		},
		{
			"from": [5, 8, 3],
			"to": [11, 14, 4],
			"rotation": {"angle": 0, "axis": "y", "origin": [12, 11, 3]},
			"faces": {
				"north": {"uv": [8, 0, 16, 16], "texture": "#front"},
				"down": {"uv": [8, 15, 16, 16], "texture": "#front"}
			}
		},
		{
			"from": [11, 3, 3],
			"to": [12, 14, 11],
			"rotation": {"angle": 0, "axis": "y", "origin": [11, 11, 2]},
			"faces": {
				"north": {"uv": [7, 6, 8, 12], "texture": "#front"},
				"east": {"uv": [9, 0, 15, 15], "texture": "#front"},
				"south": {"uv": [8, 15, 16, 16], "rotation": 90, "texture": "#front"},
				"west": {"uv": [8, 0, 16, 16], "texture": "#front"}
			}
		},
		{
			"from": [5, 3, 10],
			"to": [11, 15, 11],
			"rotation": {"angle": 0, "axis": "y", "origin": [13, 11, 10]},
			"faces": {
				"east": {"uv": [7, 6, 8, 12], "texture": "#front"},
				"south": {"uv": [9, 0, 15, 15], "texture": "#front"},
				"west": {"uv": [8, 15, 16, 16], "rotation": 90, "texture": "#front"}
			}
		},
		{
			"from": [5, 3, 4],
			"to": [11, 8, 10],
			"rotation": {"angle": 0, "axis": "y", "origin": [8, 3, 4]},
			"faces": {
				"north": {"uv": [1, 7, 7, 12], "texture": "#front"}
			}
		},
		{
			"from": [5, 3, 3],
			"to": [11, 6, 5],
			"rotation": {"angle": 0, "axis": "y", "origin": [5, 3, 3]},
			"faces": {
				"north": {"uv": [1, 9, 7, 12], "texture": "#front"},
				"up": {"uv": [6, 9, 7, 10], "texture": "#front"}
			}
		},
		{
			"from": [6, 6, 3],
			"to": [11, 7, 4],
			"rotation": {"angle": 0, "axis": "y", "origin": [6, 6, 3]},
			"faces": {
				"north": {"uv": [1, 8, 6, 9], "texture": "#front"},
				"west": {"uv": [5, 8, 6, 9], "texture": "#front"},
				"up": {"uv": [1, 8, 6, 9], "rotation": 180, "texture": "#front"}
			}
		}
	],
	"display": {
		"thirdperson_righthand": {
			"rotation": [75, 45, 0],
			"translation": [0, 2.5, 0],
			"scale": [0.375, 0.375, 0.375]
		},
		"thirdperson_lefthand": {
			"rotation": [75, 45, 0],
			"translation": [0, 2.5, 0],
			"scale": [0.375, 0.375, 0.375]
		},
		"firstperson_righthand": {
			"rotation": [0, 45, 0],
			"scale": [0.4, 0.4, 0.4]
		},
		"firstperson_lefthand": {
			"rotation": [0, 225, 0],
			"scale": [0.4, 0.4, 0.4]
		},
		"ground": {
			"translation": [0, 3, 0],
			"scale": [0.25, 0.25, 0.25]
		},
		"gui": {
			"rotation": [30, 225, 0],
			"scale": [0.625, 0.625, 0.625]
		},
		"fixed": {
			"scale": [0.5, 0.5, 0.5]
		}
	},
	"groups": [
		0,
		1,
		{
			"name": "3dbooks",
			"origin": [12, 2, -10],
			"color": 0,
			"children": [2, 3, 4, 5, 6, 7, 8, 9, 10]
		}
	]
}