{
	"credit": "Made by sniffercraft34",
	"ambientocclusion": false,
	"textures": {
		"0": "block/lily_pad",
		"particle": "block/lily_pad"
	},
	"elements": [
		{
			"from": [14, 0, 4],
			"to": [15, 1, 11],
			"rotation": {"angle": 0, "axis": "y", "origin": [13, 0, 3]},
			"faces": {
				"north": {"uv": [2, 6, 3, 7], "texture": "#0", "tintindex": 0},
				"east": {"uv": [2, 4, 3, 11], "texture": "#0", "tintindex": 0},
				"south": {"uv": [2, 4, 3, 5], "texture": "#0", "tintindex": 0},
				"up": {"uv": [2, 4, 3, 11], "texture": "#0", "tintindex": 0},
				"down": {"uv": [2, 4, 3, 11], "texture": "#0", "cullface": "down", "tintindex": 0}
			}
		},
		{
			"from": [2, 0, 4],
			"to": [3, 1, 11],
			"rotation": {"angle": 0, "axis": "y", "origin": [1, 0, 3]},
			"faces": {
				"north": {"uv": [2, 6, 3, 7], "texture": "#0", "tintindex": 0},
				"south": {"uv": [2, 4, 3, 5], "texture": "#0", "tintindex": 0},
				"west": {"uv": [2, 4, 3, 11], "texture": "#0", "tintindex": 0},
				"up": {"uv": [2, 4, 3, 11], "texture": "#0", "tintindex": 0},
				"down": {"uv": [2, 4, 3, 11], "texture": "#0", "cullface": "down", "tintindex": 0}
			}
		},
		{
			"from": [11, 0, 1],
			"to": [13, 1, 2],
			"rotation": {"angle": 0, "axis": "y", "origin": [10, 0, 3]},
			"faces": {
				"north": {"uv": [2, 4, 3, 11], "texture": "#0", "tintindex": 0},
				"east": {"uv": [2, 4, 3, 5], "texture": "#0", "tintindex": 0},
				"up": {"uv": [2, 4, 3, 11], "rotation": 270, "texture": "#0", "tintindex": 0},
				"down": {"uv": [2, 4, 3, 11], "rotation": 90, "texture": "#0", "cullface": "down", "tintindex": 0}
			}
		},
		{
			"from": [4, 0, 1],
			"to": [6, 1, 2],
			"rotation": {"angle": 0, "axis": "y", "origin": [3, 0, 3]},
			"faces": {
				"north": {"uv": [2, 4, 3, 11], "texture": "#0", "tintindex": 0},
				"west": {"uv": [2, 6, 3, 7], "texture": "#0", "tintindex": 0},
				"up": {"uv": [2, 4, 3, 11], "rotation": 270, "texture": "#0", "tintindex": 0},
				"down": {"uv": [2, 4, 3, 11], "rotation": 90, "texture": "#0", "cullface": "down", "tintindex": 0}
			}
		},
		{
			"from": [13, 0, 2],
			"to": [14, 1, 4],
			"rotation": {"angle": 0, "axis": "y", "origin": [12, 0, 1]},
			"faces": {
				"north": {"uv": [2, 6, 3, 7], "texture": "#0", "tintindex": 0},
				"east": {"uv": [2, 4, 3, 11], "texture": "#0", "tintindex": 0},
				"up": {"uv": [2, 4, 3, 11], "texture": "#0", "tintindex": 0},
				"down": {"uv": [2, 4, 3, 11], "texture": "#0", "cullface": "down", "tintindex": 0}
			}
		},
		{
			"from": [3, 0, 2],
			"to": [4, 1, 4],
			"rotation": {"angle": 0, "axis": "y", "origin": [2, 0, 1]},
			"faces": {
				"north": {"uv": [2, 6, 3, 7], "texture": "#0", "tintindex": 0},
				"west": {"uv": [2, 4, 3, 11], "texture": "#0", "tintindex": 0},
				"up": {"uv": [2, 4, 3, 11], "texture": "#0", "tintindex": 0},
				"down": {"uv": [2, 4, 3, 11], "texture": "#0", "cullface": "down", "tintindex": 0}
			}
		},
		{
			"from": [13, 0, 11],
			"to": [14, 1, 13],
			"rotation": {"angle": 0, "axis": "y", "origin": [12, 0, 10]},
			"faces": {
				"east": {"uv": [2, 4, 3, 11], "texture": "#0", "tintindex": 0},
				"south": {"uv": [2, 4, 3, 5], "texture": "#0", "tintindex": 0},
				"up": {"uv": [2, 4, 3, 11], "texture": "#0", "tintindex": 0},
				"down": {"uv": [2, 4, 3, 11], "texture": "#0", "cullface": "down", "tintindex": 0}
			}
		},
		{
			"from": [3, 0, 11],
			"to": [4, 1, 13],
			"rotation": {"angle": 0, "axis": "y", "origin": [2, 0, 10]},
			"faces": {
				"south": {"uv": [2, 4, 3, 5], "texture": "#0", "tintindex": 0},
				"west": {"uv": [2, 4, 3, 11], "texture": "#0", "tintindex": 0},
				"up": {"uv": [2, 4, 3, 11], "texture": "#0", "tintindex": 0},
				"down": {"uv": [2, 4, 3, 11], "texture": "#0", "cullface": "down", "tintindex": 0}
			}
		},
		{
			"from": [11, 0, 13],
			"to": [13, 1, 14],
			"rotation": {"angle": 0, "axis": "y", "origin": [10, 0, 15]},
			"faces": {
				"east": {"uv": [2, 4, 3, 5], "texture": "#0", "tintindex": 0},
				"south": {"uv": [2, 4, 3, 11], "texture": "#0", "tintindex": 0},
				"up": {"uv": [2, 4, 3, 11], "rotation": 270, "texture": "#0", "tintindex": 0},
				"down": {"uv": [2, 4, 3, 11], "rotation": 90, "texture": "#0", "cullface": "down", "tintindex": 0}
			}
		},
		{
			"from": [4, 0, 13],
			"to": [6, 1, 14],
			"rotation": {"angle": 0, "axis": "y", "origin": [3, 0, 15]},
			"faces": {
				"south": {"uv": [2, 4, 3, 11], "texture": "#0", "tintindex": 0},
				"west": {"uv": [2, 6, 3, 7], "texture": "#0", "tintindex": 0},
				"up": {"uv": [2, 4, 3, 11], "rotation": 270, "texture": "#0", "tintindex": 0},
				"down": {"uv": [2, 4, 3, 11], "rotation": 90, "texture": "#0", "cullface": "down", "tintindex": 0}
			}
		},
		{
			"from": [6, 0, 14],
			"to": [11, 1, 15],
			"rotation": {"angle": 0, "axis": "y", "origin": [8, 0, 16]},
			"faces": {
				"east": {"uv": [2, 4, 3, 5], "texture": "#0", "tintindex": 0},
				"south": {"uv": [2, 4, 3, 11], "texture": "#0", "tintindex": 0},
				"west": {"uv": [2, 6, 3, 7], "texture": "#0", "tintindex": 0},
				"up": {"uv": [2, 4, 3, 11], "rotation": 270, "texture": "#0", "tintindex": 0},
				"down": {"uv": [2, 4, 3, 11], "rotation": 90, "texture": "#0", "cullface": "down", "tintindex": 0}
			}
		},
		{
			"from": [10, 0, 2],
			"to": [11, 1, 3],
			"rotation": {"angle": 0, "axis": "y", "origin": [9, 0, 4]},
			"faces": {
				"west": {"uv": [2, 6, 3, 7], "texture": "#0", "tintindex": 0},
				"up": {"uv": [2, 4, 3, 11], "rotation": 270, "texture": "#0", "tintindex": 0},
				"down": {"uv": [2, 4, 3, 11], "rotation": 90, "texture": "#0", "cullface": "down", "tintindex": 0}
			}
		},
		{
			"from": [6, 0, 2],
			"to": [7, 1, 3],
			"rotation": {"angle": 0, "axis": "y", "origin": [5, 0, 4]},
			"faces": {
				"east": {"uv": [2, 4, 3, 5], "texture": "#0", "tintindex": 0},
				"up": {"uv": [2, 4, 3, 11], "rotation": 270, "texture": "#0", "tintindex": 0},
				"down": {"uv": [2, 4, 3, 11], "rotation": 90, "texture": "#0", "cullface": "down", "tintindex": 0}
			}
		},
		{
			"from": [9, 0, 4],
			"to": [10, 1, 5],
			"rotation": {"angle": 0, "axis": "y", "origin": [8, 0, 6]},
			"faces": {
				"west": {"uv": [2, 6, 3, 7], "texture": "#0", "tintindex": 0},
				"up": {"uv": [2, 4, 3, 11], "rotation": 270, "texture": "#0", "tintindex": 0},
				"down": {"uv": [2, 4, 3, 11], "rotation": 90, "texture": "#0", "cullface": "down", "tintindex": 0}
			}
		},
		{
			"from": [7, 0, 4],
			"to": [8, 1, 5],
			"rotation": {"angle": 0, "axis": "y", "origin": [6, 0, 6]},
			"faces": {
				"east": {"uv": [2, 4, 3, 5], "texture": "#0", "tintindex": 0},
				"up": {"uv": [2, 4, 3, 11], "rotation": 270, "texture": "#0", "tintindex": 0},
				"down": {"uv": [2, 4, 3, 11], "rotation": 90, "texture": "#0", "cullface": "down", "tintindex": 0}
			}
		},
		{
			"from": [10, 0, 1],
			"to": [11, 1, 2],
			"rotation": {"angle": 0, "axis": "y", "origin": [8, 0, 3]},
			"faces": {
				"north": {"uv": [2, 4, 3, 11], "texture": "#0", "tintindex": 0},
				"west": {"uv": [2, 6, 3, 7], "texture": "#0", "tintindex": 0},
				"up": {"uv": [10, 1, 11, 2], "rotation": 270, "texture": "#0", "tintindex": 0},
				"down": {"uv": [2, 4, 3, 11], "rotation": 90, "texture": "#0", "cullface": "down", "tintindex": 0}
			}
		},
		{
			"from": [6, 0, 1],
			"to": [7, 1, 2],
			"rotation": {"angle": 0, "axis": "y", "origin": [4, 0, 3]},
			"faces": {
				"north": {"uv": [2, 4, 3, 11], "texture": "#0", "tintindex": 0},
				"east": {"uv": [2, 4, 3, 5], "texture": "#0", "tintindex": 0},
				"up": {"uv": [10, 1, 11, 2], "rotation": 270, "texture": "#0", "tintindex": 0},
				"down": {"uv": [2, 4, 3, 11], "rotation": 90, "texture": "#0", "cullface": "down", "tintindex": 0}
			}
		},
		{
			"from": [9, 0, 3],
			"to": [10, 1, 4],
			"rotation": {"angle": 0, "axis": "y", "origin": [7, 0, 5]},
			"faces": {
				"north": {"uv": [2, 4, 3, 11], "texture": "#0", "tintindex": 0},
				"west": {"uv": [2, 6, 3, 7], "texture": "#0", "tintindex": 0},
				"up": {"uv": [10, 1, 11, 2], "rotation": 270, "texture": "#0", "tintindex": 0},
				"down": {"uv": [2, 4, 3, 11], "rotation": 90, "texture": "#0", "cullface": "down", "tintindex": 0}
			}
		},
		{
			"from": [7, 0, 3],
			"to": [8, 1, 4],
			"rotation": {"angle": 0, "axis": "y", "origin": [5, 0, 5]},
			"faces": {
				"north": {"uv": [2, 4, 3, 11], "texture": "#0", "tintindex": 0},
				"east": {"uv": [2, 4, 3, 5], "texture": "#0", "tintindex": 0},
				"up": {"uv": [10, 1, 11, 2], "rotation": 270, "texture": "#0", "tintindex": 0},
				"down": {"uv": [2, 4, 3, 11], "rotation": 90, "texture": "#0", "cullface": "down", "tintindex": 0}
			}
		},
		{
			"from": [10, 0, 3],
			"to": [11, 1, 4],
			"rotation": {"angle": 0, "axis": "y", "origin": [8, 0, 5]},
			"faces": {
				"up": {"uv": [10, 3, 11, 4], "rotation": 270, "texture": "#0", "tintindex": 0},
				"down": {"uv": [2, 4, 3, 11], "rotation": 90, "texture": "#0", "cullface": "down", "tintindex": 0}
			}
		},
		{
			"from": [6, 0, 3],
			"to": [7, 1, 4],
			"rotation": {"angle": 0, "axis": "y", "origin": [4, 0, 5]},
			"faces": {
				"up": {"uv": [10, 3, 11, 4], "rotation": 270, "texture": "#0", "tintindex": 0},
				"down": {"uv": [2, 4, 3, 11], "rotation": 90, "texture": "#0", "cullface": "down", "tintindex": 0}
			}
		},
		{
			"from": [3, 0, 5],
			"to": [14, 1, 11],
			"rotation": {"angle": 0, "axis": "y", "origin": [8, -1, 5]},
			"faces": {
				"north": {"uv": [8, 5, 9, 6], "texture": "#0", "tintindex": 0},
				"up": {"uv": [3, 5, 14, 11], "texture": "#0", "tintindex": 0},
				"down": {"uv": [3, 5, 14, 11], "texture": "#0", "cullface": "down", "tintindex": 0}
			}
		},
		{
			"from": [4, 0, 2],
			"to": [6, 1, 4],
			"rotation": {"angle": 0, "axis": "y", "origin": [9, -1, 2]},
			"faces": {
				"up": {"uv": [4, 2, 6, 4], "texture": "#0", "tintindex": 0},
				"down": {"uv": [4, 2, 6, 4], "texture": "#0", "cullface": "down", "tintindex": 0}
			}
		},
		{
			"from": [11, 0, 2],
			"to": [13, 1, 4],
			"rotation": {"angle": 0, "axis": "y", "origin": [16, -1, 2]},
			"faces": {
				"up": {"uv": [4, 2, 6, 4], "texture": "#0", "tintindex": 0},
				"down": {"uv": [4, 2, 6, 4], "texture": "#0", "cullface": "down", "tintindex": 0}
			}
		},
		{
			"from": [4, 0, 11],
			"to": [13, 1, 13],
			"rotation": {"angle": 0, "axis": "y", "origin": [16, -1, 11]},
			"faces": {
				"up": {"uv": [4, 11, 13, 13], "texture": "#0", "tintindex": 0},
				"down": {"uv": [4, 11, 13, 13], "texture": "#0", "cullface": "down", "tintindex": 0}
			}
		},
		{
			"from": [10, 0, 4],
			"to": [14, 1, 5],
			"rotation": {"angle": 0, "axis": "y", "origin": [15, -1, 4]},
			"faces": {
				"up": {"uv": [10, 4, 13, 3], "texture": "#0", "tintindex": 0},
				"down": {"uv": [10, 3, 13, 4], "texture": "#0", "cullface": "down", "tintindex": 0}
			}
		},
		{
			"from": [6, 0, 13],
			"to": [11, 1, 14],
			"rotation": {"angle": 0, "axis": "y", "origin": [11, -1, 13]},
			"faces": {
				"up": {"uv": [6, 14, 11, 13], "texture": "#0", "tintindex": 0},
				"down": {"uv": [6, 13, 11, 14], "texture": "#0", "cullface": "down", "tintindex": 0}
			}
		},
		{
			"from": [3, 0, 4],
			"to": [7, 1, 5],
			"rotation": {"angle": 0, "axis": "y", "origin": [8, -1, 4]},
			"faces": {
				"up": {"uv": [10, 4, 13, 3], "texture": "#0", "tintindex": 0},
				"down": {"uv": [10, 3, 13, 4], "texture": "#0", "cullface": "down", "tintindex": 0}
			}
		}
	]
}