{
	"credit": "Made by sniffercraft34",
	"ambientocclusion": false,
	"textures": {
		"0": "block/loom_side",
		"1": "block/loom_top",
		"2": "block/loom_bottom",
		"3": "block/loom_front",
		"particle": "block/loom_side"
	},
	"elements": [
		{
			"from": [0, 0, 0],
			"to": [16, 2, 16],
			"faces": {
				"north": {"uv": [0, 14, 16, 16], "texture": "#3", "cullface": "north"},
				"east": {"uv": [0, 14, 16, 16], "texture": "#0", "cullface": "east"},
				"south": {"uv": [0, 14, 16, 16], "texture": "#0", "cullface": "south"},
				"west": {"uv": [0, 14, 16, 16], "texture": "#0", "cullface": "west"},
				"up": {"uv": [0, 0, 16, 16], "texture": "#0"},
				"down": {"uv": [0, 0, 16, 16], "texture": "#2", "cullface": "down"}
			}
		},
		{
			"from": [1, 2, 1],
			"to": [15, 15, 15],
			"rotation": {"angle": 0, "axis": "y", "origin": [1, 2, 1]},
			"faces": {
				"north": {"uv": [1, 0, 14, 14], "texture": "#3"},
				"east": {"uv": [1, 1, 15, 14], "texture": "#0"},
				"south": {"uv": [1, 1, 15, 14], "texture": "#0"},
				"west": {"uv": [1, 1, 15, 14], "texture": "#0"},
				"up": {"uv": [2, 0, 15, 15], "texture": "#1"}
			}
		},
		{
			"from": [0, 2, 0],
			"to": [1, 15, 1],
			"rotation": {"angle": 0, "axis": "y", "origin": [0, 2, 0]},
			"faces": {
				"north": {"uv": [15, 1, 16, 14], "texture": "#3", "cullface": "north"},
				"east": {"uv": [0, 1, 1, 14], "texture": "#1"},
				"south": {"uv": [0, 1, 1, 14], "texture": "#0"},
				"west": {"uv": [0, 0, 1, 13], "texture": "#0", "cullface": "west"}
			}
		},
		{
			"from": [0, 15, 0],
			"to": [1, 16, 16],
			"rotation": {"angle": 0, "axis": "x", "origin": [0, 16, 0]},
			"faces": {
				"north": {"uv": [15, 0, 16, 1], "rotation": 270, "texture": "#3", "cullface": "north"},
				"east": {"uv": [0, 1, 1, 14], "rotation": 270, "texture": "#1"},
				"south": {"uv": [0, 0, 1, 1], "texture": "#1", "cullface": "south"},
				"west": {"uv": [0, 0, 16, 1], "texture": "#0", "cullface": "west"},
				"up": {"uv": [15, 1, 16, 14], "rotation": 180, "texture": "#3", "cullface": "up"},
				"down": {"uv": [0, 1, 1, 14], "texture": "#0"}
			}
		},
		{
			"from": [1, 15, 1],
			"to": [2, 15.3125, 14],
			"rotation": {"angle": 0, "axis": "y", "origin": [1, 16, 0]},
			"faces": {
				"north": {"uv": [14, 0, 15, 14], "texture": "#1"},
				"east": {"uv": [14, 0, 15, 14], "texture": "#1"},
				"south": {"uv": [14, 0, 15, 14], "texture": "#1"},
				"up": {"uv": [14, 0, 15, 14], "texture": "#1"}
			}
		},
		{
			"from": [3.125, 15, 1],
			"to": [4.125, 15.3125, 14],
			"rotation": {"angle": 0, "axis": "y", "origin": [3.125, 16, 0]},
			"faces": {
				"north": {"uv": [14, 0, 15, 14], "texture": "#1"},
				"east": {"uv": [14, 0, 15, 14], "texture": "#1"},
				"south": {"uv": [14, 0, 15, 14], "texture": "#1"},
				"west": {"uv": [14, 0, 15, 14], "texture": "#1"},
				"up": {"uv": [14, 0, 15, 14], "texture": "#1"}
			}
		},
		{
			"from": [5.3125, 15, 1],
			"to": [6.3125, 15.3125, 14],
			"rotation": {"angle": 0, "axis": "y", "origin": [5.3125, 16, 0]},
			"faces": {
				"north": {"uv": [14, 0, 15, 14], "texture": "#1"},
				"east": {"uv": [14, 0, 15, 14], "texture": "#1"},
				"south": {"uv": [14, 0, 15, 14], "texture": "#1"},
				"west": {"uv": [14, 0, 15, 14], "texture": "#1"},
				"up": {"uv": [14, 0, 15, 14], "texture": "#1"}
			}
		},
		{
			"from": [7.5625, 15, 1],
			"to": [8.5625, 15.3125, 14],
			"rotation": {"angle": 0, "axis": "y", "origin": [7.5625, 16, 0]},
			"faces": {
				"north": {"uv": [14, 0, 15, 14], "texture": "#1"},
				"east": {"uv": [14, 0, 15, 14], "texture": "#1"},
				"south": {"uv": [14, 0, 15, 14], "texture": "#1"},
				"west": {"uv": [14, 0, 15, 14], "texture": "#1"},
				"up": {"uv": [14, 0, 15, 14], "texture": "#1"}
			}
		},
		{
			"from": [9.625, 15, 1],
			"to": [10.625, 15.3125, 14],
			"rotation": {"angle": 0, "axis": "y", "origin": [9.625, 16, 0]},
			"faces": {
				"north": {"uv": [14, 0, 15, 14], "texture": "#1"},
				"east": {"uv": [14, 0, 15, 14], "texture": "#1"},
				"south": {"uv": [14, 0, 15, 14], "texture": "#1"},
				"west": {"uv": [14, 0, 15, 14], "texture": "#1"},
				"up": {"uv": [14, 0, 15, 14], "texture": "#1"}
			}
		},
		{
			"from": [11.8125, 15, 1],
			"to": [12.8125, 15.3125, 14],
			"rotation": {"angle": 0, "axis": "y", "origin": [11.8125, 16, 0]},
			"faces": {
				"north": {"uv": [14, 0, 15, 14], "texture": "#1"},
				"east": {"uv": [14, 0, 15, 14], "texture": "#1"},
				"south": {"uv": [14, 0, 15, 14], "texture": "#1"},
				"west": {"uv": [14, 0, 15, 14], "texture": "#1"},
				"up": {"uv": [14, 0, 15, 14], "texture": "#1"}
			}
		},
		{
			"from": [13.9375, 15, 1],
			"to": [14.9375, 15.3125, 14],
			"rotation": {"angle": 0, "axis": "y", "origin": [13.9375, 16, 0]},
			"faces": {
				"north": {"uv": [14, 0, 15, 14], "texture": "#1"},
				"east": {"uv": [14, 0, 15, 14], "texture": "#1"},
				"south": {"uv": [14, 0, 15, 14], "texture": "#1"},
				"west": {"uv": [14, 0, 15, 14], "texture": "#1"},
				"up": {"uv": [14, 0, 15, 14], "texture": "#1"}
			}
		},
		{
			"from": [1, 7.25, 0.6875],
			"to": [2, 15.25, 1],
			"rotation": {"angle": 0, "axis": "x", "origin": [1, 1.25, 0]},
			"faces": {
				"north": {"uv": [13, 0, 14, 8], "texture": "#3"},
				"east": {"uv": [13, 0, 14, 8], "rotation": 180, "texture": "#3"},
				"up": {"uv": [13, 0, 14, 8], "rotation": 180, "texture": "#3"}
			}
		},
		{
			"from": [3.1875, 7.25, 0.6875],
			"to": [4.1875, 15.25, 1],
			"rotation": {"angle": 0, "axis": "y", "origin": [3.1875, 1.25, 0]},
			"faces": {
				"north": {"uv": [13, 0, 14, 8], "texture": "#3"},
				"east": {"uv": [13, 0, 14, 8], "rotation": 180, "texture": "#3"},
				"south": {"uv": [13, 0, 14, 8], "rotation": 180, "texture": "#3"},
				"west": {"uv": [13, 0, 14, 8], "rotation": 180, "texture": "#3"},
				"up": {"uv": [13, 0, 14, 8], "rotation": 180, "texture": "#3"}
			}
		},
		{
			"from": [5.3125, 7.25, 0.6875],
			"to": [6.3125, 15.25, 1],
			"rotation": {"angle": 0, "axis": "y", "origin": [5.3125, 1.25, 0]},
			"faces": {
				"north": {"uv": [13, 0, 14, 8], "texture": "#3"},
				"east": {"uv": [13, 0, 14, 8], "rotation": 180, "texture": "#3"},
				"west": {"uv": [13, 0, 14, 8], "rotation": 180, "texture": "#3"},
				"up": {"uv": [13, 0, 14, 8], "rotation": 180, "texture": "#3"}
			}
		},
		{
			"from": [7.5, 7.25, 0.6875],
			"to": [8.5, 15.25, 1],
			"rotation": {"angle": 0, "axis": "y", "origin": [7.5, 1.25, 0]},
			"faces": {
				"north": {"uv": [13, 0, 14, 8], "texture": "#3"},
				"east": {"uv": [13, 0, 14, 8], "rotation": 180, "texture": "#3"},
				"south": {"uv": [13, 0, 14, 8], "rotation": 180, "texture": "#3"},
				"west": {"uv": [13, 0, 14, 8], "rotation": 180, "texture": "#3"},
				"up": {"uv": [13, 0, 14, 8], "rotation": 180, "texture": "#3"}
			}
		},
		{
			"from": [9.5, 7.25, 0.6875],
			"to": [10.5, 15.25, 1],
			"rotation": {"angle": 0, "axis": "y", "origin": [9.5, 1.25, 0]},
			"faces": {
				"north": {"uv": [13, 0, 14, 8], "texture": "#3"},
				"east": {"uv": [13, 0, 14, 8], "rotation": 180, "texture": "#3"},
				"south": {"uv": [13, 0, 14, 8], "rotation": 180, "texture": "#3"},
				"west": {"uv": [13, 0, 14, 8], "rotation": 180, "texture": "#3"},
				"up": {"uv": [13, 0, 14, 8], "rotation": 180, "texture": "#3"}
			}
		},
		{
			"from": [11.6875, 7.25, 0.6875],
			"to": [12.6875, 15.25, 1],
			"rotation": {"angle": 0, "axis": "y", "origin": [11.6875, 1.25, 0]},
			"faces": {
				"north": {"uv": [13, 0, 14, 8], "texture": "#3"},
				"east": {"uv": [13, 0, 14, 8], "rotation": 180, "texture": "#3"},
				"south": {"uv": [13, 0, 14, 8], "rotation": 180, "texture": "#3"},
				"west": {"uv": [13, 0, 14, 8], "rotation": 180, "texture": "#3"},
				"up": {"uv": [13, 0, 14, 8], "rotation": 180, "texture": "#3"}
			}
		},
		{
			"from": [13.875, 7.25, 0.6875],
			"to": [14.875, 15.25, 1],
			"rotation": {"angle": 0, "axis": "y", "origin": [13.875, 1.25, 0]},
			"faces": {
				"north": {"uv": [13, 0, 14, 8], "texture": "#3"},
				"east": {"uv": [13, 0, 14, 8], "rotation": 180, "texture": "#3"},
				"south": {"uv": [13, 0, 14, 8], "rotation": 180, "texture": "#3"},
				"west": {"uv": [13, 0, 14, 8], "rotation": 180, "texture": "#3"},
				"up": {"uv": [13, 0, 14, 8], "rotation": 180, "texture": "#3"}
			}
		},
		{
			"from": [15, 15, 0],
			"to": [16, 16, 16],
			"rotation": {"angle": 0, "axis": "y", "origin": [15, 16, 0]},
			"faces": {
				"north": {"uv": [15, 0, 16, 1], "rotation": 270, "texture": "#3", "cullface": "north"},
				"east": {"uv": [0, 1, 1, 14], "rotation": 270, "texture": "#1", "cullface": "east"},
				"south": {"uv": [0, 0, 1, 1], "texture": "#1", "cullface": "south"},
				"west": {"uv": [0, 0, 16, 1], "texture": "#0"},
				"up": {"uv": [15, 1, 16, 14], "rotation": 180, "texture": "#3", "cullface": "up"},
				"down": {"uv": [0, 1, 1, 14], "texture": "#0"}
			}
		},
		{
			"from": [1, 15, 15],
			"to": [15, 16, 16],
			"rotation": {"angle": 0, "axis": "y", "origin": [15, 16, 15]},
			"faces": {
				"north": {"uv": [0, 0, 16, 1], "texture": "#0"},
				"south": {"uv": [0, 1, 1, 14], "rotation": 270, "texture": "#1", "cullface": "south"},
				"up": {"uv": [15, 1, 16, 14], "rotation": 270, "texture": "#3", "cullface": "up"},
				"down": {"uv": [0, 1, 1, 14], "rotation": 270, "texture": "#0"}
			}
		},
		{
			"from": [1, 15, 12],
			"to": [15, 16, 13],
			"rotation": {"angle": 0, "axis": "y", "origin": [15, 16, 12]},
			"faces": {
				"north": {"uv": [0, 0, 16, 1], "texture": "#0"},
				"south": {"uv": [0, 1, 1, 14], "rotation": 270, "texture": "#1"},
				"up": {"uv": [1, 13, 16, 12], "texture": "#1", "cullface": "up"}
			}
		},
		{
			"from": [15, 2, 0],
			"to": [16, 15, 1],
			"rotation": {"angle": 0, "axis": "y", "origin": [15, 2, 0]},
			"faces": {
				"north": {"uv": [15, 1, 16, 14], "texture": "#3", "cullface": "north"},
				"east": {"uv": [0, 1, 1, 14], "texture": "#1", "cullface": "east"},
				"south": {"uv": [0, 1, 1, 14], "texture": "#0"},
				"west": {"uv": [0, 0, 1, 13], "texture": "#0"}
			}
		},
		{
			"from": [15, 2, 15],
			"to": [16, 15, 16],
			"rotation": {"angle": 0, "axis": "y", "origin": [15, 2, 15]},
			"faces": {
				"north": {"uv": [15, 1, 16, 14], "texture": "#3"},
				"east": {"uv": [0, 1, 1, 14], "texture": "#1", "cullface": "east"},
				"south": {"uv": [0, 1, 1, 14], "texture": "#0", "cullface": "south"},
				"west": {"uv": [0, 0, 1, 13], "texture": "#0"}
			}
		},
		{
			"from": [0, 2, 15],
			"to": [1, 15, 16],
			"rotation": {"angle": 0, "axis": "y", "origin": [0, 2, 15]},
			"faces": {
				"north": {"uv": [15, 1, 16, 14], "texture": "#3"},
				"east": {"uv": [0, 1, 1, 14], "texture": "#1"},
				"south": {"uv": [0, 1, 1, 14], "texture": "#0", "cullface": "south"},
				"west": {"uv": [0, 0, 1, 13], "texture": "#0", "cullface": "west"}
			}
		},
		{
			"from": [1, 4.875, 0],
			"to": [15, 8, 1],
			"rotation": {"angle": 0, "axis": "y", "origin": [1, 6, -1]},
			"faces": {
				"north": {"uv": [1, 8, 15, 11.125], "texture": "#3", "cullface": "north"},
				"up": {"uv": [1, 8, 15, 9.125], "texture": "#3"},
				"down": {"uv": [1, 10, 15, 11.125], "texture": "#3"}
			}
		},
		{
			"from": [0, 7, 1],
			"to": [1, 9, 15],
			"rotation": {"angle": 0, "axis": "y", "origin": [0, 7, 1]},
			"faces": {
				"west": {"uv": [1, 7, 15, 9], "texture": "#0", "cullface": "west"},
				"up": {"uv": [1, 7, 15, 8], "texture": "#0"},
				"down": {"uv": [1, 8, 15, 9], "rotation": 270, "texture": "#0"}
			}
		},
		{
			"from": [15, 7, 1],
			"to": [16, 9, 15],
			"rotation": {"angle": 0, "axis": "y", "origin": [15, 7, 1]},
			"faces": {
				"east": {"uv": [1, 7, 15, 9], "texture": "#0", "cullface": "east"},
				"up": {"uv": [1, 7, 15, 8], "texture": "#0"},
				"down": {"uv": [1, 8, 15, 9], "rotation": 270, "texture": "#0"}
			}
		},
		{
			"from": [1, 7.0625, 15],
			"to": [15, 9.0625, 16],
			"rotation": {"angle": 0, "axis": "y", "origin": [1, 7.0625, 16]},
			"faces": {
				"south": {"uv": [1, 7, 15, 9], "texture": "#0", "cullface": "south"},
				"up": {"uv": [1, 7, 15, 8], "texture": "#0"},
				"down": {"uv": [1, 8, 15, 9], "texture": "#0"}
			}
		}
	],
	"display": {
		"thirdperson_righthand": {
			"rotation": [75, 45, 0],
			"translation": [0, 2.5, 0],
			"scale": [0.375, 0.375, 0.375]
		},
		"thirdperson_lefthand": {
			"rotation": [75, 45, 0],
			"translation": [0, 2.5, 0],
			"scale": [0.375, 0.375, 0.375]
		},
		"firstperson_righthand": {
			"rotation": [0, 45, 0],
			"scale": [0.4, 0.4, 0.4]
		},
		"firstperson_lefthand": {
			"rotation": [0, 225, 0],
			"scale": [0.4, 0.4, 0.4]
		},
		"ground": {
			"translation": [0, 3, 0],
			"scale": [0.25, 0.25, 0.25]
		},
		"gui": {
			"rotation": [30, 225, 0],
			"scale": [0.625, 0.625, 0.625]
		},
		"fixed": {
			"scale": [0.5, 0.5, 0.5]
		}
	}
}