{
	"credit": "Made by sniffercraft34",
	"ambientocclusion": false,
	"textures": {
		"0": "block/pointed_dripstone_down_tip",
		"particle": "block/pointed_dripstone_down_tip"
	},
	"elements": [
		{
			"from": [7, 5, 7],
			"to": [9, 11, 9],
			"rotation": {"angle": 0, "axis": "y", "origin": [7, 5, 7]},
			"faces": {
				"north": {"uv": [7, 5, 9, 11], "texture": "#0"},
				"east": {"uv": [7, 5, 9, 11], "texture": "#0"},
				"south": {"uv": [7, 5, 9, 11], "texture": "#0"},
				"west": {"uv": [7, 5, 9, 11], "texture": "#0"},
				"down": {"uv": [7, 5, 9, 11], "texture": "#0"}
			}
		},
		{
			"from": [6, 11, 6],
			"to": [10, 16, 10],
			"rotation": {"angle": 0, "axis": "y", "origin": [7, 11, 7]},
			"faces": {
				"north": {"uv": [7, 5, 9, 11], "texture": "#0"},
				"east": {"uv": [7, 2, 9, 8], "texture": "#0"},
				"south": {"uv": [7, 5, 9, 11], "texture": "#0"},
				"west": {"uv": [7, 5, 9, 11], "texture": "#0"},
				"up": {"uv": [7, 5, 9, 11], "texture": "#0", "cullface": "up"},
				"down": {"uv": [7, 5, 9, 11], "texture": "#0"}
			}
		}
	]
}