{
	"credit": "Made by sniffercraft34",
	"ambientocclusion": false,
	"textures": {
		"0": "block/pointed_dripstone_down_tip_merge",
		"particle": "block/pointed_dripstone_down_tip_merge"
	},
	"elements": [
		{
			"from": [6, 0, 6],
			"to": [10, 8, 10],
			"rotation": {"angle": 0, "axis": "y", "origin": [6, 0, 6]},
			"faces": {
				"north": {"uv": [6, 0, 10, 8], "texture": "#0"},
				"east": {"uv": [6, 0, 10, 8], "texture": "#0"},
				"south": {"uv": [6, 0, 10, 8], "texture": "#0"},
				"west": {"uv": [6, 0, 10, 8], "texture": "#0"},
				"down": {"uv": [6, 0, 10, 8], "texture": "#0", "cullface": "down"}
			}
		},
		{
			"from": [5, 8, 5],
			"to": [11, 16, 11],
			"rotation": {"angle": 0, "axis": "y", "origin": [6, 8, 6]},
			"faces": {
				"north": {"uv": [6, 0, 10, 8], "texture": "#0"},
				"east": {"uv": [6, 0, 10, 8], "texture": "#0"},
				"south": {"uv": [6, 0, 10, 8], "texture": "#0"},
				"west": {"uv": [6, 0, 10, 8], "texture": "#0"},
				"up": {"uv": [6, 0, 10, 8], "texture": "#0", "cullface": "up"},
				"down": {"uv": [6, 0, 10, 8], "texture": "#0"}
			}
		}
	]
}