{
	"credit": "Made by sniffercraft34",
	"ambientocclusion": false,
	"textures": {
		"0": "block/pointed_dripstone_down_middle",
		"particle": "block/pointed_dripstone_down_middle"
	},
	"elements": [
		{
			"from": [2, 0, 2],
			"to": [13, 8, 14],
			"rotation": {"angle": 0, "axis": "y", "origin": [2, 0, 4]},
			"faces": {
				"north": {"uv": [3, 0, 12, 7], "texture": "#0"},
				"east": {"uv": [3, 0, 12, 7], "texture": "#0"},
				"south": {"uv": [3, 0, 12, 7], "texture": "#0"},
				"west": {"uv": [3, 0, 12, 7], "texture": "#0"},
				"up": {"uv": [3, 0, 12, 7], "texture": "#0"},
				"down": {"uv": [3, 0, 12, 7], "texture": "#0", "cullface": "down"}
			}
		},
		{
			"from": [3, 8, 3],
			"to": [12, 16, 13],
			"rotation": {"angle": 0, "axis": "y", "origin": [2, 8, 4]},
			"faces": {
				"north": {"uv": [3, 0, 12, 7], "texture": "#0"},
				"east": {"uv": [3, 0, 12, 7], "texture": "#0"},
				"south": {"uv": [3, 0, 12, 7], "texture": "#0"},
				"west": {"uv": [3, 0, 12, 7], "texture": "#0"},
				"up": {"uv": [3, 0, 12, 7], "texture": "#0", "cullface": "up"}
			}
		}
	]
}