{
	"credit": "Made by sniffercraft34",
	"ambientocclusion": false,
	"textures": {
		"0": "block/pointed_dripstone_up_tip",
		"particle": "block/pointed_dripstone_up_tip"
	},
	"elements": [
		{
			"from": [6, 0, 6],
			"to": [10, 5, 10],
			"rotation": {"angle": 0, "axis": "y", "origin": [7, 0, 7]},
			"faces": {
				"north": {"uv": [6, 11, 10, 16], "texture": "#0"},
				"east": {"uv": [6, 11, 10, 16], "texture": "#0"},
				"south": {"uv": [6, 11, 10, 16], "texture": "#0"},
				"west": {"uv": [6, 11, 10, 16], "texture": "#0"},
				"up": {"uv": [6, 11, 10, 15], "texture": "#0"},
				"down": {"uv": [6, 11, 10, 15], "texture": "#0", "cullface": "down"}
			}
		},
		{
			"from": [7, 5, 7],
			"to": [9, 10.5625, 9],
			"rotation": {"angle": 0, "axis": "y", "origin": [7, 5, 7]},
			"faces": {
				"north": {"uv": [7, 8, 9, 13.5625], "texture": "#0"},
				"east": {"uv": [7, 9, 9, 14.5625], "texture": "#0"},
				"south": {"uv": [7, 8, 9, 13.5625], "texture": "#0"},
				"west": {"uv": [7, 8, 9, 13.5625], "texture": "#0"},
				"up": {"uv": [7, 5, 9, 7], "texture": "#0"}
			}
		}
	]
}