{
	"credit": "Made by sniffercraft34",
	"ambientocclusion": false,
	"textures": {
		"0": "block/pointed_dripstone_up_middle",
		"particle": "block/pointed_dripstone_up_middle"
	},
	"elements": [
		{
			"from": [3, 0, 3],
			"to": [13, 9, 13],
			"rotation": {"angle": 0, "axis": "y", "origin": [3, 0, 6]},
			"faces": {
				"north": {"uv": [2, 5, 13, 14], "texture": "#0"},
				"east": {"uv": [2, 5, 13, 14], "texture": "#0"},
				"south": {"uv": [2, 5, 13, 14], "texture": "#0"},
				"west": {"uv": [2, 5, 13, 14], "texture": "#0"},
				"down": {"uv": [2, 5, 13, 14], "texture": "#0", "cullface": "down"}
			}
		},
		{
			"from": [2, 9, 2],
			"to": [14, 18, 14],
			"rotation": {"angle": 0, "axis": "y", "origin": [3, 9, 6]},
			"faces": {
				"north": {"uv": [2, 5, 13, 14], "texture": "#0"},
				"east": {"uv": [2, 5, 13, 14], "texture": "#0"},
				"south": {"uv": [2, 5, 13, 14], "texture": "#0"},
				"west": {"uv": [2, 5, 13, 14], "texture": "#0"},
				"up": {"uv": [2, 5, 13, 14], "texture": "#0", "cullface": "up"},
				"down": {"uv": [2, 5, 13, 14], "texture": "#0"}
			}
		}
	]
}