{
	"credit": "Made by sniffercraft34",
	"ambientocclusion": false,
	"textures": {
		"0": "block/pointed_dripstone_up_tip_merge",
		"particle": "block/pointed_dripstone_up_tip_merge"
	},
	"elements": [
		{
			"from": [5, 0, 4],
			"to": [11, 9, 10],
			"rotation": {"angle": 0, "axis": "y", "origin": [7, 0, 7]},
			"faces": {
				"north": {"uv": [4, 10, 10, 16], "texture": "#0"},
				"east": {"uv": [4, 10, 10, 16], "texture": "#0"},
				"south": {"uv": [4, 10, 10, 16], "texture": "#0"},
				"west": {"uv": [4, 10, 10, 16], "texture": "#0"},
				"up": {"uv": [4, 10, 10, 16], "texture": "#0"},
				"down": {"uv": [4, 10, 10, 16], "texture": "#0", "cullface": "down"}
			}
		},
		{
			"from": [6, 9, 5],
			"to": [10, 16, 9],
			"rotation": {"angle": 0, "axis": "y", "origin": [7, 9, 7]},
			"faces": {
				"north": {"uv": [6, 4, 10, 10], "texture": "#0"},
				"east": {"uv": [5, 4, 9, 10], "texture": "#0"},
				"south": {"uv": [5, 4, 9, 10], "texture": "#0"},
				"west": {"uv": [6, 4, 10, 10], "texture": "#0"},
				"up": {"uv": [5, 6, 9, 10], "texture": "#0", "cullface": "up"}
			}
		}
	]
}