{
	"credit": "Made by sniffercraft34",
	"ambientocclusion": false,
	"textures": {
		"0": "block/pointed_dripstone_down_base",
		"particle": "block/pointed_dripstone_down_base"
	},
	"elements": [
		{
			"from": [2, 0, 2],
			"to": [14, 8, 14],
			"rotation": {"angle": 0, "axis": "y", "origin": [2, 0, 7]},
			"faces": {
				"north": {"uv": [1, 0, 12, 8], "texture": "#0"},
				"east": {"uv": [1, 0, 12, 8], "texture": "#0"},
				"south": {"uv": [1, 0, 12, 8], "texture": "#0"},
				"west": {"uv": [1, 0, 12, 8], "texture": "#0"},
				"down": {"uv": [1, 0, 12, 8], "texture": "#0", "cullface": "down"}
			}
		},
		{
			"from": [1, 8, 1],
			"to": [15, 17, 15],
			"rotation": {"angle": 0, "axis": "y", "origin": [2, 8, 7]},
			"faces": {
				"north": {"uv": [1, 0, 12, 8], "texture": "#0"},
				"east": {"uv": [1, 0, 12, 8], "texture": "#0"},
				"south": {"uv": [1, 0, 12, 8], "texture": "#0"},
				"west": {"uv": [1, 0, 12, 8], "texture": "#0"},
				"up": {"uv": [1, 0, 12, 8], "texture": "#0", "cullface": "up"},
				"down": {"uv": [1, 0, 12, 8], "texture": "#0"}
			}
		}
	]
}