{
	"credit": "Made by sniffercraft34",
	"ambientocclusion": false,
	"textures": {
		"0": "block/pointed_dripstone_up_base",
		"particle": "block/pointed_dripstone_up_base"
	},
	"elements": [
		{
			"from": [1, 0, 1],
			"to": [15, 9, 15],
			"rotation": {"angle": 0, "axis": "y", "origin": [1, 0, 7]},
			"faces": {
				"north": {"uv": [1, 7, 15, 16], "texture": "#0"},
				"east": {"uv": [1, 7, 15, 16], "texture": "#0"},
				"south": {"uv": [1, 7, 15, 16], "texture": "#0"},
				"west": {"uv": [1, 7, 15, 16], "texture": "#0"},
				"up": {"uv": [1, 7, 15, 16], "texture": "#0"},
				"down": {"uv": [1, 7, 15, 16], "texture": "#0", "cullface": "down"}
			}
		},
		{
			"from": [2, 9, 2],
			"to": [14, 17, 14],
			"rotation": {"angle": 0, "axis": "y", "origin": [1, 9, 7]},
			"faces": {
				"north": {"uv": [1, 7, 15, 16], "texture": "#0"},
				"east": {"uv": [1, 7, 15, 16], "texture": "#0"},
				"south": {"uv": [1, 7, 15, 16], "texture": "#0"},
				"west": {"uv": [1, 7, 15, 16], "texture": "#0"},
				"up": {"uv": [1, 7, 15, 16], "texture": "#0", "cullface": "up"}
			}
		}
	]
}