{
	"credit": "Made by sniffercraft34",
	"ambientocclusion": false,
	"textures": {
		"0": "block/powered_rail_on",
		"particle": "block/powered_rail_on"
	},
	"elements": [
		{
			"from": [1.1875, 1, -11.8125],
			"to": [2.1875, 3, -11.3125],
			"rotation": {"angle": 45, "axis": "x", "origin": [0.1875, -12, -10.6875], "rescale": true},
			"faces": {
				"north": {"uv": [1, 1, 2, 3], "texture": "#0"},
				"south": {"uv": [1, 1, 2, 3], "texture": "#0"},
				"west": {"uv": [1, 1, 2, 3], "texture": "#0"},
				"up": {"uv": [1, 1, 2, 2], "rotation": 180, "texture": "#0"},
				"down": {"uv": [1, 2, 2, 3], "texture": "#0"}
			}
		},
		{
			"from": [1.1875, 9, -3.6875],
			"to": [2.1875, 11, -3.125],
			"rotation": {"angle": 45, "axis": "x", "origin": [0.1875, -4, -2.6875], "rescale": true},
			"faces": {
				"north": {"uv": [1, 1, 2, 3], "texture": "#0"},
				"south": {"uv": [1, 1, 2, 3], "texture": "#0"},
				"west": {"uv": [1, 1, 2, 3], "texture": "#0"},
				"up": {"uv": [1, 1, 2, 2], "rotation": 180, "texture": "#0"},
				"down": {"uv": [1, 2, 2, 3], "texture": "#0"}
			}
		},
		{
			"from": [1.1875, 5, -7.75],
			"to": [2.1875, 7, -7.25],
			"rotation": {"angle": 45, "axis": "x", "origin": [0.1875, -8, -6.6875], "rescale": true},
			"faces": {
				"north": {"uv": [1, 1, 2, 3], "texture": "#0"},
				"south": {"uv": [1, 1, 2, 3], "texture": "#0"},
				"west": {"uv": [1, 1, 2, 3], "texture": "#0"},
				"up": {"uv": [1, 1, 2, 2], "rotation": 180, "texture": "#0"},
				"down": {"uv": [1, 2, 2, 3], "texture": "#0"}
			}
		},
		{
			"from": [1.1875, 12, -0.25],
			"to": [2.1875, 14, 0.4375],
			"rotation": {"angle": 45, "axis": "x", "origin": [0.1875, -1, 1.3125], "rescale": true},
			"faces": {
				"north": {"uv": [1, 1, 2, 3], "texture": "#0"},
				"south": {"uv": [1, 1, 2, 3], "texture": "#0"},
				"west": {"uv": [1, 1, 2, 3], "texture": "#0"},
				"up": {"uv": [1, 1, 2, 2], "rotation": 180, "texture": "#0"},
				"down": {"uv": [1, 2, 2, 3], "texture": "#0"}
			}
		},
		{
			"from": [13.875, 12.6875, -0.5625],
			"to": [14.875, 14.6875, 0.0625],
			"rotation": {"angle": 45, "axis": "x", "origin": [12.875, -0.3125, 0.3125], "rescale": true},
			"faces": {
				"north": {"uv": [1, 1, 2, 3], "texture": "#0"},
				"east": {"uv": [1, 1, 2, 3], "texture": "#0"},
				"south": {"uv": [1, 1, 2, 3], "texture": "#0"},
				"west": {"uv": [1, 1, 2, 3], "texture": "#0"},
				"up": {"uv": [1, 1, 2, 2], "rotation": 180, "texture": "#0"},
				"down": {"uv": [1, 2, 2, 3], "texture": "#0"}
			}
		},
		{
			"from": [13.875, 8.875, -4.4375],
			"to": [14.875, 10.875, -3.8125],
			"rotation": {"angle": 45, "axis": "x", "origin": [12.875, -4.125, -3.5625], "rescale": true},
			"faces": {
				"north": {"uv": [1, 1, 2, 3], "texture": "#0"},
				"east": {"uv": [1, 1, 2, 3], "texture": "#0"},
				"south": {"uv": [1, 1, 2, 3], "texture": "#0"},
				"west": {"uv": [1, 1, 2, 3], "texture": "#0"},
				"up": {"uv": [1, 1, 2, 2], "rotation": 180, "texture": "#0"},
				"down": {"uv": [1, 2, 2, 3], "texture": "#0"}
			}
		},
		{
			"from": [13.875, 4.875, -8.25],
			"to": [14.875, 6.875, -7.625],
			"rotation": {"angle": 45, "axis": "x", "origin": [12.875, -8.125, -7.375], "rescale": true},
			"faces": {
				"north": {"uv": [1, 1, 2, 3], "texture": "#0"},
				"east": {"uv": [1, 1, 2, 3], "texture": "#0"},
				"south": {"uv": [1, 1, 2, 3], "texture": "#0"},
				"west": {"uv": [1, 1, 2, 3], "texture": "#0"},
				"up": {"uv": [1, 1, 2, 2], "rotation": 180, "texture": "#0"},
				"down": {"uv": [1, 2, 2, 3], "texture": "#0"}
			}
		},
		{
			"from": [13.875, 1.5, -11.6875],
			"to": [14.875, 3.5, -11.0625],
			"rotation": {"angle": 45, "axis": "x", "origin": [12.875, -11.5, -10.8125], "rescale": true},
			"faces": {
				"north": {"uv": [1, 1, 2, 3], "texture": "#0"},
				"east": {"uv": [1, 1, 2, 3], "texture": "#0"},
				"south": {"uv": [1, 1, 2, 3], "texture": "#0"},
				"west": {"uv": [1, 1, 2, 3], "texture": "#0"},
				"up": {"uv": [1, 1, 2, 2], "rotation": 180, "texture": "#0"},
				"down": {"uv": [1, 2, 2, 3], "texture": "#0"}
			}
		},
		{
			"from": [13.875, 8.875, -4.4375],
			"to": [14.875, 10.875, -3.8125],
			"rotation": {"angle": 45, "axis": "x", "origin": [12.875, -4.125, -3.5625], "rescale": true},
			"faces": {
				"north": {"uv": [1, 1, 2, 3], "texture": "#0"},
				"east": {"uv": [1, 1, 2, 3], "texture": "#0"},
				"south": {"uv": [1, 1, 2, 3], "texture": "#0"},
				"west": {"uv": [1, 1, 2, 3], "texture": "#0"},
				"up": {"uv": [1, 1, 2, 2], "rotation": 180, "texture": "#0"},
				"down": {"uv": [1, 2, 2, 3], "texture": "#0"}
			}
		},
		{
			"from": [4, 12.75, 0.0625],
			"to": [12, 14.75, 0.5625],
			"rotation": {"angle": 45, "axis": "x", "origin": [0, -0.25, 0.8125], "rescale": true},
			"faces": {
				"north": {"uv": [12, 1, 4, 3], "texture": "#0"},
				"south": {"uv": [4, 1, 12, 3], "texture": "#0"},
				"up": {"uv": [4, 1, 12, 2], "texture": "#0"},
				"down": {"uv": [4, 2, 12, 3], "texture": "#0"}
			}
		},
		{
			"from": [4, 9, -3.75],
			"to": [12, 11, -3.25],
			"rotation": {"angle": 45, "axis": "x", "origin": [0, -4, -3], "rescale": true},
			"faces": {
				"north": {"uv": [12, 1, 4, 3], "texture": "#0"},
				"south": {"uv": [4, 1, 12, 3], "texture": "#0"},
				"up": {"uv": [4, 1, 12, 2], "texture": "#0"},
				"down": {"uv": [4, 2, 12, 3], "texture": "#0"}
			}
		},
		{
			"from": [4, 5, -7.75],
			"to": [12, 7, -7.25],
			"rotation": {"angle": 45, "axis": "x", "origin": [0, -8, -7], "rescale": true},
			"faces": {
				"north": {"uv": [12, 1, 4, 3], "texture": "#0"},
				"south": {"uv": [4, 1, 12, 3], "texture": "#0"},
				"up": {"uv": [4, 1, 12, 2], "texture": "#0"},
				"down": {"uv": [4, 2, 12, 3], "texture": "#0"}
			}
		},
		{
			"from": [4, 1.3125, -11.75],
			"to": [12, 3.3125, -11.25],
			"rotation": {"angle": 45, "axis": "x", "origin": [0, -11.6875, -11], "rescale": true},
			"faces": {
				"north": {"uv": [12, 1, 4, 3], "texture": "#0"},
				"south": {"uv": [4, 1, 12, 3], "texture": "#0"},
				"up": {"uv": [4, 1, 12, 2], "texture": "#0"},
				"down": {"uv": [4, 2, 12, 3], "texture": "#0"}
			}
		},
		{
			"from": [2, 16.25, 0],
			"to": [4, 17, 16],
			"rotation": {"angle": -45, "axis": "x", "origin": [0, 17, 16], "rescale": true},
			"faces": {
				"north": {"uv": [4, 0, 2, 2], "texture": "#0"},
				"east": {"uv": [3, 0, 4, 16], "rotation": 90, "texture": "#0"},
				"south": {"uv": [2, 14, 4, 16], "texture": "#0"},
				"west": {"uv": [2, 0, 3, 16], "rotation": 90, "texture": "#0"},
				"up": {"uv": [2, 0, 4, 16], "texture": "#0"},
				"down": {"uv": [2, 0, 4, 16], "texture": "#0"}
			}
		},
		{
			"from": [12, 16.25, 0],
			"to": [14, 17, 16],
			"rotation": {"angle": -45, "axis": "x", "origin": [0, 17, 16], "rescale": true},
			"faces": {
				"north": {"uv": [14, 0, 12, 2], "texture": "#0"},
				"east": {"uv": [13, 0, 14, 16], "rotation": 270, "texture": "#0"},
				"south": {"uv": [12, 14, 14, 16], "texture": "#0"},
				"west": {"uv": [12, 0, 12.6, 16], "rotation": 270, "texture": "#0"},
				"up": {"uv": [12, 0, 14, 16], "texture": "#0"},
				"down": {"uv": [12, 0, 14, 16], "texture": "#0"}
			}
		},
		{
			"from": [7, 4, 16.4],
			"to": [9, 14, 16.749],
			"rotation": {"angle": 45, "axis": "x", "origin": [0, 17, 16], "rescale": true},
			"faces": {
				"north": {"uv": [7, 3, 9, 13], "rotation": 180, "texture": "#0"},
				"east": {"uv": [8, 3, 9, 13], "rotation": 180, "texture": "#0"},
				"south": {"uv": [9, 3, 7, 13], "rotation": 180, "texture": "#0"},
				"west": {"uv": [7, 3, 8, 13], "rotation": 180, "texture": "#0"}
			}
		},
		{
			"from": [4, 0.1875, 0.001],
			"to": [5, 16.125, 0.86],
			"rotation": {"angle": 45, "axis": "x", "origin": [0, 0.4375, 1], "rescale": true},
			"faces": {
				"north": {"uv": [4, 0, 5, 16], "rotation": 180, "texture": "#0"},
				"east": {"uv": [4, 0, 5, 16], "texture": "#0"},
				"south": {"uv": [4, 0, 5, 16], "texture": "#0"},
				"west": {"uv": [4, 0, 5, 16], "texture": "#0"},
				"up": {"uv": [4, 0, 5, 1], "rotation": 180, "texture": "#0"},
				"down": {"uv": [4, 15, 5, 16], "texture": "#0"}
			}
		},
		{
			"from": [11, 0.25, 0.001],
			"to": [12, 16.125, 0.86],
			"rotation": {"angle": 45, "axis": "x", "origin": [7, 0.4375, 1], "rescale": true},
			"faces": {
				"north": {"uv": [4, 0, 5, 16], "rotation": 180, "texture": "#0"},
				"east": {"uv": [4, 0, 5, 16], "texture": "#0"},
				"south": {"uv": [4, 0, 5, 16], "texture": "#0"},
				"west": {"uv": [4, 0, 5, 16], "texture": "#0"},
				"up": {"uv": [4, 0, 5, 1], "rotation": 180, "texture": "#0"},
				"down": {"uv": [4, 15, 5, 16], "texture": "#0"}
			}
		}
	],
	"display": {
		"thirdperson_righthand": {
			"rotation": [75, 45, 0],
			"translation": [0, 2.5, 0],
			"scale": [0.375, 0.375, 0.375]
		},
		"thirdperson_lefthand": {
			"rotation": [75, 45, 0],
			"translation": [0, 2.5, 0],
			"scale": [0.375, 0.375, 0.375]
		},
		"firstperson_righthand": {
			"rotation": [0, 45, 0],
			"scale": [0.4, 0.4, 0.4]
		},
		"firstperson_lefthand": {
			"rotation": [0, 225, 0],
			"scale": [0.4, 0.4, 0.4]
		},
		"ground": {
			"translation": [0, 3, 0],
			"scale": [0.25, 0.25, 0.25]
		},
		"gui": {
			"rotation": [30, 225, 0],
			"scale": [0.625, 0.625, 0.625]
		},
		"fixed": {
			"scale": [0.5, 0.5, 0.5]
		}
	}
}