{
	"credit": "Made by sniffercraft34",
	"ambientocclusion": false,
	"textures": {
		"0": "block/powered_rail",
		"particle": "block/powered_rail"
	},
	"elements": [
		{
			"from": [11, 0, 0],
			"to": [12, 1, 16],
			"rotation": {"angle": 0, "axis": "y", "origin": [10, 0, 0]},
			"faces": {
				"north": {"uv": [11, 0, 12, 1], "texture": "#0", "cullface": "north"},
				"east": {"uv": [11, 0, 12, 16], "rotation": 90, "texture": "#0"},
				"south": {"uv": [11, 0, 12, 1], "texture": "#0", "cullface": "south"},
				"west": {"uv": [11, 0, 12, 16], "rotation": 270, "texture": "#0"},
				"up": {"uv": [11, 0, 12, 16], "texture": "#0"},
				"down": {"uv": [11, 0, 12, 16], "texture": "#0", "cullface": "down"}
			}
		},
		{
			"from": [4, 0, 0],
			"to": [5, 1, 16],
			"rotation": {"angle": 0, "axis": "y", "origin": [3, 0, 0]},
			"faces": {
				"north": {"uv": [4, 0, 5, 1], "texture": "#0", "cullface": "north"},
				"east": {"uv": [4, 0, 5, 16], "rotation": 90, "texture": "#0"},
				"south": {"uv": [4, 0, 5, 1], "texture": "#0", "cullface": "south"},
				"west": {"uv": [4, 0, 5, 16], "rotation": 270, "texture": "#0"},
				"up": {"uv": [4, 0, 5, 16], "texture": "#0"},
				"down": {"uv": [4, 0, 5, 16], "texture": "#0", "cullface": "down"}
			}
		},
		{
			"from": [12, 0.25, 0],
			"to": [14, 1.25, 16],
			"rotation": {"angle": 0, "axis": "y", "origin": [12, 0.25, 0]},
			"faces": {
				"north": {"uv": [12, 0, 14, 1], "texture": "#0", "cullface": "north"},
				"east": {"uv": [12, 0, 14, 16], "rotation": 90, "texture": "#0"},
				"south": {"uv": [2, 0, 4, 1], "texture": "#0", "cullface": "south"},
				"west": {"uv": [2, 0, 4, 16], "rotation": 90, "texture": "#0"},
				"up": {"uv": [2, 0, 4, 16], "texture": "#0"},
				"down": {"uv": [12, 0, 14, 16], "texture": "#0"}
			}
		},
		{
			"from": [2, 0.25, 0],
			"to": [4, 1.25, 16],
			"rotation": {"angle": 0, "axis": "y", "origin": [2, 0, 0]},
			"faces": {
				"north": {"uv": [2, 0, 4, 1], "texture": "#0", "cullface": "north"},
				"east": {"uv": [2, 0, 4, 16], "rotation": 90, "texture": "#0"},
				"south": {"uv": [12, 0, 14, 1], "texture": "#0", "cullface": "south"},
				"west": {"uv": [12, 0, 14, 16], "rotation": 90, "texture": "#0"},
				"up": {"uv": [12, 0, 14, 16], "texture": "#0"},
				"down": {"uv": [2, 0, 4, 16], "texture": "#0"}
			}
		},
		{
			"from": [1, 0.1875, 13],
			"to": [2, 0.75, 15],
			"rotation": {"angle": 0, "axis": "y", "origin": [0, 0.1875, 13]},
			"faces": {
				"north": {"uv": [1, 13, 2, 14], "texture": "#0"},
				"east": {"uv": [1, 13, 2, 15], "texture": "#0"},
				"south": {"uv": [1, 14, 2, 15], "rotation": 90, "texture": "#0"},
				"west": {"uv": [1, 13, 2, 15], "rotation": 270, "texture": "#0"},
				"up": {"uv": [1, 13, 2, 15], "texture": "#0"},
				"down": {"uv": [1, 13, 2, 15], "texture": "#0"}
			}
		},
		{
			"from": [1, 0.1875, 9],
			"to": [2, 0.75, 11],
			"rotation": {"angle": 0, "axis": "y", "origin": [0, 0.1875, 9]},
			"faces": {
				"north": {"uv": [1, 13, 2, 14], "texture": "#0"},
				"east": {"uv": [1, 13, 2, 15], "texture": "#0"},
				"south": {"uv": [1, 14, 2, 15], "rotation": 90, "texture": "#0"},
				"west": {"uv": [1, 13, 2, 15], "rotation": 270, "texture": "#0"},
				"up": {"uv": [1, 13, 2, 15], "texture": "#0"},
				"down": {"uv": [1, 13, 2, 15], "texture": "#0"}
			}
		},
		{
			"from": [1, 0.1875, 5],
			"to": [2, 0.75, 7],
			"rotation": {"angle": 0, "axis": "y", "origin": [0, 0.1875, 5]},
			"faces": {
				"north": {"uv": [1, 13, 2, 14], "texture": "#0"},
				"east": {"uv": [1, 13, 2, 15], "texture": "#0"},
				"south": {"uv": [1, 14, 2, 15], "rotation": 90, "texture": "#0"},
				"west": {"uv": [1, 13, 2, 15], "rotation": 270, "texture": "#0"},
				"up": {"uv": [1, 13, 2, 15], "texture": "#0"},
				"down": {"uv": [1, 13, 2, 15], "texture": "#0"}
			}
		},
		{
			"from": [1, 0.1875, 1],
			"to": [2, 0.75, 3],
			"rotation": {"angle": 0, "axis": "y", "origin": [0, 0.1875, 1]},
			"faces": {
				"north": {"uv": [1, 13, 2, 14], "texture": "#0"},
				"east": {"uv": [1, 13, 2, 15], "texture": "#0"},
				"south": {"uv": [1, 14, 2, 15], "rotation": 90, "texture": "#0"},
				"west": {"uv": [1, 13, 2, 15], "rotation": 270, "texture": "#0"},
				"up": {"uv": [1, 13, 2, 15], "texture": "#0"},
				"down": {"uv": [1, 13, 2, 15], "texture": "#0"}
			}
		},
		{
			"from": [14, 0.1875, 1],
			"to": [15, 0.75, 3],
			"rotation": {"angle": 0, "axis": "y", "origin": [13, 0.1875, 1]},
			"faces": {
				"north": {"uv": [1, 13, 2, 14], "texture": "#0"},
				"east": {"uv": [1, 13, 2, 15], "texture": "#0"},
				"south": {"uv": [1, 14, 2, 15], "rotation": 90, "texture": "#0"},
				"west": {"uv": [1, 13, 2, 15], "rotation": 270, "texture": "#0"},
				"up": {"uv": [1, 13, 2, 15], "texture": "#0"},
				"down": {"uv": [1, 13, 2, 15], "texture": "#0"}
			}
		},
		{
			"from": [14, 0.1875, 5],
			"to": [15, 0.75, 7],
			"rotation": {"angle": 0, "axis": "y", "origin": [13, 0.1875, 5]},
			"faces": {
				"north": {"uv": [1, 13, 2, 14], "texture": "#0"},
				"east": {"uv": [1, 13, 2, 15], "texture": "#0"},
				"south": {"uv": [1, 14, 2, 15], "rotation": 90, "texture": "#0"},
				"west": {"uv": [1, 13, 2, 15], "rotation": 270, "texture": "#0"},
				"up": {"uv": [1, 13, 2, 15], "texture": "#0"},
				"down": {"uv": [1, 13, 2, 15], "texture": "#0"}
			}
		},
		{
			"from": [14, 0.1875, 9],
			"to": [15, 0.75, 11],
			"rotation": {"angle": 0, "axis": "y", "origin": [13, 0.1875, 9]},
			"faces": {
				"north": {"uv": [1, 13, 2, 14], "texture": "#0"},
				"east": {"uv": [1, 13, 2, 15], "texture": "#0"},
				"south": {"uv": [1, 14, 2, 15], "rotation": 90, "texture": "#0"},
				"west": {"uv": [1, 13, 2, 15], "rotation": 270, "texture": "#0"},
				"up": {"uv": [1, 13, 2, 15], "texture": "#0"},
				"down": {"uv": [1, 13, 2, 15], "texture": "#0"}
			}
		},
		{
			"from": [14, 0.1875, 13],
			"to": [15, 0.75, 15],
			"rotation": {"angle": 0, "axis": "y", "origin": [13, 0.1875, 13]},
			"faces": {
				"north": {"uv": [1, 13, 2, 14], "texture": "#0"},
				"east": {"uv": [1, 13, 2, 15], "texture": "#0"},
				"south": {"uv": [1, 14, 2, 15], "rotation": 90, "texture": "#0"},
				"west": {"uv": [1, 13, 2, 15], "rotation": 270, "texture": "#0"},
				"up": {"uv": [1, 13, 2, 15], "texture": "#0"},
				"down": {"uv": [1, 13, 2, 15], "texture": "#0"}
			}
		},
		{
			"from": [5, 0.1875, 1],
			"to": [11, 0.75, 3],
			"rotation": {"angle": 0, "axis": "y", "origin": [3, 0.1875, 1]},
			"faces": {
				"north": {"uv": [5, 1, 11, 3], "texture": "#0"},
				"south": {"uv": [5, 1, 11, 3], "texture": "#0"},
				"up": {"uv": [5, 1, 11, 3], "texture": "#0"},
				"down": {"uv": [5, 1, 11, 3], "texture": "#0"}
			}
		},
		{
			"from": [5, 0.1875, 5],
			"to": [11, 0.75, 7],
			"rotation": {"angle": 0, "axis": "y", "origin": [3, 0.1875, 5]},
			"faces": {
				"north": {"uv": [5, 5, 11, 7], "texture": "#0"},
				"south": {"uv": [5, 5, 11, 7], "texture": "#0"},
				"up": {"uv": [5, 5, 11, 7], "texture": "#0"},
				"down": {"uv": [5, 5, 11, 7], "texture": "#0"}
			}
		},
		{
			"from": [5, 0.1875, 9],
			"to": [11, 0.75, 11],
			"rotation": {"angle": 0, "axis": "y", "origin": [3, 0.1875, 9]},
			"faces": {
				"north": {"uv": [5, 1, 11, 3], "texture": "#0"},
				"south": {"uv": [5, 1, 11, 3], "texture": "#0"},
				"up": {"uv": [5, 9, 11, 11], "texture": "#0"},
				"down": {"uv": [5, 1, 11, 3], "texture": "#0"}
			}
		},
		{
			"from": [5, 0.1875, 13],
			"to": [11, 0.75, 15],
			"rotation": {"angle": 0, "axis": "y", "origin": [3, 0.1875, 13]},
			"faces": {
				"north": {"uv": [5, 13, 11, 15], "texture": "#0"},
				"south": {"uv": [5, 13, 11, 15], "texture": "#0"},
				"up": {"uv": [5, 13, 11, 15], "texture": "#0"},
				"down": {"uv": [5, 13, 11, 15], "texture": "#0"}
			}
		}
	],
	"display": {
		"thirdperson_righthand": {
			"rotation": [75, 45, 0],
			"translation": [0, 2.5, 2.75],
			"scale": [0.375, 0.375, 0.375]
		},
		"thirdperson_lefthand": {
			"rotation": [75, 45, 0],
			"translation": [0, 2.5, 2.75],
			"scale": [0.375, 0.375, 0.375]
		},
		"firstperson_righthand": {
			"rotation": [0, 45, 0],
			"translation": [0, 3.75, 0],
			"scale": [0.4, 0.4, 0.4]
		},
		"firstperson_lefthand": {
			"rotation": [0, 225, 0],
			"translation": [0, 3.25, 0],
			"scale": [0.4, 0.4, 0.4]
		},
		"ground": {
			"translation": [0, 2, 0],
			"scale": [0.5, 0.5, 0.5]
		},
		"gui": {
			"rotation": [30, 225, 0],
			"scale": [0.625, 0.625, 0.625]
		},
		"head": {
			"rotation": [0, 180, 0],
			"translation": [0, 14, 0.25]
		},
		"fixed": {
			"rotation": [0, 180, 0],
			"translation": [0, 7.5, 0]
		}
	}
}