{
	"credit": "Made made by sniffercraft34",
	"ambientocclusion": false,
	"textures": {
		"0": "block/pumpkin_top",
		"1": "block/pumpkin_side",
		"particle": "block/pumpkin_top"
	},
	"elements": [
		{
			"from": [0, 0, 0],
			"to": [16, 16, 16],
			"faces": {
				"north": {"uv": [0, 0, 16, 16], "texture": "#1"},
				"east": {"uv": [0, 0, 16, 16], "texture": "#1"},
				"south": {"uv": [0, 0, 16, 16], "texture": "#1"},
				"west": {"uv": [0, 0, 16, 16], "texture": "#1"},
				"up": {"uv": [0, 0, 16, 16], "texture": "#0"},
				"down": {"uv": [0, 0, 16, 16], "texture": "#0"}
			}
		},
		{
			"from": [7, 16, 7],
			"to": [9, 17, 9],
			"rotation": {"angle": 0, "axis": "y", "origin": [7, 16, 7]},
			"faces": {
				"north": {"uv": [7, 7, 9, 8], "texture": "#0"},
				"east": {"uv": [7, 7, 9, 9], "rotation": 90, "texture": "#0"},
				"south": {"uv": [7, 8, 9, 9], "texture": "#0"},
				"west": {"uv": [7, 7, 9, 9], "rotation": 270, "texture": "#0"},
				"up": {"uv": [7, 7, 9, 9], "texture": "#0"},
				"down": {"uv": [7, 7, 9, 9], "texture": "#0"}
			}
		},
		{
			"from": [7, 16, 6],
			"to": [8, 17, 7],
			"rotation": {"angle": 0, "axis": "y", "origin": [7, 16, 5]},
			"faces": {
				"north": {"uv": [7, 7, 9, 8], "texture": "#0"},
				"east": {"uv": [7, 7, 9, 9], "rotation": 90, "texture": "#0"},
				"south": {"uv": [7, 8, 9, 9], "texture": "#0"},
				"west": {"uv": [7, 7, 9, 9], "rotation": 270, "texture": "#0"},
				"up": {"uv": [7, 6, 8, 7], "texture": "#0"},
				"down": {"uv": [7, 7, 9, 9], "texture": "#0"}
			}
		},
		{
			"from": [6, 16, 7],
			"to": [7, 17, 8],
			"rotation": {"angle": 0, "axis": "y", "origin": [6, 16, 6]},
			"faces": {
				"north": {"uv": [7, 7, 9, 8], "texture": "#0"},
				"east": {"uv": [7, 7, 9, 9], "rotation": 90, "texture": "#0"},
				"south": {"uv": [7, 8, 9, 9], "texture": "#0"},
				"west": {"uv": [7, 7, 9, 9], "rotation": 270, "texture": "#0"},
				"up": {"uv": [7, 6, 8, 7], "texture": "#0"},
				"down": {"uv": [7, 7, 9, 9], "texture": "#0"}
			}
		},
		{
			"from": [5, 16, 5],
			"to": [7, 17, 7],
			"rotation": {"angle": 0, "axis": "y", "origin": [5, 16, 5]},
			"faces": {
				"north": {"uv": [5, 6, 7, 7], "texture": "#0"},
				"east": {"uv": [5, 5, 7, 6], "texture": "#0"},
				"south": {"uv": [5, 6, 7, 7], "texture": "#0"},
				"west": {"uv": [5, 5, 7, 6], "texture": "#0"},
				"up": {"uv": [5, 5, 7, 7], "texture": "#0"},
				"down": {"uv": [5, 5, 7, 7], "texture": "#0"}
			}
		}
	],
	"display": {
		"thirdperson_righthand": {
			"rotation": [75, 45, 0],
			"translation": [0, 2.5, 0],
			"scale": [0.375, 0.375, 0.375]
		},
		"thirdperson_lefthand": {
			"rotation": [75, 45, 0],
			"translation": [0, 2.5, 0],
			"scale": [0.375, 0.375, 0.375]
		},
		"firstperson_righthand": {
			"rotation": [0, 45, 0],
			"scale": [0.4, 0.4, 0.4]
		},
		"firstperson_lefthand": {
			"rotation": [0, 225, 0],
			"scale": [0.4, 0.4, 0.4]
		},
		"ground": {
			"translation": [0, 3, 0],
			"scale": [0.25, 0.25, 0.25]
		},
		"gui": {
			"rotation": [30, 225, 0],
			"scale": [0.625, 0.625, 0.625]
		},
		"fixed": {
			"scale": [0.5, 0.5, 0.5]
		}
	}
}