{
	"credit": "Made by sniffercraft34",
	"ambientocclusion": false,
	"textures": {
		"2": "block/rail",
		"particle": "block/rail"
	},
	"elements": [
		{
			"from": [4, 13, 0.25],
			"to": [12, 15, 0.75],
			"rotation": {"angle": 45, "axis": "x", "origin": [0, 0, 1], "rescale": true},
			"faces": {
				"north": {"uv": [12, 1, 4, 3], "texture": "#2"},
				"south": {"uv": [4, 1, 12, 3], "texture": "#2"},
				"up": {"uv": [4, 1, 12, 2], "texture": "#2"},
				"down": {"uv": [4, 2, 12, 3], "texture": "#2"}
			}
		},
		{
			"from": [4, 9, -3.75],
			"to": [12, 11, -3.25],
			"rotation": {"angle": 45, "axis": "x", "origin": [0, -4, -3], "rescale": true},
			"faces": {
				"north": {"uv": [12, 1, 4, 3], "texture": "#2"},
				"south": {"uv": [4, 1, 12, 3], "texture": "#2"},
				"up": {"uv": [4, 1, 12, 2], "texture": "#2"},
				"down": {"uv": [4, 2, 12, 3], "texture": "#2"}
			}
		},
		{
			"from": [4, 5, -7.75],
			"to": [12, 7, -7.375],
			"rotation": {"angle": 45, "axis": "x", "origin": [0, -8, -7], "rescale": true},
			"faces": {
				"north": {"uv": [12, 1, 4, 3], "texture": "#2"},
				"south": {"uv": [4, 1, 12, 3], "texture": "#2"},
				"up": {"uv": [4, 1, 12, 2], "texture": "#2"},
				"down": {"uv": [4, 2, 12, 3], "texture": "#2"}
			}
		},
		{
			"from": [4, 1, -11.75],
			"to": [12, 3, -11.375],
			"rotation": {"angle": 45, "axis": "x", "origin": [0, -12, -11], "rescale": true},
			"faces": {
				"north": {"uv": [12, 1, 4, 3], "texture": "#2"},
				"south": {"uv": [4, 1, 12, 3], "texture": "#2"},
				"up": {"uv": [4, 1, 12, 2], "texture": "#2"},
				"down": {"uv": [4, 2, 12, 3], "texture": "#2"}
			}
		},
		{
			"from": [14, 13, 0.3125],
			"to": [15, 15, 0.625],
			"rotation": {"angle": 45, "axis": "x", "origin": [0, 0, 1], "rescale": true},
			"faces": {
				"north": {"uv": [14, 1, 15, 3], "texture": "#2"},
				"east": {"uv": [14, 1, 15, 3], "texture": "#2"},
				"south": {"uv": [14, 1, 15, 3], "texture": "#2"},
				"west": {"uv": [14, 1, 15, 3], "texture": "#2"},
				"up": {"uv": [14, 1, 15, 2], "texture": "#2"},
				"down": {"uv": [14, 2, 15, 3], "texture": "#2"}
			}
		},
		{
			"from": [1, 13, 0.3125],
			"to": [2, 15, 0.625],
			"rotation": {"angle": 45, "axis": "x", "origin": [-13, 0, 1], "rescale": true},
			"faces": {
				"north": {"uv": [14, 1, 15, 3], "texture": "#2"},
				"east": {"uv": [14, 1, 15, 3], "texture": "#2"},
				"south": {"uv": [14, 1, 15, 3], "texture": "#2"},
				"west": {"uv": [14, 1, 15, 3], "texture": "#2"},
				"up": {"uv": [14, 1, 15, 2], "texture": "#2"},
				"down": {"uv": [14, 2, 15, 3], "texture": "#2"}
			}
		},
		{
			"from": [14, 9, -3.6875],
			"to": [15, 11, -3.375],
			"rotation": {"angle": 45, "axis": "x", "origin": [0, -4, -3], "rescale": true},
			"faces": {
				"north": {"uv": [14, 1, 15, 3], "texture": "#2"},
				"east": {"uv": [14, 1, 15, 3], "texture": "#2"},
				"south": {"uv": [14, 1, 15, 3], "texture": "#2"},
				"west": {"uv": [14, 1, 15, 3], "texture": "#2"},
				"up": {"uv": [14, 1, 15, 2], "texture": "#2"},
				"down": {"uv": [14, 2, 15, 3], "texture": "#2"}
			}
		},
		{
			"from": [1, 9, -3.6875],
			"to": [2, 11, -3.375],
			"rotation": {"angle": 45, "axis": "x", "origin": [-13, -4, -3], "rescale": true},
			"faces": {
				"north": {"uv": [14, 1, 15, 3], "texture": "#2"},
				"east": {"uv": [14, 1, 15, 3], "texture": "#2"},
				"south": {"uv": [14, 1, 15, 3], "texture": "#2"},
				"west": {"uv": [14, 1, 15, 3], "texture": "#2"},
				"up": {"uv": [14, 1, 15, 2], "texture": "#2"},
				"down": {"uv": [14, 2, 15, 3], "texture": "#2"}
			}
		},
		{
			"from": [14, 5, -7.6875],
			"to": [15, 7, -7.375],
			"rotation": {"angle": 45, "axis": "x", "origin": [0, -8, -7], "rescale": true},
			"faces": {
				"north": {"uv": [14, 1, 15, 3], "texture": "#2"},
				"east": {"uv": [14, 1, 15, 3], "texture": "#2"},
				"south": {"uv": [14, 1, 15, 3], "texture": "#2"},
				"west": {"uv": [14, 1, 15, 3], "texture": "#2"},
				"up": {"uv": [14, 1, 15, 2], "texture": "#2"},
				"down": {"uv": [14, 2, 15, 3], "texture": "#2"}
			}
		},
		{
			"from": [14, 1, -11.6875],
			"to": [15, 3, -11.375],
			"rotation": {"angle": 45, "axis": "x", "origin": [0, -12, -11], "rescale": true},
			"faces": {
				"north": {"uv": [14, 1, 15, 3], "texture": "#2"},
				"east": {"uv": [14, 1, 15, 3], "texture": "#2"},
				"south": {"uv": [14, 1, 15, 3], "texture": "#2"},
				"west": {"uv": [14, 1, 15, 3], "texture": "#2"},
				"up": {"uv": [14, 1, 15, 2], "texture": "#2"},
				"down": {"uv": [14, 2, 15, 3], "texture": "#2"}
			}
		},
		{
			"from": [1, 1, -11.6875],
			"to": [2, 3, -11.375],
			"rotation": {"angle": 45, "axis": "x", "origin": [-13, -12, -11], "rescale": true},
			"faces": {
				"north": {"uv": [14, 1, 15, 3], "texture": "#2"},
				"east": {"uv": [14, 1, 15, 3], "texture": "#2"},
				"south": {"uv": [14, 1, 15, 3], "texture": "#2"},
				"west": {"uv": [14, 1, 15, 3], "texture": "#2"},
				"up": {"uv": [14, 1, 15, 2], "texture": "#2"},
				"down": {"uv": [14, 2, 15, 3], "texture": "#2"}
			}
		},
		{
			"from": [1, 5, -7.6875],
			"to": [2, 7, -7.375],
			"rotation": {"angle": 45, "axis": "x", "origin": [-13, -8, -7], "rescale": true},
			"faces": {
				"north": {"uv": [14, 1, 15, 3], "texture": "#2"},
				"east": {"uv": [14, 1, 15, 3], "texture": "#2"},
				"south": {"uv": [14, 1, 15, 3], "texture": "#2"},
				"west": {"uv": [14, 1, 15, 3], "texture": "#2"},
				"up": {"uv": [14, 1, 15, 2], "texture": "#2"},
				"down": {"uv": [14, 2, 15, 3], "texture": "#2"}
			}
		},
		{
			"from": [1.999, 1, 0],
			"to": [4.001, 17, 0.75],
			"rotation": {"angle": 45, "axis": "x", "origin": [6, 1, 0], "rescale": true},
			"faces": {
				"north": {"uv": [2, 0, 4, 16], "texture": "#2"},
				"east": {"uv": [2.5, 1, 2.6, 2], "rotation": 90, "texture": "#2"},
				"south": {"uv": [2, 0, 4, 16], "rotation": 180, "texture": "#2"},
				"west": {"uv": [3.5, 1, 3.6, 2], "rotation": 270, "texture": "#2"},
				"up": {"uv": [4, 0, 2, 2], "texture": "#2"},
				"down": {"uv": [2, 14, 4, 16], "rotation": 180, "texture": "#2"}
			}
		},
		{
			"from": [11.999, 1, 0],
			"to": [14.001, 17, 0.75],
			"rotation": {"angle": 45, "axis": "x", "origin": [16, 1, 0], "rescale": true},
			"faces": {
				"north": {"uv": [2, 0, 4, 16], "texture": "#2"},
				"east": {"uv": [2.5, 1, 2.6, 2], "rotation": 90, "texture": "#2"},
				"south": {"uv": [2, 0, 4, 16], "rotation": 180, "texture": "#2"},
				"west": {"uv": [3.5, 1, 3.6, 2], "rotation": 270, "texture": "#2"},
				"up": {"uv": [4, 0, 2, 2], "texture": "#2"},
				"down": {"uv": [2, 14, 4, 16], "rotation": 180, "texture": "#2"}
			}
		}
	],
	"display": {
		"thirdperson_righthand": {
			"rotation": [75, 45, 0],
			"translation": [0, 2.5, 0],
			"scale": [0.375, 0.375, 0.375]
		},
		"thirdperson_lefthand": {
			"rotation": [75, 45, 0],
			"translation": [0, 2.5, 0],
			"scale": [0.375, 0.375, 0.375]
		},
		"firstperson_righthand": {
			"rotation": [0, 45, 0],
			"scale": [0.4, 0.4, 0.4]
		},
		"firstperson_lefthand": {
			"rotation": [0, 225, 0],
			"scale": [0.4, 0.4, 0.4]
		},
		"ground": {
			"translation": [0, 3, 0],
			"scale": [0.25, 0.25, 0.25]
		},
		"gui": {
			"rotation": [30, 225, 0],
			"scale": [0.625, 0.625, 0.625]
		},
		"head": {
			"rotation": [0, 180, 0],
			"translation": [0, 14, 0.25]
		},
		"fixed": {
			"scale": [0.5, 0.5, 0.5]
		}
	}
}