{
	"credit": "Made by sniffercraft34",
	"ambientocclusion": false,
	"textures": {
		"0": "block/red_mushroom",
		"particle": "block/red_mushroom"
	},
	"elements": [
		{
			"from": [7, 0, 7],
			"to": [9, 3, 9],
			"rotation": {"angle": 0, "axis": "y", "origin": [7, 0, 7]},
			"faces": {
				"north": {"uv": [7, 13, 9, 16], "texture": "#0"},
				"east": {"uv": [7, 13, 9, 16], "texture": "#0"},
				"south": {"uv": [7, 13, 9, 16], "texture": "#0"},
				"west": {"uv": [7, 13, 9, 16], "texture": "#0"},
				"up": {"uv": [7, 13, 9, 15], "texture": "#0"},
				"down": {"uv": [7, 13, 9, 15], "texture": "#0"}
			}
		},
		{
			"from": [4, 3, 4],
			"to": [12, 5, 12],
			"rotation": {"angle": 0, "axis": "y", "origin": [7, 3, 7]},
			"faces": {
				"north": {"uv": [4, 11, 12, 13], "texture": "#0"},
				"east": {"uv": [4, 11, 12, 13], "texture": "#0"},
				"south": {"uv": [4, 11, 12, 13], "texture": "#0"},
				"west": {"uv": [4, 11, 12, 13], "texture": "#0"},
				"up": {"uv": [6, 12, 8, 13], "texture": "#0"},
				"down": {"uv": [6, 10, 9, 12], "texture": "#0"}
			}
		},
		{
			"from": [5, 5, 5],
			"to": [11, 6, 11],
			"rotation": {"angle": 0, "axis": "y", "origin": [7, 5, 7]},
			"faces": {
				"north": {"uv": [5, 10, 11, 11], "texture": "#0"},
				"east": {"uv": [5, 10, 11, 11], "texture": "#0"},
				"south": {"uv": [5, 10, 11, 11], "texture": "#0"},
				"west": {"uv": [5, 10, 11, 11], "texture": "#0"},
				"up": {"uv": [5, 11, 9, 13], "texture": "#0"},
				"down": {"uv": [0, 0, 6, 6], "texture": "#missing"}
			}
		},
		{
			"from": [6, 6, 6],
			"to": [10, 7, 10],
			"rotation": {"angle": 0, "axis": "y", "origin": [7, 6, 7]},
			"faces": {
				"north": {"uv": [6, 9, 10, 10], "texture": "#0"},
				"east": {"uv": [6, 9, 10, 10], "texture": "#0"},
				"south": {"uv": [6, 9, 10, 10], "texture": "#0"},
				"west": {"uv": [6, 9, 10, 10], "texture": "#0"},
				"up": {"uv": [6, 9, 10, 13], "texture": "#0"},
				"down": {"uv": [0, 0, 4, 4], "texture": "#missing"}
			}
		}
	],
	"display": {
		"thirdperson_righthand": {
			"translation": [0, 3, 1],
			"scale": [0.55, 0.55, 0.55]
		},
		"thirdperson_lefthand": {
			"translation": [0, 3, 1],
			"scale": [0.55, 0.55, 0.55]
		},
		"firstperson_righthand": {
			"rotation": [0, -90, 25],
			"translation": [1.13, 3.2, 1.13],
			"scale": [0.68, 0.68, 0.68]
		},
		"firstperson_lefthand": {
			"rotation": [0, -90, 25],
			"translation": [1.13, 3.2, 1.13],
			"scale": [0.68, 0.68, 0.68]
		},
		"ground": {
			"translation": [0, 2, 0],
			"scale": [0.5, 0.5, 0.5]
		},
		"gui": {
			"rotation": [30, 225, 0],
			"scale": [0.625, 0.625, 0.625]
		},
		"head": {
			"rotation": [0, 180, 0],
			"translation": [0, 13, -0.5]
		},
		"fixed": {
			"rotation": [0, 180, 0]
		}
	}
}