{
	"credit": "Made by sniffercraft34",
	"ambientocclusion": false,
	"textures": {
		"0": "block/redstone_dust_dot",
		"particle": "block/redstone_dust_dot"
	},
	"elements": [
		{
			"from": [8, 0, 5],
			"to": [9, 1, 7],
			"rotation": {"angle": 0, "axis": "y", "origin": [9, 0, 5]},
			"faces": {
				"north": {"uv": [8, 5, 9, 6], "texture": "#0", "tintindex": 0},
				"east": {"uv": [8, 5, 9, 7], "texture": "#0", "tintindex": 0},
				"south": {"uv": [8, 5, 9, 7], "texture": "#0", "tintindex": 0},
				"west": {"uv": [8, 5, 9, 7], "rotation": 270, "texture": "#0", "tintindex": 0},
				"up": {"uv": [8, 5, 9, 7], "texture": "#0", "tintindex": 0},
				"down": {"uv": [8, 5, 9, 7], "texture": "#0", "tintindex": 0}
			}
		},
		{
			"from": [9, 0, 11],
			"to": [10, 1, 12],
			"rotation": {"angle": 0, "axis": "y", "origin": [10, 0, 11]},
			"faces": {
				"north": {"uv": [9, 11, 10, 12], "texture": "#0", "tintindex": 0},
				"east": {"uv": [9, 11, 10, 12], "texture": "#0", "tintindex": 0},
				"south": {"uv": [9, 11, 10, 12], "texture": "#0", "tintindex": 0},
				"west": {"uv": [9, 11, 10, 12], "texture": "#0", "tintindex": 0},
				"up": {"uv": [9, 11, 10, 12], "texture": "#0", "tintindex": 0},
				"down": {"uv": [9, 11, 10, 12], "texture": "#0", "tintindex": 0}
			}
		},
		{
			"from": [11, 0, 7],
			"to": [12, 1, 8],
			"rotation": {"angle": 0, "axis": "y", "origin": [12, 0, 7]},
			"faces": {
				"north": {"uv": [11, 7, 12, 8], "texture": "#0", "tintindex": 0},
				"east": {"uv": [11, 7, 12, 8], "texture": "#0", "tintindex": 0},
				"south": {"uv": [11, 7, 12, 8], "texture": "#0", "tintindex": 0},
				"west": {"uv": [11, 7, 12, 8], "texture": "#0", "tintindex": 0},
				"up": {"uv": [11, 7, 12, 8], "texture": "#0", "tintindex": 0},
				"down": {"uv": [11, 7, 12, 8], "texture": "#0", "tintindex": 0}
			}
		},
		{
			"from": [5, 0, 6],
			"to": [6, 1, 7],
			"rotation": {"angle": 0, "axis": "y", "origin": [6, 0, 6]},
			"faces": {
				"north": {"uv": [5, 6, 6, 7], "texture": "#0", "tintindex": 0},
				"east": {"uv": [5, 6, 6, 7], "texture": "#0", "tintindex": 0},
				"south": {"uv": [5, 6, 6, 7], "texture": "#0", "tintindex": 0},
				"west": {"uv": [5, 6, 6, 7], "texture": "#0", "tintindex": 0},
				"up": {"uv": [5, 6, 6, 7], "texture": "#0", "tintindex": 0},
				"down": {"uv": [5, 6, 6, 7], "texture": "#0", "tintindex": 0}
			}
		},
		{
			"from": [5, 0, 8],
			"to": [6, 1, 10],
			"rotation": {"angle": 0, "axis": "y", "origin": [6, 0, 9]},
			"faces": {
				"north": {"uv": [5, 8, 6, 10], "texture": "#0", "tintindex": 0},
				"east": {"uv": [5, 8, 6, 10], "texture": "#0", "tintindex": 0},
				"south": {"uv": [5, 8, 6, 10], "texture": "#0", "tintindex": 0},
				"west": {"uv": [5, 8, 6, 10], "texture": "#0", "tintindex": 0},
				"up": {"uv": [5, 8, 6, 10], "texture": "#0", "tintindex": 0},
				"down": {"uv": [5, 8, 6, 10], "texture": "#0", "tintindex": 0}
			}
		},
		{
			"from": [8, 0, 8],
			"to": [9, 1, 9],
			"rotation": {"angle": 0, "axis": "y", "origin": [9, 0, 8]},
			"faces": {
				"north": {"uv": [8, 8, 9, 9], "texture": "#0", "tintindex": 0},
				"east": {"uv": [8, 8, 9, 9], "texture": "#0", "tintindex": 0},
				"south": {"uv": [8, 8, 9, 9], "texture": "#0", "tintindex": 0},
				"west": {"uv": [8, 8, 9, 9], "texture": "#0", "tintindex": 0},
				"up": {"uv": [8, 8, 9, 9], "texture": "#0", "tintindex": 0},
				"down": {"uv": [8, 8, 9, 9], "texture": "#0", "tintindex": 0}
			}
		},
		{
			"from": [8, 0, 10],
			"to": [9, 1, 11],
			"rotation": {"angle": 0, "axis": "y", "origin": [9, 0, 10]},
			"faces": {
				"north": {"uv": [8, 10, 9, 11], "texture": "#0", "tintindex": 0},
				"east": {"uv": [8, 10, 9, 11], "texture": "#0", "tintindex": 0},
				"south": {"uv": [8, 10, 9, 11], "texture": "#0", "tintindex": 0},
				"west": {"uv": [8, 10, 9, 11], "texture": "#0", "tintindex": 0},
				"up": {"uv": [8, 10, 9, 11], "texture": "#0", "tintindex": 0},
				"down": {"uv": [8, 10, 9, 11], "texture": "#0", "tintindex": 0}
			}
		},
		{
			"from": [9, 0, 5],
			"to": [10, 1, 10],
			"rotation": {"angle": 0, "axis": "y", "origin": [10, 0, 5]},
			"faces": {
				"north": {"uv": [9, 10, 10, 9], "rotation": 90, "texture": "#0", "tintindex": 0},
				"east": {"uv": [9, 5, 10, 10], "rotation": 90, "texture": "#0", "tintindex": 0},
				"south": {"uv": [9, 9, 10, 10], "rotation": 90, "texture": "#0", "tintindex": 0},
				"west": {"uv": [9, 5, 10, 10], "rotation": 90, "texture": "#0", "tintindex": 0},
				"up": {"uv": [9, 5, 10, 10], "texture": "#0", "tintindex": 0},
				"down": {"uv": [9, 5, 10, 10], "texture": "#0", "tintindex": 0}
			}
		},
		{
			"from": [10, 0, 6],
			"to": [11, 1, 11],
			"rotation": {"angle": 0, "axis": "y", "origin": [11, 0, 6]},
			"faces": {
				"north": {"uv": [10, 6, 11, 11], "texture": "#0", "tintindex": 0},
				"east": {"uv": [10, 6, 11, 11], "rotation": 90, "texture": "#0", "tintindex": 0},
				"south": {"uv": [10, 6, 11, 11], "texture": "#0", "tintindex": 0},
				"west": {"uv": [10, 6, 11, 11], "rotation": 90, "texture": "#0", "tintindex": 0},
				"up": {"uv": [10, 6, 11, 11], "texture": "#0", "tintindex": 0},
				"down": {"uv": [10, 6, 11, 11], "texture": "#0", "tintindex": 0}
			}
		},
		{
			"from": [7, 0, 6],
			"to": [8, 1, 11],
			"rotation": {"angle": 0, "axis": "y", "origin": [8, 0, 6]},
			"faces": {
				"north": {"uv": [7, 6, 8, 7], "texture": "#0", "tintindex": 0},
				"east": {"uv": [7, 6, 8, 11], "rotation": 90, "texture": "#0", "tintindex": 0},
				"south": {"uv": [7, 6, 8, 7], "texture": "#0", "tintindex": 0},
				"west": {"uv": [7, 6, 8, 11], "rotation": 90, "texture": "#0", "tintindex": 0},
				"up": {"uv": [7, 6, 8, 11], "texture": "#0", "tintindex": 0},
				"down": {"uv": [7, 6, 8, 11], "texture": "#0", "tintindex": 0}
			}
		},
		{
			"from": [6, 0, 5],
			"to": [7, 1, 10],
			"rotation": {"angle": 0, "axis": "y", "origin": [7, 0, 5]},
			"faces": {
				"north": {"uv": [6, 5, 7, 6], "texture": "#0", "tintindex": 0},
				"east": {"uv": [6, 5, 7, 10], "rotation": 90, "texture": "#0", "tintindex": 0},
				"south": {"uv": [6, 9, 7, 10], "texture": "#0", "tintindex": 0},
				"west": {"uv": [6, 5, 7, 10], "rotation": 90, "texture": "#0", "tintindex": 0},
				"up": {"uv": [6, 5, 7, 10], "texture": "#0", "tintindex": 0},
				"down": {"uv": [6, 5, 7, 10], "texture": "#0", "tintindex": 0}
			}
		}
	],
	"display": {
		"thirdperson_righthand": {
			"rotation": [75, 45, 0],
			"translation": [0, 2.5, 2.75],
			"scale": [0.375, 0.375, 0.375]
		},
		"thirdperson_lefthand": {
			"rotation": [75, 45, 0],
			"translation": [0, 2.5, 3],
			"scale": [0.375, 0.375, 0.375]
		},
		"firstperson_righthand": {
			"rotation": [0, 45, 0],
			"translation": [0, 3, 0],
			"scale": [0.4, 0.4, 0.4]
		},
		"firstperson_lefthand": {
			"rotation": [0, 225, 0],
			"translation": [0, 3, 0],
			"scale": [0.4, 0.4, 0.4]
		},
		"ground": {
			"translation": [0, 3, 0],
			"scale": [0.25, 0.25, 0.25]
		},
		"gui": {
			"rotation": [30, 225, 0],
			"scale": [0.625, 0.625, 0.625]
		},
		"head": {
			"translation": [0, 14, 0]
		},
		"fixed": {
			"scale": [0.5, 0.5, 0.5]
		}
	}
}