{
	"credit": "Made with Blockbench",
	"ambientocclusion": false,
	"textures": {
		"0": "block/smithing_table_side",
		"1": "block/smithing_table_bottom",
		"2": "block/smithing_table_top",
		"3": "block/smithing_table_front",
		"particle": "block/smithing_table_side"
	},
	"elements": [
		{
			"from": [1, 0.1875, 1],
			"to": [15, 12, 15],
			"rotation": {"angle": 0, "axis": "y", "origin": [2, 0, 1]},
			"faces": {
				"north": {"uv": [2, 4, 14, 16], "texture": "#3"},
				"east": {"uv": [2, 4, 14, 16], "texture": "#0"},
				"south": {"uv": [2, 4, 14, 16], "texture": "#3"},
				"west": {"uv": [2, 4, 14, 16], "texture": "#0"},
				"down": {"uv": [2, 2, 14, 14], "texture": "#1"}
			}
		},
		{
			"from": [0, 12, 0],
			"to": [16, 17, 16],
			"rotation": {"angle": 0, "axis": "y", "origin": [12, 12, 2]},
			"faces": {
				"north": {"uv": [0, 0, 16, 4], "texture": "#0", "cullface": "north"},
				"east": {"uv": [0, 0, 16, 4], "texture": "#0", "cullface": "east"},
				"south": {"uv": [0, 0, 16, 4], "texture": "#0", "cullface": "south"},
				"west": {"uv": [0, 0, 16, 4], "texture": "#0", "cullface": "west"},
				"up": {"uv": [0, 0, 16, 16], "texture": "#2", "cullface": "up"},
				"down": {"uv": [0, 0, 16, 16], "texture": "#2"}
			}
		},
		{
			"from": [0, 0.1, 0],
			"to": [2, 12.2875, 2],
			"faces": {
				"north": {"uv": [14, 3.8125, 16, 16], "texture": "#0", "cullface": "north"},
				"east": {"uv": [14, 3.8125, 16, 16], "texture": "#0"},
				"south": {"uv": [14, 3.8125, 16, 16], "texture": "#0"},
				"west": {"uv": [0, 3.8125, 2, 16], "texture": "#0", "cullface": "west"},
				"down": {"uv": [14, 0, 16, 1.9375], "texture": "#1"}
			}
		},
		{
			"from": [14, 0.1, 0],
			"to": [16, 12.2875, 2],
			"rotation": {"angle": 0, "axis": "y", "origin": [14, 0, 0]},
			"faces": {
				"north": {"uv": [14, 3.8125, 16, 16], "texture": "#0", "cullface": "north"},
				"east": {"uv": [14, 3.8125, 16, 16], "texture": "#0", "cullface": "east"},
				"south": {"uv": [14, 3.8125, 16, 16], "texture": "#0"},
				"west": {"uv": [0, 3.8125, 2, 16], "texture": "#0"},
				"down": {"uv": [14, 0, 16, 1.8125], "texture": "#1"}
			}
		},
		{
			"from": [14, 0.1, 14],
			"to": [16, 12.2875, 16],
			"rotation": {"angle": 0, "axis": "y", "origin": [14, 0, 14]},
			"faces": {
				"north": {"uv": [14, 3.8125, 16, 16], "texture": "#0"},
				"east": {"uv": [14, 3.8125, 16, 16], "texture": "#0", "cullface": "east"},
				"south": {"uv": [14, 3.8125, 16, 16], "texture": "#0", "cullface": "south"},
				"west": {"uv": [0, 3.8125, 2, 16], "texture": "#0"},
				"down": {"uv": [14, 0, 16, 2], "texture": "#1"}
			}
		},
		{
			"from": [0, 0.1, 14],
			"to": [2, 12.1625, 16],
			"rotation": {"angle": 0, "axis": "y", "origin": [0, 0, 14]},
			"faces": {
				"north": {"uv": [14, 3.8125, 16, 16], "texture": "#0"},
				"east": {"uv": [14, 3.8125, 16, 16], "texture": "#0"},
				"south": {"uv": [14, 3.8125, 16, 16], "texture": "#0", "cullface": "south"},
				"west": {"uv": [0, 3.8125, 2, 16], "texture": "#0", "cullface": "west"},
				"down": {"uv": [14, 0, 16, 2], "texture": "#1"}
			}
		},
		{
			"from": [15, 2.125, 10.3125],
			"to": [16, 7.125, 11.5],
			"rotation": {"angle": 0, "axis": "y", "origin": [15, 2.125, 9.4375]},
			"faces": {
				"north": {"uv": [5, 9, 6, 13.9375], "texture": "#0"},
				"east": {"uv": [5, 9, 6, 13.9375], "texture": "#0", "cullface": "east"},
				"south": {"uv": [5, 9, 6, 13.9375], "texture": "#0"},
				"down": {"uv": [5, 13, 6, 13.9375], "texture": "#0"}
			}
		},
		{
			"from": [0, 2, 4.4375],
			"to": [1, 7, 5.625],
			"rotation": {"angle": 0, "axis": "y", "origin": [0, 2, 3.5625]},
			"faces": {
				"north": {"uv": [5, 9, 6, 13.9375], "texture": "#0"},
				"south": {"uv": [5, 9, 6, 13.9375], "texture": "#0"},
				"west": {"uv": [5, 9, 6, 13.9375], "texture": "#0", "cullface": "west"}
			}
		},
		{
			"from": [15, 7, 7.8125],
			"to": [16.375, 10.0625, 13.8125],
			"rotation": {"angle": 0, "axis": "x", "origin": [15, 6.125, 13.8125]},
			"faces": {
				"north": {"uv": [7, 6, 8, 8.9375], "texture": "#0"},
				"east": {"uv": [3, 6, 8, 8.9375], "texture": "#0", "cullface": "east"},
				"south": {"uv": [3, 6, 4, 8.9375], "texture": "#0"},
				"up": {"uv": [3, 6, 8, 6.9375], "rotation": 270, "texture": "#0"},
				"down": {"uv": [3, 8, 8, 8.9375], "rotation": 90, "texture": "#0"}
			}
		},
		{
			"from": [0, 7, 1.9375],
			"to": [1.375, 10.0625, 7.9375],
			"rotation": {"angle": 0, "axis": "y", "origin": [0, 6.125, 7.9375]},
			"faces": {
				"south": {"uv": [3, 6, 4, 8.9375], "texture": "#0"},
				"west": {"uv": [3, 6, 8, 8.9375], "texture": "#0", "cullface": "west"},
				"up": {"uv": [3, 6, 8, 6.9375], "rotation": 270, "texture": "#0"},
				"down": {"uv": [3, 8, 8, 8.9375], "rotation": 90, "texture": "#0"}
			}
		},
		{
			"from": [15, 10, 10.3125],
			"to": [16, 11, 11.5],
			"rotation": {"angle": 0, "axis": "y", "origin": [15, 10, 9.4375]},
			"faces": {
				"north": {"uv": [5, 6, 6, 4.9375], "texture": "#0"},
				"east": {"uv": [5.125, 5.75, 5.75, 4.9375], "texture": "#0", "cullface": "east"},
				"south": {"uv": [5, 6, 6, 4.9375], "texture": "#0"},
				"up": {"uv": [5, 6, 6, 4.9375], "texture": "#0"}
			}
		},
		{
			"from": [0.1875, 9.9375, 4.5],
			"to": [1.1875, 10.9375, 5.6875],
			"rotation": {"angle": 0, "axis": "y", "origin": [0.1875, 9.9375, 3.625]},
			"faces": {
				"north": {"uv": [5, 6, 6, 4.9375], "texture": "#0"},
				"south": {"uv": [5, 6, 6, 4.9375], "texture": "#0"},
				"west": {"uv": [5, 6, 6, 4.9375], "texture": "#0"},
				"up": {"uv": [5, 6, 6, 4.9375], "texture": "#0"}
			}
		},
		{
			"from": [12.625, 4, 0],
			"to": [13.875, 10, 1],
			"rotation": {"angle": 0, "axis": "y", "origin": [11.75, 4, 0]},
			"faces": {
				"north": {"uv": [3, 6, 3.875, 11.9375], "texture": "#3", "cullface": "north"},
				"east": {"uv": [3, 6, 3.875, 11.9375], "texture": "#3"},
				"west": {"uv": [3, 6, 3.875, 11.9375], "texture": "#3"},
				"up": {"uv": [3, 6, 3.875, 6.9375], "texture": "#3"},
				"down": {"uv": [3, 11, 3.875, 11.9375], "texture": "#3"}
			}
		},
		{
			"from": [2.1875, 4, 15],
			"to": [3.4375, 10, 16],
			"rotation": {"angle": 0, "axis": "y", "origin": [1.3125, 4, 15]},
			"faces": {
				"east": {"uv": [3, 6, 3.875, 11.9375], "texture": "#3"},
				"south": {"uv": [3, 6, 3.875, 11.9375], "texture": "#3", "cullface": "south"},
				"west": {"uv": [3, 6, 3.875, 11.9375], "texture": "#3"},
				"up": {"uv": [3, 6, 3.875, 6.9375], "texture": "#3"},
				"down": {"uv": [3, 11, 3.875, 11.9375], "texture": "#3"}
			}
		},
		{
			"from": [10.25, 4, 0],
			"to": [11.5, 11, 1],
			"rotation": {"angle": 0, "axis": "y", "origin": [9.375, 4, 0]},
			"faces": {
				"north": {"uv": [5.1875, 5.125, 5.875, 11.75], "texture": "#3", "cullface": "north"},
				"east": {"uv": [5.1875, 5.125, 5.875, 11.75], "texture": "#3"},
				"west": {"uv": [5.1875, 5.125, 5.875, 11.75], "texture": "#3"},
				"up": {"uv": [5.1875, 5.125, 5.875, 5.75], "texture": "#3"},
				"down": {"uv": [5.1875, 11.125, 5.875, 11.75], "texture": "#3"}
			}
		},
		{
			"from": [4.4375, 4, 15],
			"to": [5.6875, 11, 16],
			"rotation": {"angle": 0, "axis": "y", "origin": [3.5625, 4, 15]},
			"faces": {
				"east": {"uv": [5.1875, 5.125, 5.875, 11.75], "texture": "#3"},
				"south": {"uv": [5.1875, 5.125, 5.875, 11.75], "texture": "#3", "cullface": "south"},
				"west": {"uv": [5.1875, 5.125, 5.875, 11.75], "texture": "#3"},
				"up": {"uv": [5.1875, 5.125, 5.875, 5.75], "texture": "#3"},
				"down": {"uv": [5.1875, 11.125, 5.875, 11.75], "texture": "#3"}
			}
		},
		{
			"from": [2.1875, 9, 0],
			"to": [4.5, 10, 1],
			"rotation": {"angle": 0, "axis": "y", "origin": [2.5, 9, 0]},
			"faces": {
				"north": {"uv": [11.125, 6.125, 12.75, 6.625], "texture": "#3", "cullface": "north"},
				"east": {"uv": [11.125, 6.125, 12.75, 6.625], "texture": "#3"},
				"west": {"uv": [11.125, 6.125, 12.75, 6.625], "texture": "#3"},
				"up": {"uv": [11.125, 6.125, 12.75, 6.625], "texture": "#3"},
				"down": {"uv": [11.125, 6.125, 12.75, 6.625], "texture": "#3"}
			}
		},
		{
			"from": [5.625, 9, 0],
			"to": [8.0625, 10, 1],
			"rotation": {"angle": 0, "axis": "y", "origin": [5.9375, 9, 0]},
			"faces": {
				"north": {"uv": [11.125, 6.125, 12.75, 6.625], "texture": "#3", "cullface": "north"},
				"east": {"uv": [11.125, 6.125, 12.75, 6.625], "texture": "#3"},
				"west": {"uv": [11.125, 6.125, 12.75, 6.625], "texture": "#3"},
				"up": {"uv": [11.125, 6.125, 12.75, 6.625], "texture": "#3"},
				"down": {"uv": [11.125, 6.125, 12.75, 6.625], "texture": "#3"}
			}
		},
		{
			"from": [7.9375, 9, 15],
			"to": [10.375, 10, 16],
			"rotation": {"angle": 0, "axis": "y", "origin": [8.25, 9, 15]},
			"faces": {
				"east": {"uv": [11.125, 6.125, 12.75, 6.625], "texture": "#3"},
				"south": {"uv": [11.125, 6.125, 12.75, 6.625], "texture": "#3", "cullface": "south"},
				"west": {"uv": [11.125, 6.125, 12.75, 6.625], "texture": "#3"},
				"up": {"uv": [11.125, 6.125, 12.75, 6.625], "texture": "#3"},
				"down": {"uv": [11.125, 6.125, 12.75, 6.625], "texture": "#3"}
			}
		},
		{
			"from": [11.375, 9, 15],
			"to": [13.8125, 10, 16],
			"rotation": {"angle": 0, "axis": "y", "origin": [11.6875, 9, 15]},
			"faces": {
				"east": {"uv": [11.125, 6.125, 12.75, 6.625], "texture": "#3"},
				"south": {"uv": [11.125, 6.125, 12.75, 6.625], "texture": "#3", "cullface": "south"},
				"west": {"uv": [11.125, 6.125, 12.75, 6.625], "texture": "#3"},
				"up": {"uv": [11.125, 6.125, 12.75, 6.625], "texture": "#3"},
				"down": {"uv": [11.125, 6.125, 12.75, 6.625], "texture": "#3"}
			}
		},
		{
			"from": [6.8125, 6.6875, 0],
			"to": [8.0625, 9, 1],
			"rotation": {"angle": 0, "axis": "z", "origin": [7.8125, 7, 0]},
			"faces": {
				"north": {"uv": [11.125, 6.125, 12.75, 6.625], "rotation": 90, "texture": "#3", "cullface": "north"},
				"east": {"uv": [11.125, 6.125, 12.75, 6.625], "rotation": 270, "texture": "#3"},
				"west": {"uv": [11.125, 6.125, 12.75, 6.625], "rotation": 270, "texture": "#3"},
				"down": {"uv": [11.125, 6.125, 12.75, 6.625], "rotation": 270, "texture": "#3"}
			}
		},
		{
			"from": [5.625, 4.6875, 0],
			"to": [6.875, 7, 1],
			"rotation": {"angle": 0, "axis": "y", "origin": [6.625, 5, 0]},
			"faces": {
				"north": {"uv": [11.125, 6.125, 12.75, 6.625], "rotation": 90, "texture": "#3", "cullface": "north"},
				"east": {"uv": [11.125, 6.125, 12.75, 6.625], "rotation": 270, "texture": "#3"},
				"west": {"uv": [11.125, 6.125, 12.75, 6.625], "rotation": 270, "texture": "#3"},
				"up": {"uv": [11.125, 6.125, 12.75, 6.625], "rotation": 270, "texture": "#3"},
				"down": {"uv": [11.125, 6.125, 12.75, 6.625], "rotation": 270, "texture": "#3"}
			}
		},
		{
			"from": [3.375, 4.6875, 0],
			"to": [4.625, 7, 1],
			"rotation": {"angle": 0, "axis": "y", "origin": [4.375, 5, 0]},
			"faces": {
				"north": {"uv": [11.125, 6.125, 12.75, 6.625], "rotation": 90, "texture": "#3", "cullface": "north"},
				"east": {"uv": [11.125, 6.125, 12.75, 6.625], "rotation": 270, "texture": "#3"},
				"west": {"uv": [11.125, 6.125, 12.75, 6.625], "rotation": 270, "texture": "#3"},
				"up": {"uv": [11.125, 6.125, 12.75, 6.625], "rotation": 270, "texture": "#3"},
				"down": {"uv": [11.125, 6.125, 12.75, 6.625], "rotation": 270, "texture": "#3"}
			}
		},
		{
			"from": [11.375, 4.6875, 15],
			"to": [12.625, 7, 16],
			"rotation": {"angle": 0, "axis": "y", "origin": [12.375, 5, 15]},
			"faces": {
				"east": {"uv": [11.125, 6.125, 12.75, 6.625], "rotation": 270, "texture": "#3"},
				"south": {"uv": [11.125, 6.125, 12.75, 6.625], "rotation": 270, "texture": "#3", "cullface": "south"},
				"west": {"uv": [11.125, 6.125, 12.75, 6.625], "rotation": 270, "texture": "#3"},
				"up": {"uv": [11.125, 6.125, 12.75, 6.625], "rotation": 270, "texture": "#3"},
				"down": {"uv": [11.125, 6.125, 12.75, 6.625], "rotation": 270, "texture": "#3"}
			}
		},
		{
			"from": [9, 4.6875, 15],
			"to": [10.25, 7, 16],
			"rotation": {"angle": 0, "axis": "y", "origin": [10, 5, 15]},
			"faces": {
				"east": {"uv": [11.125, 6.125, 12.75, 6.625], "rotation": 270, "texture": "#3"},
				"south": {"uv": [11.125, 6.125, 12.75, 6.625], "rotation": 270, "texture": "#3", "cullface": "south"},
				"west": {"uv": [11.125, 6.125, 12.75, 6.625], "rotation": 270, "texture": "#3"},
				"up": {"uv": [11.125, 6.125, 12.75, 6.625], "rotation": 270, "texture": "#3"},
				"down": {"uv": [11.125, 6.125, 12.75, 6.625], "rotation": 270, "texture": "#3"}
			}
		},
		{
			"from": [10.25, 2.6875, 15],
			"to": [11.5, 5, 16],
			"rotation": {"angle": 0, "axis": "y", "origin": [11.25, 3, 15]},
			"faces": {
				"east": {"uv": [11.125, 6.125, 12.75, 6.625], "rotation": 270, "texture": "#3"},
				"south": {"uv": [11.125, 6.125, 12.75, 6.625], "rotation": 270, "texture": "#3", "cullface": "south"},
				"west": {"uv": [11.125, 6.125, 12.75, 6.625], "rotation": 270, "texture": "#3"},
				"up": {"uv": [11.125, 6.125, 12.75, 6.625], "rotation": 270, "texture": "#3"},
				"down": {"uv": [11.125, 6.125, 12.75, 6.625], "rotation": 270, "texture": "#3"}
			}
		},
		{
			"from": [7.9375, 6.6875, 14.9375],
			"to": [9.1875, 9, 15.9375],
			"rotation": {"angle": 0, "axis": "y", "origin": [8.9375, 7, 14.9375]},
			"faces": {
				"east": {"uv": [11.125, 6.125, 12.75, 6.625], "rotation": 270, "texture": "#3"},
				"south": {"uv": [11.125, 6.125, 12.75, 6.625], "rotation": 270, "texture": "#3"},
				"west": {"uv": [11.125, 6.125, 12.75, 6.625], "rotation": 270, "texture": "#3"},
				"down": {"uv": [11.125, 6.125, 12.75, 6.625], "rotation": 270, "texture": "#3"}
			}
		},
		{
			"from": [12.5625, 6.6875, 14.9375],
			"to": [13.8125, 9, 15.9375],
			"rotation": {"angle": 0, "axis": "y", "origin": [13.5625, 7, 14.9375]},
			"faces": {
				"east": {"uv": [11.125, 6.125, 12.75, 6.625], "rotation": 270, "texture": "#3"},
				"south": {"uv": [11.125, 6.125, 12.75, 6.625], "rotation": 270, "texture": "#3"},
				"west": {"uv": [11.125, 6.125, 12.75, 6.625], "rotation": 270, "texture": "#3"},
				"down": {"uv": [11.125, 6.125, 12.75, 6.625], "rotation": 270, "texture": "#3"}
			}
		},
		{
			"from": [4.375, 2.8125, 0],
			"to": [5.625, 5.125, 1],
			"rotation": {"angle": 0, "axis": "y", "origin": [5.375, 3.125, 0]},
			"faces": {
				"north": {"uv": [11.125, 6.125, 12.75, 6.625], "rotation": 90, "texture": "#3", "cullface": "north"},
				"east": {"uv": [11.125, 6.125, 12.75, 6.625], "rotation": 270, "texture": "#3"},
				"west": {"uv": [11.125, 6.125, 12.75, 6.625], "rotation": 270, "texture": "#3"},
				"up": {"uv": [11.125, 6.125, 12.75, 6.625], "rotation": 270, "texture": "#3"},
				"down": {"uv": [11.125, 6.125, 12.75, 6.625], "rotation": 270, "texture": "#3"}
			}
		},
		{
			"from": [2.25, 6.6875, 0],
			"to": [3.5, 9, 1],
			"rotation": {"angle": 0, "axis": "y", "origin": [3.25, 7, 0]},
			"faces": {
				"north": {"uv": [11.125, 6.125, 12.75, 6.625], "rotation": 90, "texture": "#3", "cullface": "north"},
				"east": {"uv": [11.125, 6.125, 12.75, 6.625], "rotation": 270, "texture": "#3"},
				"west": {"uv": [11.125, 6.125, 12.75, 6.625], "rotation": 270, "texture": "#3"},
				"down": {"uv": [11.125, 6.125, 12.75, 6.625], "rotation": 270, "texture": "#3"}
			}
		},
		{
			"from": [0, 0, 2],
			"to": [2, 2, 14],
			"rotation": {"angle": 0, "axis": "y", "origin": [0, 0, 2]},
			"faces": {
				"north": {"uv": [2, 14, 14, 16], "texture": "#0"},
				"east": {"uv": [2, 14, 14, 16], "texture": "#0"},
				"south": {"uv": [2, 14, 14, 16], "texture": "#0"},
				"west": {"uv": [2, 14, 14, 16], "texture": "#0", "cullface": "west"},
				"up": {"uv": [2, 14, 14, 16], "rotation": 270, "texture": "#0"},
				"down": {"uv": [2, 14, 14, 16], "rotation": 90, "texture": "#0", "cullface": "down"}
			}
		},
		{
			"from": [14, 0, 2],
			"to": [16, 2, 14],
			"rotation": {"angle": 0, "axis": "y", "origin": [14, 0, 2]},
			"faces": {
				"north": {"uv": [2, 14, 14, 16], "texture": "#0"},
				"east": {"uv": [2, 14, 14, 16], "texture": "#0", "cullface": "east"},
				"south": {"uv": [2, 14, 14, 16], "texture": "#0"},
				"west": {"uv": [2, 14, 14, 16], "texture": "#0"},
				"up": {"uv": [2, 14, 14, 16], "rotation": 270, "texture": "#0"},
				"down": {"uv": [2, 14, 14, 16], "rotation": 90, "texture": "#0", "cullface": "down"}
			}
		},
		{
			"from": [2, 0, 0],
			"to": [14, 2, 2],
			"rotation": {"angle": 0, "axis": "y", "origin": [14, 0, 0]},
			"faces": {
				"north": {"uv": [2, 14, 14, 16], "texture": "#0", "cullface": "north"},
				"east": {"uv": [2, 14, 14, 16], "texture": "#0"},
				"south": {"uv": [2, 14, 14, 16], "texture": "#0"},
				"west": {"uv": [2, 14, 14, 16], "texture": "#0"},
				"up": {"uv": [2, 14, 14, 16], "texture": "#0"},
				"down": {"uv": [2, 14, 14, 16], "texture": "#0", "cullface": "down"}
			}
		},
		{
			"from": [2, 0, 14],
			"to": [14, 2, 16],
			"rotation": {"angle": 0, "axis": "y", "origin": [14, 0, 14]},
			"faces": {
				"north": {"uv": [2, 14, 14, 16], "texture": "#0"},
				"east": {"uv": [2, 14, 14, 16], "texture": "#0"},
				"south": {"uv": [2, 14, 14, 16], "texture": "#0", "cullface": "south"},
				"west": {"uv": [2, 14, 14, 16], "texture": "#0"},
				"up": {"uv": [2, 14, 14, 16], "texture": "#0"},
				"down": {"uv": [2, 14, 14, 16], "texture": "#0", "cullface": "down"}
			}
		}
	],
	"display": {
		"thirdperson_righthand": {
			"rotation": [75, 45, 0],
			"translation": [0, 2.5, 0],
			"scale": [0.375, 0.375, 0.375]
		},
		"thirdperson_lefthand": {
			"rotation": [75, 45, 0],
			"translation": [0, 2.5, 0],
			"scale": [0.375, 0.375, 0.375]
		},
		"firstperson_righthand": {
			"rotation": [0, 45, 0],
			"scale": [0.4, 0.4, 0.4]
		},
		"firstperson_lefthand": {
			"rotation": [0, 225, 0],
			"scale": [0.4, 0.4, 0.4]
		},
		"ground": {
			"translation": [0, 3, 0],
			"scale": [0.25, 0.25, 0.25]
		},
		"gui": {
			"rotation": [30, 225, 0],
			"scale": [0.625, 0.625, 0.625]
		},
		"fixed": {
			"scale": [0.5, 0.5, 0.5]
		}
	}
}