{
	"credit": "Made by sniffercraft34",
	"ambientocclusion": false,
	"textures": {
		"0": "block/stonecutter_bottom",
		"1": "block/stonecutter_saw",
		"2": "block/stonecutter_side",
		"3": "block/stonecutter_top",
		"particle": "block/stonecutter_bottom"
	},
	"elements": [
		{
			"from": [0, 0, 0],
			"to": [16, 9, 16],
			"rotation": {"angle": 0, "axis": "y", "origin": [-1, 0, 0]},
			"faces": {
				"north": {"uv": [0, 7, 16, 16], "texture": "#2", "cullface": "north"},
				"east": {"uv": [0, 7, 16, 16], "texture": "#2", "cullface": "east"},
				"south": {"uv": [0, 7, 16, 16], "texture": "#2", "cullface": "south"},
				"west": {"uv": [0, 7, 16, 16], "texture": "#2", "cullface": "west"},
				"up": {"uv": [0, 0, 16, 16], "texture": "#3"},
				"down": {"uv": [0, 0, 16, 16], "texture": "#0", "cullface": "down"}
			}
		},
		{
			"from": [2, 9, 7],
			"to": [14, 12, 9],
			"rotation": {"angle": 0, "axis": "y", "origin": [2, 9, 7]},
			"faces": {
				"north": {"uv": [1, 13, 15, 16], "texture": "#1"},
				"east": {"uv": [9, 9, 11, 13], "texture": "#1"},
				"south": {"uv": [1, 13, 15, 16], "texture": "#1"},
				"west": {"uv": [9, 9, 11, 13], "texture": "#1"},
				"up": {"uv": [2, 11, 14, 13], "texture": "#1"}
			}
		},
		{
			"from": [3, 12, 7],
			"to": [13, 14, 9],
			"rotation": {"angle": 0, "axis": "y", "origin": [2, 12, 7]},
			"faces": {
				"north": {"uv": [2, 11, 14, 13], "texture": "#1"},
				"east": {"uv": [9, 9, 11, 13], "texture": "#1"},
				"south": {"uv": [2, 11, 14, 13], "texture": "#1"},
				"west": {"uv": [9, 9, 11, 11], "texture": "#1"},
				"up": {"uv": [9, 11, 11, 9], "texture": "#1"}
			}
		},
		{
			"from": [4, 14, 7],
			"to": [12, 15, 9],
			"rotation": {"angle": 0, "axis": "y", "origin": [2, 14, 7]},
			"faces": {
				"north": {"uv": [3, 10, 13, 11], "texture": "#1"},
				"east": {"uv": [9, 9, 11, 13], "texture": "#1"},
				"south": {"uv": [3, 10, 13, 11], "texture": "#1"},
				"west": {"uv": [9, 9, 11, 11], "texture": "#1"},
				"up": {"uv": [9, 11, 11, 9], "texture": "#1"}
			}
		},
		{
			"from": [6, 15, 7],
			"to": [10, 16, 9],
			"rotation": {"angle": 0, "axis": "y", "origin": [2, 15, 7]},
			"faces": {
				"north": {"uv": [5, 9, 11, 10], "texture": "#1"},
				"east": {"uv": [9, 9, 11, 13], "texture": "#1"},
				"south": {"uv": [5, 10, 11, 9], "texture": "#1"},
				"west": {"uv": [9, 9, 11, 11], "texture": "#1"},
				"up": {"uv": [9, 11, 11, 9], "texture": "#1", "cullface": "up"}
			}
		},
		{
			"from": [-1, 9, -1],
			"to": [3, 10, 3],
			"rotation": {"angle": 0, "axis": "y", "origin": [0, 9, 0]},
			"faces": {
				"north": {"uv": [13, 7, 16, 8], "texture": "#2", "cullface": "north"},
				"east": {"uv": [13, 7, 16, 8], "texture": "#2"},
				"south": {"uv": [13, 7, 16, 8], "texture": "#2"},
				"west": {"uv": [13, 8, 16, 9], "texture": "#2", "cullface": "west"},
				"up": {"uv": [13, 13, 16, 16], "texture": "#3"}
			}
		},
		{
			"from": [-1, 9, 13],
			"to": [3, 10, 17],
			"rotation": {"angle": 0, "axis": "y", "origin": [0, 9, 14]},
			"faces": {
				"north": {"uv": [13, 7, 16, 8], "texture": "#2"},
				"east": {"uv": [13, 7, 16, 8], "texture": "#2"},
				"south": {"uv": [13, 7, 16, 8], "texture": "#2", "cullface": "south"},
				"west": {"uv": [13, 8, 16, 9], "texture": "#2", "cullface": "west"},
				"up": {"uv": [13, 0, 16, 3], "texture": "#3"}
			}
		},
		{
			"from": [13, 9, -1],
			"to": [17, 10, 3],
			"rotation": {"angle": 0, "axis": "y", "origin": [14, 9, 0]},
			"faces": {
				"north": {"uv": [13, 7, 16, 8], "texture": "#2", "cullface": "north"},
				"east": {"uv": [13, 7, 16, 8], "texture": "#2", "cullface": "east"},
				"south": {"uv": [13, 7, 16, 8], "texture": "#2"},
				"west": {"uv": [13, 8, 16, 9], "texture": "#2"},
				"up": {"uv": [0, 13, 3, 16], "texture": "#3"}
			}
		},
		{
			"from": [13, 9, 13],
			"to": [17, 10, 17],
			"rotation": {"angle": 0, "axis": "y", "origin": [14, 9, 14]},
			"faces": {
				"north": {"uv": [13, 7, 16, 8], "texture": "#2"},
				"east": {"uv": [13, 7, 16, 8], "texture": "#2", "cullface": "east"},
				"south": {"uv": [13, 7, 16, 8], "texture": "#2", "cullface": "south"},
				"west": {"uv": [13, 8, 16, 9], "texture": "#2"},
				"up": {"uv": [0, 0, 3, 3], "texture": "#3"}
			}
		},
		{
			"from": [-1, 0.0625, -1],
			"to": [3, 9, 3],
			"rotation": {"angle": 0, "axis": "y", "origin": [0, 0, -2]},
			"faces": {
				"north": {"uv": [13, 8.0625, 16, 16], "texture": "#2", "cullface": "north"},
				"east": {"uv": [13, 8.0625, 16, 16], "texture": "#2", "cullface": "north"},
				"south": {"uv": [13, 8.0625, 16, 16], "texture": "#2", "cullface": "west"},
				"west": {"uv": [13, 8.0625, 16, 16], "texture": "#2", "cullface": "west"},
				"down": {"uv": [14, 8, 16, 12], "texture": "#2"}
			}
		},
		{
			"from": [3, 5.0625, -1],
			"to": [13, 7, 0],
			"rotation": {"angle": 0, "axis": "y", "origin": [10, -2, -2]},
			"faces": {
				"north": {"uv": [3, 9.0625, 13, 11], "texture": "#2", "cullface": "north"},
				"up": {"uv": [3, 9.0625, 13, 11], "texture": "#2", "cullface": "north"},
				"down": {"uv": [3, 9.0625, 13, 11], "texture": "#2", "cullface": "north"}
			}
		},
		{
			"from": [3, 5.0625, 16],
			"to": [13, 7, 17],
			"rotation": {"angle": 0, "axis": "y", "origin": [10, -2, 15]},
			"faces": {
				"south": {"uv": [3, 9.0625, 13, 11], "texture": "#2", "cullface": "south"},
				"up": {"uv": [3, 9.0625, 13, 11], "texture": "#2", "cullface": "south"},
				"down": {"uv": [3, 9.0625, 13, 11], "texture": "#2", "cullface": "south"}
			}
		},
		{
			"from": [16, 5.0625, 3],
			"to": [17, 7, 13],
			"rotation": {"angle": 0, "axis": "y", "origin": [15, -2, 6]},
			"faces": {
				"east": {"uv": [3, 9.0625, 13, 11], "texture": "#2", "cullface": "east"},
				"up": {"uv": [3, 9.0625, 13, 11], "rotation": 270, "texture": "#2", "cullface": "east"},
				"down": {"uv": [3, 9.0625, 13, 11], "rotation": 90, "texture": "#2", "cullface": "east"}
			}
		},
		{
			"from": [-1, 5.0625, 3],
			"to": [0, 7, 13],
			"rotation": {"angle": 0, "axis": "y", "origin": [-2, -2, 6]},
			"faces": {
				"west": {"uv": [3, 9.0625, 13, 11], "texture": "#2", "cullface": "west"},
				"up": {"uv": [3, 9.0625, 13, 11], "rotation": 270, "texture": "#2", "cullface": "west"},
				"down": {"uv": [3, 9.0625, 13, 11], "rotation": 90, "texture": "#2", "cullface": "west"}
			}
		},
		{
			"from": [-1, 0.0625, 13],
			"to": [3, 9, 17],
			"rotation": {"angle": 0, "axis": "y", "origin": [0, 0, 12]},
			"faces": {
				"north": {"uv": [13, 8.0625, 16, 16], "texture": "#2", "cullface": "west"},
				"east": {"uv": [13, 8.0625, 16, 16], "texture": "#2", "cullface": "south"},
				"south": {"uv": [13, 8.0625, 16, 16], "texture": "#2", "cullface": "south"},
				"west": {"uv": [13, 8.0625, 16, 16], "texture": "#2", "cullface": "west"},
				"down": {"uv": [14, 8, 16, 12], "texture": "#2"}
			}
		},
		{
			"from": [13, 0.0625, 13],
			"to": [17, 9, 17],
			"rotation": {"angle": 0, "axis": "y", "origin": [14, 0, 12]},
			"faces": {
				"north": {"uv": [13, 8.0625, 16, 16], "texture": "#2", "cullface": "east"},
				"east": {"uv": [13, 8.0625, 16, 16], "texture": "#2", "cullface": "east"},
				"south": {"uv": [13, 8.0625, 16, 16], "texture": "#2", "cullface": "south"},
				"west": {"uv": [13, 8.0625, 16, 16], "texture": "#2", "cullface": "south"},
				"down": {"uv": [14, 8, 16, 12], "texture": "#2"}
			}
		},
		{
			"from": [13, 0.0625, -1],
			"to": [17, 9, 3],
			"rotation": {"angle": 0, "axis": "y", "origin": [14, 0, -2]},
			"faces": {
				"north": {"uv": [13, 8.0625, 16, 16], "texture": "#2", "cullface": "north"},
				"east": {"uv": [13, 8.0625, 16, 16], "texture": "#2", "cullface": "east"},
				"south": {"uv": [13, 8.0625, 16, 16], "texture": "#2", "cullface": "east"},
				"west": {"uv": [13, 8.0625, 16, 16], "texture": "#2", "cullface": "north"},
				"down": {"uv": [14, 8, 16, 12], "texture": "#2"}
			}
		}
	],
	"display": {
		"thirdperson_righthand": {
			"rotation": [75, 45, 0],
			"translation": [0, 2.5, 0],
			"scale": [0.375, 0.375, 0.375]
		},
		"thirdperson_lefthand": {
			"rotation": [75, 45, 0],
			"translation": [0, 2.5, 0],
			"scale": [0.375, 0.375, 0.375]
		},
		"firstperson_righthand": {
			"rotation": [0, 45, 0],
			"scale": [0.4, 0.4, 0.4]
		},
		"firstperson_lefthand": {
			"rotation": [0, 225, 0],
			"scale": [0.4, 0.4, 0.4]
		},
		"ground": {
			"translation": [0, 3, 0],
			"scale": [0.25, 0.25, 0.25]
		},
		"gui": {
			"rotation": [30, 225, 0],
			"scale": [0.625, 0.625, 0.625]
		},
		"head": {
			"translation": [0, 12.25, 0]
		},
		"fixed": {
			"scale": [0.5, 0.5, 0.5]
		}
	}
}