{
	"credit": "Made by sniffercraft34",
	"ambientocclusion": false,
	"textures": {
		"0": "block/sugar_cane",
		"1": "block/cactus_bottom",
		"particle": "block/sugar_cane"
	},
	"elements": [
		{
			"from": [14, 0, 0],
			"to": [16, 17, 2],
			"rotation": {"angle": 0, "axis": "y", "origin": [14, 0, 0]},
			"faces": {
				"north": {"uv": [1, 0, 3, 16], "texture": "#0"},
				"east": {"uv": [1, 0, 3, 16], "texture": "#0"},
				"south": {"uv": [1, 0, 3, 16], "texture": "#0"},
				"west": {"uv": [1, 0, 3, 16], "texture": "#0"},
				"up": {"uv": [2, 2, 14, 14], "texture": "#1"},
				"down": {"uv": [2, 2, 14, 14], "texture": "#1"}
			}
		},
		{
			"from": [0, 0, 4],
			"to": [2, 16, 6],
			"rotation": {"angle": 0, "axis": "y", "origin": [0, 0, 4]},
			"faces": {
				"north": {"uv": [1, 0, 3, 16], "texture": "#0"},
				"east": {"uv": [1, 0, 3, 16], "texture": "#0"},
				"south": {"uv": [1, 0, 3, 16], "texture": "#0"},
				"west": {"uv": [1, 0, 3, 16], "texture": "#0"},
				"up": {"uv": [2, 2, 14, 14], "texture": "#1"},
				"down": {"uv": [2, 2, 14, 14], "texture": "#1"}
			}
		},
		{
			"from": [2, 0, 10],
			"to": [4, 17, 12],
			"rotation": {"angle": 0, "axis": "y", "origin": [2, 0, 10]},
			"faces": {
				"north": {"uv": [1, 0, 3, 16], "texture": "#0"},
				"east": {"uv": [1, 0, 3, 16], "texture": "#0"},
				"south": {"uv": [1, 0, 3, 16], "texture": "#0"},
				"west": {"uv": [1, 0, 3, 16], "texture": "#0"},
				"up": {"uv": [2, 2, 14, 14], "texture": "#1"},
				"down": {"uv": [2, 2, 14, 14], "texture": "#1"}
			}
		},
		{
			"from": [4, -2, 0],
			"to": [6, 15, 2],
			"rotation": {"angle": 0, "axis": "y", "origin": [4, -2, 0]},
			"faces": {
				"north": {"uv": [1, 0, 3, 16], "texture": "#0"},
				"east": {"uv": [1, 0, 3, 16], "texture": "#0"},
				"south": {"uv": [1, 0, 3, 16], "texture": "#0"},
				"west": {"uv": [1, 0, 3, 16], "texture": "#0"},
				"up": {"uv": [2, 2, 14, 14], "texture": "#1"},
				"down": {"uv": [2, 2, 14, 14], "texture": "#1"}
			}
		},
		{
			"from": [9, -1, 3],
			"to": [11, 16, 5],
			"rotation": {"angle": 0, "axis": "y", "origin": [9, -1, 3]},
			"faces": {
				"north": {"uv": [1, 0, 3, 16], "texture": "#0"},
				"east": {"uv": [1, 0, 3, 16], "texture": "#0"},
				"south": {"uv": [1, 0, 3, 16], "texture": "#0"},
				"west": {"uv": [1, 0, 3, 16], "texture": "#0"},
				"up": {"uv": [2, 2, 14, 14], "texture": "#1"},
				"down": {"uv": [2, 2, 14, 14], "texture": "#1"}
			}
		},
		{
			"from": [9, -3, 12],
			"to": [11, 14, 14],
			"rotation": {"angle": 0, "axis": "y", "origin": [9, -3, 12]},
			"faces": {
				"north": {"uv": [1, 0, 3, 16], "texture": "#0"},
				"east": {"uv": [1, 0, 3, 16], "texture": "#0"},
				"south": {"uv": [1, 0, 3, 16], "texture": "#0"},
				"west": {"uv": [1, 0, 3, 16], "texture": "#0"},
				"up": {"uv": [2, 2, 14, 14], "texture": "#1"},
				"down": {"uv": [2, 2, 14, 14], "texture": "#1"}
			}
		},
		{
			"from": [14, -1, 9],
			"to": [16, 16, 11],
			"rotation": {"angle": 0, "axis": "y", "origin": [14, -1, 9]},
			"faces": {
				"north": {"uv": [1, 0, 3, 16], "texture": "#0"},
				"east": {"uv": [1, 0, 3, 16], "texture": "#0"},
				"south": {"uv": [1, 0, 3, 16], "texture": "#0"},
				"west": {"uv": [1, 0, 3, 16], "texture": "#0"},
				"up": {"uv": [2, 2, 14, 14], "texture": "#1"},
				"down": {"uv": [2, 2, 14, 14], "texture": "#1"}
			}
		}
	]
}