{
	"credit": "Made with Blockbench",
	"textures": {
		"0": "farmersdelight:block/red_mushroom_colony_model_stage1",
		"particle": "farmersdelight:block/red_mushroom_colony_model_stage1"
	},
	"elements": [
		{
			"from": [4, 2, 5],
			"to": [7, 4, 8],
			"faces": {
				"north": {"uv": [12, 12, 15, 14], "texture": "#0"},
				"east": {"uv": [12, 14, 15, 16], "texture": "#0"},
				"south": {"uv": [9, 14, 12, 16], "texture": "#0"},
				"west": {"uv": [6, 14, 9, 16], "texture": "#0"},
				"up": {"uv": [0, 12, 3, 15], "texture": "#0"},
				"down": {"uv": [3, 12, 6, 15], "texture": "#0"}
			}
		},
		{
			"from": [5, 0, 6],
			"to": [6, 2, 7],
			"faces": {
				"north": {"uv": [15, 0, 16, 2], "texture": "#0"},
				"east": {"uv": [14, 0, 15, 2], "texture": "#0"},
				"south": {"uv": [12, 0, 13, 2], "texture": "#0"},
				"west": {"uv": [13, 0, 14, 2], "texture": "#0"},
				"up": {"uv": [0, 0, 1, 1], "texture": "#0"},
				"down": {"uv": [13, 0, 14, 1], "texture": "#0"}
			}
		},
		{
			"from": [7, 0, 7],
			"to": [9, 6, 9],
			"faces": {
				"north": {"uv": [12, 0, 14, 6], "texture": "#0"},
				"east": {"uv": [14, 0, 16, 6], "texture": "#0"},
				"south": {"uv": [14, 6, 16, 12], "texture": "#0"},
				"west": {"uv": [12, 6, 14, 12], "texture": "#0"},
				"up": {"uv": [14, 2, 12, 0], "texture": "#0"},
				"down": {"uv": [16, 0, 14, 2], "texture": "#0"}
			}
		},
		{
			"from": [5, 6, 5],
			"to": [11, 9, 11],
			"faces": {
				"north": {"uv": [6, 6, 12, 9], "texture": "#0"},
				"east": {"uv": [0, 6, 6, 9], "texture": "#0"},
				"south": {"uv": [6, 9, 12, 12], "texture": "#0"},
				"west": {"uv": [0, 9, 6, 12], "texture": "#0"},
				"up": {"uv": [6, 6, 0, 0], "texture": "#0"},
				"down": {"uv": [12, 0, 6, 6], "texture": "#0"}
			}
		},
		{
			"from": [9, 1, 9],
			"to": [12, 2, 12],
			"faces": {
				"north": {"uv": [12, 13, 9, 14], "texture": "#0"},
				"east": {"uv": [6, 13, 9, 14], "texture": "#0"},
				"south": {"uv": [12, 12, 9, 13], "texture": "#0"},
				"west": {"uv": [6, 12, 9, 13], "texture": "#0"},
				"up": {"uv": [0, 12, 3, 15], "texture": "#0"},
				"down": {"uv": [3, 12, 6, 15], "texture": "#0"}
			}
		},
		{
			"from": [10, 0, 10],
			"to": [11, 1, 11],
			"faces": {
				"north": {"uv": [15, 0, 16, 1], "texture": "#0"},
				"east": {"uv": [12, 1, 13, 2], "texture": "#0"},
				"south": {"uv": [12, 0, 13, 1], "texture": "#0"},
				"west": {"uv": [15, 1, 16, 2], "texture": "#0"},
				"up": {"uv": [14, 1, 15, 2], "texture": "#0"},
				"down": {"uv": [13, 1, 14, 2], "texture": "#0"}
			}
		}
	],
	"groups": [
		{
			"name": "mini1",
			"origin": [0, 0, 0],
			"color": 0,
			"children": [0, 1]
		},
		{
			"name": "center",
			"origin": [0, 0, 0],
			"color": 0,
			"children": [2, 3]
		},
		{
			"name": "mini2",
			"origin": [0, 0, 0],
			"color": 0,
			"children": [4, 5]
		}
	]
}