{
	"credit": "Made with Blockbench",
	"textures": {
		"0": "farmersdelight:block/red_mushroom_colony_model_stage0",
		"particle": "farmersdelight:block/red_mushroom_colony_model_stage0"
	},
	"elements": [
		{
			"from": [5, 4, 5],
			"to": [11, 7, 11],
			"faces": {
				"north": {"uv": [6, 6, 12, 9], "texture": "#0"},
				"east": {"uv": [0, 6, 6, 9], "texture": "#0"},
				"south": {"uv": [6, 9, 12, 12], "texture": "#0"},
				"west": {"uv": [0, 9, 6, 12], "texture": "#0"},
				"up": {"uv": [6, 6, 0, 0], "texture": "#0"},
				"down": {"uv": [12, 0, 6, 6], "texture": "#0"}
			}
		},
		{
			"from": [7, 0, 7],
			"to": [9, 4, 9],
			"faces": {
				"north": {"uv": [12, 0, 14, 4], "texture": "#0"},
				"east": {"uv": [14, 0, 16, 4], "texture": "#0"},
				"south": {"uv": [14, 4, 16, 8], "texture": "#0"},
				"west": {"uv": [12, 4, 14, 8], "texture": "#0"},
				"up": {"uv": [14, 2, 12, 0], "texture": "#0"},
				"down": {"uv": [16, 0, 14, 2], "texture": "#0"}
			}
		},
		{
			"from": [4, 1, 5],
			"to": [7, 2, 8],
			"faces": {
				"north": {"uv": [12, 13, 9, 14], "texture": "#0"},
				"east": {"uv": [6, 13, 9, 14], "texture": "#0"},
				"south": {"uv": [12, 12, 9, 13], "texture": "#0"},
				"west": {"uv": [6, 12, 9, 13], "texture": "#0"},
				"up": {"uv": [0, 12, 3, 15], "texture": "#0"},
				"down": {"uv": [3, 12, 6, 15], "texture": "#0"}
			}
		},
		{
			"from": [5, 0, 6],
			"to": [6, 1, 7],
			"faces": {
				"north": {"uv": [12, 0, 13, 1], "texture": "#0"},
				"east": {"uv": [15, 0, 16, 1], "texture": "#0"},
				"south": {"uv": [12, 1, 13, 2], "texture": "#0"},
				"west": {"uv": [15, 1, 16, 2], "texture": "#0"},
				"up": {"uv": [14, 1, 15, 2], "texture": "#0"},
				"down": {"uv": [13, 1, 14, 2], "texture": "#0"}
			}
		}
	],
	"groups": [
		{
			"name": "center",
			"origin": [0, 0, 0],
			"color": 0,
			"children": [0, 1]
		},
		{
			"name": "mini1",
			"origin": [0, 0, 0],
			"color": 0,
			"children": [2, 3]
		}
	]
}