{
	"credit": "Made with Blockbench",
	"texture_size": [32, 32],
	"textures": {
		"0": "farmersdelight:block/red_mushroom_colony_model_stage2",
		"particle": "farmersdelight:block/red_mushroom_colony_model_stage2"
	},
	"elements": [
		{
			"from": [7, 0, 7],
			"to": [9, 8, 9],
			"faces": {
				"north": {"uv": [6, 4, 7, 8], "texture": "#0"},
				"east": {"uv": [7, 4, 8, 8], "texture": "#0"},
				"south": {"uv": [7, 0, 8, 4], "texture": "#0"},
				"west": {"uv": [6, 0, 7, 4], "texture": "#0"},
				"up": {"uv": [8, 1, 7, 0], "texture": "#0"},
				"down": {"uv": [7, 0, 6, 1], "texture": "#0"}
			}
		},
		{
			"from": [4, 8, 4],
			"to": [12, 11, 12],
			"faces": {
				"north": {"uv": [8, 4, 12, 5.5], "texture": "#0"},
				"east": {"uv": [12, 4, 16, 5.5], "texture": "#0"},
				"south": {"uv": [8, 5.5, 12, 7], "texture": "#0"},
				"west": {"uv": [12, 5.5, 16, 7], "texture": "#0"},
				"up": {"uv": [8, 0, 12, 4], "texture": "#0"},
				"down": {"uv": [12, 0, 16, 4], "texture": "#0"}
			}
		},
		{
			"from": [4, 0, 5],
			"to": [6, 4, 7],
			"faces": {
				"north": {"uv": [7, 0, 8, 2], "texture": "#0"},
				"east": {"uv": [7, 4, 8, 6], "texture": "#0"},
				"south": {"uv": [6, 4, 7, 6], "texture": "#0"},
				"west": {"uv": [6, 0, 7, 2], "texture": "#0"},
				"up": {"uv": [7, 4, 8, 5], "texture": "#0"},
				"down": {"uv": [6, 4, 7, 5], "texture": "#0"}
			}
		},
		{
			"from": [2.5, 4, 3.5],
			"to": [7.5, 6, 8.5],
			"faces": {
				"north": {"uv": [2.5, 11, 5, 12], "texture": "#0"},
				"east": {"uv": [2.5, 13, 5, 14], "texture": "#0"},
				"south": {"uv": [2.5, 12, 5, 13], "texture": "#0"},
				"west": {"uv": [2.5, 14, 5, 15], "texture": "#0"},
				"up": {"uv": [0, 11, 2.5, 13.5], "texture": "#0"},
				"down": {"uv": [0, 13.5, 2.5, 16], "texture": "#0"}
			}
		},
		{
			"from": [10, 0, 10],
			"to": [11, 2, 11],
			"faces": {
				"north": {"uv": [7.5, 4, 8, 5], "texture": "#0"},
				"east": {"uv": [6, 0, 6.5, 1], "texture": "#0"},
				"south": {"uv": [7.5, 0, 8, 1], "texture": "#0"},
				"west": {"uv": [6.5, 0, 7, 1], "texture": "#0"},
				"up": {"uv": [6, 4, 6.5, 5], "texture": "#0"},
				"down": {"uv": [7, 0, 7.5, 1], "texture": "#0"}
			}
		},
		{
			"from": [9, 2, 9],
			"to": [12, 4, 12],
			"faces": {
				"north": {"uv": [4.5, 9, 6, 10], "texture": "#0"},
				"east": {"uv": [3, 9, 4.5, 10], "texture": "#0"},
				"south": {"uv": [4.5, 8, 6, 9], "texture": "#0"},
				"west": {"uv": [3, 9, 4.5, 8], "texture": "#0"},
				"up": {"uv": [0, 8, 1.5, 9.5], "texture": "#0"},
				"down": {"uv": [1.5, 8, 3, 9.5], "texture": "#0"}
			}
		},
		{
			"from": [9, 0, 6],
			"to": [10, 1, 7],
			"faces": {
				"north": {"uv": [6, 0.5, 6.5, 1], "texture": "#0"},
				"east": {"uv": [7, 0.5, 7.5, 1], "texture": "#0"},
				"south": {"uv": [7.5, 0, 8, 0.5], "texture": "#0"},
				"west": {"uv": [6, 0, 6.5, 0.5], "texture": "#0"},
				"up": {"uv": [7.5, 0.5, 8, 1], "texture": "#0"},
				"down": {"uv": [6.5, 0.5, 7, 1], "texture": "#0"}
			}
		},
		{
			"from": [8, 1, 5],
			"to": [11, 2, 8],
			"faces": {
				"north": {"uv": [3, 6, 4.5, 6.5], "texture": "#0"},
				"east": {"uv": [6, 6.5, 4.5, 7], "texture": "#0"},
				"south": {"uv": [4.5, 6, 6, 6.5], "texture": "#0"},
				"west": {"uv": [3, 6.5, 4.5, 7], "texture": "#0"},
				"up": {"uv": [0, 6, 1.5, 7.5], "texture": "#0"},
				"down": {"uv": [1.5, 6, 3, 7.5], "texture": "#0"}
			}
		}
	],
	"groups": [
		{
			"name": "center",
			"origin": [0, 0, 0],
			"color": 0,
			"children": [0, 1]
		},
		{
			"name": "mini1",
			"origin": [0, 0, 0],
			"color": 0,
			"children": [2, 3]
		},
		{
			"name": "mini2",
			"origin": [0, 0, 0],
			"color": 0,
			"children": [4, 5]
		},
		{
			"name": "mini3",
			"origin": [0, 0, 0],
			"color": 0,
			"children": [6, 7]
		}
	]
}