{
	"credit": "Made with Blockbench",
	"ambientocclusion": false,
	"textures": {
		"5": "block/pitcher_crop_bottom_stage_4",
		"particle": "block/pitcher_crop_top"
	},
	"elements": [
		{
			"name": "pitcher_crop_bottom_stage_4_0",
			"from": [4, 10, 4],
			"to": [12, 11, 12],
			"rotation": {"angle": 0, "axis": "y", "origin": [8, 6.75, 8]},
			"faces": {
				"north": {"uv": [4, 0, 12, 1], "texture": "#5"},
				"east": {"uv": [12, 0, 4, 1], "texture": "#5"},
				"south": {"uv": [4, 0, 12, 1], "texture": "#5"},
				"west": {"uv": [4, 0, 12, 1], "texture": "#5"},
				"up": {"uv": [12, 0, 4, 1], "rotation": 270, "texture": "#5"}
			}
		},
		{
			"name": "pitcher_crop_bottom_stage_4_1",
			"from": [5, 9, 5],
			"to": [11, 10, 11],
			"rotation": {"angle": 0, "axis": "y", "origin": [8, 6.75, 8]},
			"faces": {
				"north": {"uv": [5, 1, 11, 2], "texture": "#5"},
				"east": {"uv": [11, 1, 5, 2], "texture": "#5"},
				"south": {"uv": [5, 1, 11, 2], "texture": "#5"},
				"west": {"uv": [5, 1, 11, 2], "texture": "#5"},
				"up": {"uv": [11, 1, 5, 2], "rotation": 270, "texture": "#5"}
			}
		},
		{
			"name": "pitcher_crop_bottom_stage_4_8",
			"from": [7.75, 8, 0],
			"to": [8.25, 9, 1],
			"rotation": {"angle": 45, "axis": "y", "origin": [8, 6.75, 8]},
			"faces": {
				"north": {"uv": [1, 2, 0, 3], "texture": "#5"},
				"east": {"uv": [1, 2, 0, 3], "texture": "#5"},
				"south": {"uv": [1, 2, 0, 3], "texture": "#5"},
				"west": {"uv": [0, 2, 1, 3], "texture": "#5"},
				"up": {"uv": [1, 2, 0, 3], "rotation": 270, "texture": "#5"},
				"down": {"uv": [1, 2, 0, 3], "rotation": 90, "texture": "#5"}
			}
		},
		{
			"name": "pitcher_crop_bottom_stage_4_9",
			"from": [7.75, 7, 1],
			"to": [8.25, 9, 2],
			"rotation": {"angle": 45, "axis": "y", "origin": [8, 6.75, 8]},
			"faces": {
				"north": {"uv": [2, 2, 1, 4], "texture": "#5"},
				"east": {"uv": [2, 2, 1, 4], "texture": "#5"},
				"south": {"uv": [2, 2, 1, 4], "texture": "#5"},
				"west": {"uv": [1, 2, 2, 4], "texture": "#5"},
				"up": {"uv": [2, 2, 1, 3], "rotation": 270, "texture": "#5"},
				"down": {"uv": [2, 3, 1, 4], "rotation": 90, "texture": "#5"}
			}
		},
		{
			"name": "pitcher_crop_bottom_stage_4_10",
			"from": [7.75, 7, 2],
			"to": [8.25, 9, 3],
			"rotation": {"angle": 45, "axis": "y", "origin": [8, 6.75, 8]},
			"faces": {
				"north": {"uv": [3, 2, 2, 4], "texture": "#5"},
				"east": {"uv": [3, 2, 2, 4], "texture": "#5"},
				"south": {"uv": [3, 2, 2, 4], "texture": "#5"},
				"west": {"uv": [2, 2, 3, 4], "texture": "#5"},
				"up": {"uv": [3, 2, 2, 3], "rotation": 270, "texture": "#5"},
				"down": {"uv": [3, 3, 2, 4], "rotation": 90, "texture": "#5"}
			}
		},
		{
			"name": "pitcher_crop_bottom_stage_4_11",
			"from": [7.75, 7, 13],
			"to": [8.25, 9, 14],
			"rotation": {"angle": 45, "axis": "y", "origin": [8, 6.75, 8]},
			"faces": {
				"north": {"uv": [14, 2, 13, 4], "texture": "#5"},
				"east": {"uv": [14, 2, 13, 4], "texture": "#5"},
				"south": {"uv": [14, 2, 13, 4], "texture": "#5"},
				"west": {"uv": [13, 2, 14, 4], "texture": "#5"},
				"up": {"uv": [14, 2, 13, 3], "rotation": 270, "texture": "#5"},
				"down": {"uv": [14, 3, 13, 4], "rotation": 90, "texture": "#5"}
			}
		},
		{
			"name": "pitcher_crop_bottom_stage_4_12",
			"from": [7.75, 8, 14],
			"to": [8.25, 9, 15],
			"rotation": {"angle": 45, "axis": "y", "origin": [8, 6.75, 8]},
			"faces": {
				"north": {"uv": [15, 2, 14, 3], "texture": "#5"},
				"east": {"uv": [15, 2, 14, 3], "texture": "#5"},
				"south": {"uv": [15, 2, 14, 3], "texture": "#5"},
				"west": {"uv": [14, 2, 15, 3], "texture": "#5"},
				"up": {"uv": [15, 2, 14, 3], "rotation": 270, "texture": "#5"},
				"down": {"uv": [15, 2, 14, 3], "rotation": 90, "texture": "#5"}
			}
		},
		{
			"name": "pitcher_crop_bottom_stage_4_13",
			"from": [7.75, 8, 15],
			"to": [8.25, 9, 16],
			"rotation": {"angle": 45, "axis": "y", "origin": [8, 6.75, 8]},
			"faces": {
				"north": {"uv": [16, 2, 15, 3], "texture": "#5"},
				"east": {"uv": [16, 2, 15, 3], "texture": "#5"},
				"south": {"uv": [16, 2, 15, 3], "texture": "#5"},
				"west": {"uv": [15, 2, 16, 3], "texture": "#5"},
				"up": {"uv": [16, 2, 15, 3], "rotation": 270, "texture": "#5"},
				"down": {"uv": [16, 2, 15, 3], "rotation": 90, "texture": "#5"}
			}
		},
		{
			"name": "pitcher_crop_bottom_stage_4_14",
			"from": [7.75, 6, 3],
			"to": [8.25, 8, 4],
			"rotation": {"angle": 45, "axis": "y", "origin": [8, 6.75, 8]},
			"faces": {
				"north": {"uv": [4, 3, 3, 5], "texture": "#5"},
				"east": {"uv": [4, 3, 3, 5], "texture": "#5"},
				"south": {"uv": [4, 3, 3, 5], "texture": "#5"},
				"west": {"uv": [3, 3, 4, 5], "texture": "#5"},
				"up": {"uv": [4, 3, 3, 4], "rotation": 270, "texture": "#5"},
				"down": {"uv": [4, 4, 3, 5], "rotation": 90, "texture": "#5"}
			}
		},
		{
			"name": "pitcher_crop_bottom_stage_4_15",
			"from": [7.75, 6, 4],
			"to": [8.25, 8, 5],
			"rotation": {"angle": 45, "axis": "y", "origin": [8, 6.75, 8]},
			"faces": {
				"north": {"uv": [5, 3, 4, 5], "texture": "#5"},
				"east": {"uv": [5, 3, 4, 5], "texture": "#5"},
				"south": {"uv": [5, 3, 4, 5], "texture": "#5"},
				"west": {"uv": [4, 3, 5, 5], "texture": "#5"},
				"up": {"uv": [5, 3, 4, 4], "rotation": 270, "texture": "#5"},
				"down": {"uv": [5, 4, 4, 5], "rotation": 90, "texture": "#5"}
			}
		},
		{
			"name": "pitcher_crop_bottom_stage_4_16",
			"from": [7.75, 6, 11],
			"to": [8.25, 8, 12],
			"rotation": {"angle": 45, "axis": "y", "origin": [8, 6.75, 8]},
			"faces": {
				"north": {"uv": [12, 3, 11, 5], "texture": "#5"},
				"east": {"uv": [12, 3, 11, 5], "texture": "#5"},
				"south": {"uv": [12, 3, 11, 5], "texture": "#5"},
				"west": {"uv": [11, 3, 12, 5], "texture": "#5"},
				"up": {"uv": [12, 3, 11, 4], "rotation": 270, "texture": "#5"},
				"down": {"uv": [12, 4, 11, 5], "rotation": 90, "texture": "#5"}
			}
		},
		{
			"name": "pitcher_crop_bottom_stage_4_17",
			"from": [7.75, 7, 12],
			"to": [8.25, 8, 13],
			"rotation": {"angle": 45, "axis": "y", "origin": [8, 6.75, 8]},
			"faces": {
				"north": {"uv": [13, 3, 12, 4], "texture": "#5"},
				"east": {"uv": [13, 3, 12, 4], "texture": "#5"},
				"south": {"uv": [13, 3, 12, 4], "texture": "#5"},
				"west": {"uv": [12, 3, 13, 4], "texture": "#5"},
				"up": {"uv": [13, 3, 12, 4], "rotation": 270, "texture": "#5"},
				"down": {"uv": [13, 3, 12, 4], "rotation": 90, "texture": "#5"}
			}
		},
		{
			"name": "pitcher_crop_bottom_stage_4_18",
			"from": [7.75, 5, 5],
			"to": [8.25, 7, 6],
			"rotation": {"angle": 45, "axis": "y", "origin": [8, 6.75, 8]},
			"faces": {
				"north": {"uv": [6, 4, 5, 6], "texture": "#5"},
				"east": {"uv": [6, 4, 5, 6], "texture": "#5"},
				"south": {"uv": [6, 4, 5, 6], "texture": "#5"},
				"west": {"uv": [5, 4, 6, 6], "texture": "#5"},
				"up": {"uv": [6, 4, 5, 5], "rotation": 270, "texture": "#5"},
				"down": {"uv": [6, 5, 5, 6], "rotation": 90, "texture": "#5"}
			}
		},
		{
			"name": "pitcher_crop_bottom_stage_4_19",
			"from": [7.75, 1, 6],
			"to": [8.25, 7, 7],
			"rotation": {"angle": 45, "axis": "y", "origin": [8, 6.75, 8]},
			"faces": {
				"north": {"uv": [7, 4, 6, 10], "texture": "#5"},
				"east": {"uv": [7, 4, 6, 10], "texture": "#5"},
				"south": {"uv": [7, 4, 6, 10], "texture": "#5"},
				"west": {"uv": [6, 4, 7, 10], "texture": "#5"},
				"up": {"uv": [7, 4, 6, 5], "rotation": 270, "texture": "#5"},
				"down": {"uv": [7, 9, 6, 10], "rotation": 90, "texture": "#5"}
			}
		},
		{
			"name": "pitcher_crop_bottom_stage_4_20",
			"from": [7.75, 1, 9],
			"to": [8.25, 7, 10],
			"rotation": {"angle": 45, "axis": "y", "origin": [8, 6.75, 8]},
			"faces": {
				"north": {"uv": [10, 4, 9, 10], "texture": "#5"},
				"east": {"uv": [10, 4, 9, 10], "texture": "#5"},
				"south": {"uv": [10, 4, 9, 10], "texture": "#5"},
				"west": {"uv": [9, 4, 10, 10], "texture": "#5"},
				"up": {"uv": [10, 4, 9, 5], "rotation": 270, "texture": "#5"},
				"down": {"uv": [10, 9, 9, 10], "rotation": 90, "texture": "#5"}
			}
		},
		{
			"name": "pitcher_crop_bottom_stage_4_21",
			"from": [7.75, 2, 10],
			"to": [8.25, 7, 11],
			"rotation": {"angle": 45, "axis": "y", "origin": [8, 6.75, 8]},
			"faces": {
				"north": {"uv": [11, 4, 10, 9], "texture": "#5"},
				"east": {"uv": [11, 4, 10, 9], "texture": "#5"},
				"south": {"uv": [11, 4, 10, 9], "texture": "#5"},
				"west": {"uv": [10, 4, 11, 9], "texture": "#5"},
				"up": {"uv": [11, 4, 10, 5], "rotation": 270, "texture": "#5"},
				"down": {"uv": [11, 8, 10, 9], "rotation": 90, "texture": "#5"}
			}
		},
		{
			"name": "pitcher_crop_bottom_stage_4_22",
			"from": [7.75, 5, 1],
			"to": [8.25, 6, 2],
			"rotation": {"angle": 45, "axis": "y", "origin": [8, 6.75, 8]},
			"faces": {
				"north": {"uv": [2, 5, 1, 6], "texture": "#5"},
				"east": {"uv": [2, 5, 1, 6], "texture": "#5"},
				"south": {"uv": [2, 5, 1, 6], "texture": "#5"},
				"west": {"uv": [1, 5, 2, 6], "texture": "#5"},
				"up": {"uv": [2, 5, 1, 6], "rotation": 270, "texture": "#5"},
				"down": {"uv": [2, 5, 1, 6], "rotation": 90, "texture": "#5"}
			}
		},
		{
			"name": "pitcher_crop_bottom_stage_4_23",
			"from": [7.75, 4, 2],
			"to": [8.25, 6, 3],
			"rotation": {"angle": 45, "axis": "y", "origin": [8, 6.75, 8]},
			"faces": {
				"north": {"uv": [3, 5, 2, 7], "texture": "#5"},
				"east": {"uv": [3, 5, 2, 7], "texture": "#5"},
				"south": {"uv": [3, 5, 2, 7], "texture": "#5"},
				"west": {"uv": [2, 5, 3, 7], "texture": "#5"},
				"up": {"uv": [3, 5, 2, 6], "rotation": 270, "texture": "#5"},
				"down": {"uv": [3, 6, 2, 7], "rotation": 90, "texture": "#5"}
			}
		},
		{
			"name": "pitcher_crop_bottom_stage_4_24",
			"from": [7.75, 4, 12],
			"to": [8.25, 6, 13],
			"rotation": {"angle": 45, "axis": "y", "origin": [8, 6.75, 8]},
			"faces": {
				"north": {"uv": [13, 5, 12, 7], "texture": "#5"},
				"east": {"uv": [13, 5, 12, 7], "texture": "#5"},
				"south": {"uv": [13, 5, 12, 7], "texture": "#5"},
				"west": {"uv": [12, 5, 13, 7], "texture": "#5"},
				"up": {"uv": [13, 5, 12, 6], "rotation": 270, "texture": "#5"},
				"down": {"uv": [13, 6, 12, 7], "rotation": 90, "texture": "#5"}
			}
		},
		{
			"name": "pitcher_crop_bottom_stage_4_25",
			"from": [7.75, 5, 13],
			"to": [8.25, 6, 14],
			"rotation": {"angle": 45, "axis": "y", "origin": [8, 6.75, 8]},
			"faces": {
				"north": {"uv": [14, 5, 13, 6], "texture": "#5"},
				"east": {"uv": [14, 5, 13, 6], "texture": "#5"},
				"south": {"uv": [14, 5, 13, 6], "texture": "#5"},
				"west": {"uv": [13, 5, 14, 6], "texture": "#5"},
				"up": {"uv": [14, 5, 13, 6], "rotation": 270, "texture": "#5"},
				"down": {"uv": [14, 5, 13, 6], "rotation": 90, "texture": "#5"}
			}
		},
		{
			"name": "pitcher_crop_bottom_stage_4_26",
			"from": [7.75, 5, 14],
			"to": [8.25, 6, 15],
			"rotation": {"angle": 45, "axis": "y", "origin": [8, 6.75, 8]},
			"faces": {
				"north": {"uv": [15, 5, 14, 6], "texture": "#5"},
				"east": {"uv": [15, 5, 14, 6], "texture": "#5"},
				"south": {"uv": [15, 5, 14, 6], "texture": "#5"},
				"west": {"uv": [14, 5, 15, 6], "texture": "#5"},
				"up": {"uv": [15, 5, 14, 6], "rotation": 270, "texture": "#5"},
				"down": {"uv": [15, 5, 14, 6], "rotation": 90, "texture": "#5"}
			}
		},
		{
			"name": "pitcher_crop_bottom_stage_4_27",
			"from": [7.75, 3, 3],
			"to": [8.25, 5, 4],
			"rotation": {"angle": 45, "axis": "y", "origin": [8, 6.75, 8]},
			"faces": {
				"north": {"uv": [4, 6, 3, 8], "texture": "#5"},
				"east": {"uv": [4, 6, 3, 8], "texture": "#5"},
				"south": {"uv": [4, 6, 3, 8], "texture": "#5"},
				"west": {"uv": [3, 6, 4, 8], "texture": "#5"},
				"up": {"uv": [4, 6, 3, 7], "rotation": 270, "texture": "#5"},
				"down": {"uv": [4, 7, 3, 8], "rotation": 90, "texture": "#5"}
			}
		},
		{
			"name": "pitcher_crop_bottom_stage_4_28",
			"from": [7.75, 3, 4],
			"to": [8.25, 5, 5],
			"rotation": {"angle": 45, "axis": "y", "origin": [8, 6.75, 8]},
			"faces": {
				"north": {"uv": [5, 6, 4, 8], "texture": "#5"},
				"east": {"uv": [5, 6, 4, 8], "texture": "#5"},
				"south": {"uv": [5, 6, 4, 8], "texture": "#5"},
				"west": {"uv": [4, 6, 5, 8], "texture": "#5"},
				"up": {"uv": [5, 6, 4, 7], "rotation": 270, "texture": "#5"},
				"down": {"uv": [5, 7, 4, 8], "rotation": 90, "texture": "#5"}
			}
		},
		{
			"name": "pitcher_crop_bottom_stage_4_29",
			"from": [7.75, 3, 11],
			"to": [8.25, 5, 12],
			"rotation": {"angle": 45, "axis": "y", "origin": [8, 6.75, 8]},
			"faces": {
				"north": {"uv": [12, 6, 11, 8], "texture": "#5"},
				"east": {"uv": [12, 6, 11, 8], "texture": "#5"},
				"south": {"uv": [12, 6, 11, 8], "texture": "#5"},
				"west": {"uv": [11, 6, 12, 8], "texture": "#5"},
				"up": {"uv": [12, 6, 11, 7], "rotation": 270, "texture": "#5"},
				"down": {"uv": [12, 7, 11, 8], "rotation": 90, "texture": "#5"}
			}
		},
		{
			"name": "pitcher_crop_bottom_stage_4_30",
			"from": [7.75, 2, 5],
			"to": [8.25, 4, 6],
			"rotation": {"angle": 45, "axis": "y", "origin": [8, 6.75, 8]},
			"faces": {
				"north": {"uv": [6, 7, 5, 9], "texture": "#5"},
				"east": {"uv": [6, 7, 5, 9], "texture": "#5"},
				"south": {"uv": [6, 7, 5, 9], "texture": "#5"},
				"west": {"uv": [5, 7, 6, 9], "texture": "#5"},
				"up": {"uv": [6, 7, 5, 8], "rotation": 270, "texture": "#5"},
				"down": {"uv": [6, 8, 5, 9], "rotation": 90, "texture": "#5"}
			}
		},
		{
			"name": "pitcher_crop_bottom_stage_4_9",
			"from": [15, 8, 7.75],
			"to": [16, 9, 8.25],
			"rotation": {"angle": 45, "axis": "y", "origin": [8, 6.75, 8]},
			"faces": {
				"north": {"uv": [0, 2, 1, 3], "texture": "#5"},
				"east": {"uv": [0, 2, 1, 3], "texture": "#5"},
				"south": {"uv": [1, 2, 0, 3], "texture": "#5"},
				"west": {"uv": [0, 2, 1, 3], "texture": "#5"},
				"up": {"uv": [1, 3, 0, 2], "texture": "#5"},
				"down": {"uv": [1, 3, 0, 2], "texture": "#5"}
			}
		},
		{
			"name": "pitcher_crop_bottom_stage_4_10",
			"from": [14, 7, 7.75],
			"to": [15, 9, 8.25],
			"rotation": {"angle": 45, "axis": "y", "origin": [8, 6.75, 8]},
			"faces": {
				"north": {"uv": [1, 2, 2, 4], "texture": "#5"},
				"east": {"uv": [1, 2, 2, 4], "texture": "#5"},
				"south": {"uv": [2, 2, 1, 4], "texture": "#5"},
				"west": {"uv": [1, 2, 2, 4], "texture": "#5"},
				"up": {"uv": [2, 3, 1, 2], "texture": "#5"},
				"down": {"uv": [2, 4, 1, 3], "texture": "#5"}
			}
		},
		{
			"name": "pitcher_crop_bottom_stage_4_11",
			"from": [13, 7, 7.75],
			"to": [14, 9, 8.25],
			"rotation": {"angle": 45, "axis": "y", "origin": [8, 6.75, 8]},
			"faces": {
				"north": {"uv": [2, 2, 3, 4], "texture": "#5"},
				"east": {"uv": [2, 2, 3, 4], "texture": "#5"},
				"south": {"uv": [3, 2, 2, 4], "texture": "#5"},
				"west": {"uv": [2, 2, 3, 4], "texture": "#5"},
				"up": {"uv": [3, 3, 2, 2], "texture": "#5"},
				"down": {"uv": [3, 4, 2, 3], "texture": "#5"}
			}
		},
		{
			"name": "pitcher_crop_bottom_stage_4_12",
			"from": [2, 7, 7.75],
			"to": [3, 9, 8.25],
			"rotation": {"angle": 45, "axis": "y", "origin": [8, 6.75, 8]},
			"faces": {
				"north": {"uv": [13, 2, 14, 4], "texture": "#5"},
				"east": {"uv": [13, 2, 14, 4], "texture": "#5"},
				"south": {"uv": [14, 2, 13, 4], "texture": "#5"},
				"west": {"uv": [13, 2, 14, 4], "texture": "#5"},
				"up": {"uv": [14, 3, 13, 2], "texture": "#5"},
				"down": {"uv": [14, 4, 13, 3], "texture": "#5"}
			}
		},
		{
			"name": "pitcher_crop_bottom_stage_4_13",
			"from": [1, 8, 7.75],
			"to": [2, 9, 8.25],
			"rotation": {"angle": 45, "axis": "y", "origin": [8, 6.75, 8]},
			"faces": {
				"north": {"uv": [14, 2, 15, 3], "texture": "#5"},
				"east": {"uv": [14, 2, 15, 3], "texture": "#5"},
				"south": {"uv": [15, 2, 14, 3], "texture": "#5"},
				"west": {"uv": [14, 2, 15, 3], "texture": "#5"},
				"up": {"uv": [15, 3, 14, 2], "texture": "#5"},
				"down": {"uv": [15, 3, 14, 2], "texture": "#5"}
			}
		},
		{
			"name": "pitcher_crop_bottom_stage_4_14",
			"from": [0, 8, 7.75],
			"to": [1, 9, 8.25],
			"rotation": {"angle": 45, "axis": "y", "origin": [8, 6.75, 8]},
			"faces": {
				"north": {"uv": [15, 2, 16, 3], "texture": "#5"},
				"east": {"uv": [15, 2, 16, 3], "texture": "#5"},
				"south": {"uv": [16, 2, 15, 3], "texture": "#5"},
				"west": {"uv": [15, 2, 16, 3], "texture": "#5"},
				"up": {"uv": [16, 3, 15, 2], "texture": "#5"},
				"down": {"uv": [16, 3, 15, 2], "texture": "#5"}
			}
		},
		{
			"name": "pitcher_crop_bottom_stage_4_15",
			"from": [12, 6, 7.75],
			"to": [13, 8, 8.25],
			"rotation": {"angle": 45, "axis": "y", "origin": [8, 6.75, 8]},
			"faces": {
				"north": {"uv": [3, 3, 4, 5], "texture": "#5"},
				"east": {"uv": [3, 3, 4, 5], "texture": "#5"},
				"south": {"uv": [4, 3, 3, 5], "texture": "#5"},
				"west": {"uv": [3, 3, 4, 5], "texture": "#5"},
				"up": {"uv": [4, 4, 3, 3], "texture": "#5"},
				"down": {"uv": [4, 5, 3, 4], "texture": "#5"}
			}
		},
		{
			"name": "pitcher_crop_bottom_stage_4_16",
			"from": [11, 6, 7.75],
			"to": [12, 8, 8.25],
			"rotation": {"angle": 45, "axis": "y", "origin": [8, 6.75, 8]},
			"faces": {
				"north": {"uv": [4, 3, 5, 5], "texture": "#5"},
				"east": {"uv": [4, 3, 5, 5], "texture": "#5"},
				"south": {"uv": [5, 3, 4, 5], "texture": "#5"},
				"west": {"uv": [4, 3, 5, 5], "texture": "#5"},
				"up": {"uv": [5, 4, 4, 3], "texture": "#5"},
				"down": {"uv": [5, 5, 4, 4], "texture": "#5"}
			}
		},
		{
			"name": "pitcher_crop_bottom_stage_4_17",
			"from": [4, 6, 7.75],
			"to": [5, 8, 8.25],
			"rotation": {"angle": 45, "axis": "y", "origin": [8, 6.75, 8]},
			"faces": {
				"north": {"uv": [11, 3, 12, 5], "texture": "#5"},
				"east": {"uv": [11, 3, 12, 5], "texture": "#5"},
				"south": {"uv": [12, 3, 11, 5], "texture": "#5"},
				"west": {"uv": [11, 3, 12, 5], "texture": "#5"},
				"up": {"uv": [12, 4, 11, 3], "texture": "#5"},
				"down": {"uv": [12, 5, 11, 4], "texture": "#5"}
			}
		},
		{
			"name": "pitcher_crop_bottom_stage_4_18",
			"from": [3, 7, 7.75],
			"to": [4, 8, 8.25],
			"rotation": {"angle": 45, "axis": "y", "origin": [8, 6.75, 8]},
			"faces": {
				"north": {"uv": [12, 3, 13, 4], "texture": "#5"},
				"east": {"uv": [12, 3, 13, 4], "texture": "#5"},
				"south": {"uv": [13, 3, 12, 4], "texture": "#5"},
				"west": {"uv": [12, 3, 13, 4], "texture": "#5"},
				"up": {"uv": [13, 4, 12, 3], "texture": "#5"},
				"down": {"uv": [13, 4, 12, 3], "texture": "#5"}
			}
		},
		{
			"name": "pitcher_crop_bottom_stage_4_19",
			"from": [10, 5, 7.75],
			"to": [11, 7, 8.25],
			"rotation": {"angle": 45, "axis": "y", "origin": [8, 6.75, 8]},
			"faces": {
				"north": {"uv": [5, 4, 6, 6], "texture": "#5"},
				"east": {"uv": [5, 4, 6, 6], "texture": "#5"},
				"south": {"uv": [6, 4, 5, 6], "texture": "#5"},
				"west": {"uv": [5, 4, 6, 6], "texture": "#5"},
				"up": {"uv": [6, 5, 5, 4], "texture": "#5"},
				"down": {"uv": [6, 6, 5, 5], "texture": "#5"}
			}
		},
		{
			"name": "pitcher_crop_bottom_stage_4_20",
			"from": [9, 1, 7.75],
			"to": [10, 7, 8.25],
			"rotation": {"angle": 45, "axis": "y", "origin": [8, 6.75, 8]},
			"faces": {
				"north": {"uv": [6, 4, 7, 10], "texture": "#5"},
				"east": {"uv": [6, 4, 7, 10], "texture": "#5"},
				"south": {"uv": [7, 4, 6, 10], "texture": "#5"},
				"west": {"uv": [6, 4, 7, 10], "texture": "#5"},
				"up": {"uv": [7, 5, 6, 4], "texture": "#5"},
				"down": {"uv": [7, 10, 6, 9], "texture": "#5"}
			}
		},
		{
			"name": "pitcher_crop_bottom_stage_4_21",
			"from": [6, 1, 7.75],
			"to": [7, 7, 8.25],
			"rotation": {"angle": 45, "axis": "y", "origin": [8, 6.75, 8]},
			"faces": {
				"north": {"uv": [9, 4, 10, 10], "texture": "#5"},
				"east": {"uv": [9, 4, 10, 10], "texture": "#5"},
				"south": {"uv": [10, 4, 9, 10], "texture": "#5"},
				"west": {"uv": [9, 4, 10, 10], "texture": "#5"},
				"up": {"uv": [10, 5, 9, 4], "texture": "#5"},
				"down": {"uv": [10, 10, 9, 9], "texture": "#5"}
			}
		},
		{
			"name": "pitcher_crop_bottom_stage_4_22",
			"from": [5, 2, 7.75],
			"to": [6, 7, 8.25],
			"rotation": {"angle": 45, "axis": "y", "origin": [8, 6.75, 8]},
			"faces": {
				"north": {"uv": [10, 4, 11, 9], "texture": "#5"},
				"east": {"uv": [10, 4, 11, 9], "texture": "#5"},
				"south": {"uv": [11, 4, 10, 9], "texture": "#5"},
				"west": {"uv": [10, 4, 11, 9], "texture": "#5"},
				"up": {"uv": [11, 5, 10, 4], "texture": "#5"},
				"down": {"uv": [11, 9, 10, 8], "texture": "#5"}
			}
		},
		{
			"name": "pitcher_crop_bottom_stage_4_23",
			"from": [14, 5, 7.75],
			"to": [15, 6, 8.25],
			"rotation": {"angle": 45, "axis": "y", "origin": [8, 6.75, 8]},
			"faces": {
				"north": {"uv": [1, 5, 2, 6], "texture": "#5"},
				"east": {"uv": [1, 5, 2, 6], "texture": "#5"},
				"south": {"uv": [2, 5, 1, 6], "texture": "#5"},
				"west": {"uv": [1, 5, 2, 6], "texture": "#5"},
				"up": {"uv": [2, 6, 1, 5], "texture": "#5"},
				"down": {"uv": [2, 6, 1, 5], "texture": "#5"}
			}
		},
		{
			"name": "pitcher_crop_bottom_stage_4_24",
			"from": [13, 4, 7.75],
			"to": [14, 6, 8.25],
			"rotation": {"angle": 45, "axis": "y", "origin": [8, 6.75, 8]},
			"faces": {
				"north": {"uv": [2, 5, 3, 7], "texture": "#5"},
				"east": {"uv": [2, 5, 3, 7], "texture": "#5"},
				"south": {"uv": [3, 5, 2, 7], "texture": "#5"},
				"west": {"uv": [2, 5, 3, 7], "texture": "#5"},
				"up": {"uv": [3, 6, 2, 5], "texture": "#5"},
				"down": {"uv": [3, 7, 2, 6], "texture": "#5"}
			}
		},
		{
			"name": "pitcher_crop_bottom_stage_4_25",
			"from": [3, 4, 7.75],
			"to": [4, 6, 8.25],
			"rotation": {"angle": 45, "axis": "y", "origin": [8, 6.75, 8]},
			"faces": {
				"north": {"uv": [12, 5, 13, 7], "texture": "#5"},
				"east": {"uv": [12, 5, 13, 7], "texture": "#5"},
				"south": {"uv": [13, 5, 12, 7], "texture": "#5"},
				"west": {"uv": [12, 5, 13, 7], "texture": "#5"},
				"up": {"uv": [13, 6, 12, 5], "texture": "#5"},
				"down": {"uv": [13, 7, 12, 6], "texture": "#5"}
			}
		},
		{
			"name": "pitcher_crop_bottom_stage_4_26",
			"from": [2, 5, 7.75],
			"to": [3, 6, 8.25],
			"rotation": {"angle": 45, "axis": "y", "origin": [8, 6.75, 8]},
			"faces": {
				"north": {"uv": [13, 5, 14, 6], "texture": "#5"},
				"east": {"uv": [13, 5, 14, 6], "texture": "#5"},
				"south": {"uv": [14, 5, 13, 6], "texture": "#5"},
				"west": {"uv": [13, 5, 14, 6], "texture": "#5"},
				"up": {"uv": [14, 6, 13, 5], "texture": "#5"},
				"down": {"uv": [14, 6, 13, 5], "texture": "#5"}
			}
		},
		{
			"name": "pitcher_crop_bottom_stage_4_27",
			"from": [1, 5, 7.75],
			"to": [2, 6, 8.25],
			"rotation": {"angle": 45, "axis": "y", "origin": [8, 6.75, 8]},
			"faces": {
				"north": {"uv": [14, 5, 15, 6], "texture": "#5"},
				"east": {"uv": [14, 5, 15, 6], "texture": "#5"},
				"south": {"uv": [15, 5, 14, 6], "texture": "#5"},
				"west": {"uv": [14, 5, 15, 6], "texture": "#5"},
				"up": {"uv": [15, 6, 14, 5], "texture": "#5"},
				"down": {"uv": [15, 6, 14, 5], "texture": "#5"}
			}
		},
		{
			"name": "pitcher_crop_bottom_stage_4_28",
			"from": [12, 3, 7.75],
			"to": [13, 5, 8.25],
			"rotation": {"angle": 45, "axis": "y", "origin": [8, 6.75, 8]},
			"faces": {
				"north": {"uv": [3, 6, 4, 8], "texture": "#5"},
				"east": {"uv": [3, 6, 4, 8], "texture": "#5"},
				"south": {"uv": [4, 6, 3, 8], "texture": "#5"},
				"west": {"uv": [3, 6, 4, 8], "texture": "#5"},
				"up": {"uv": [4, 7, 3, 6], "texture": "#5"},
				"down": {"uv": [4, 8, 3, 7], "texture": "#5"}
			}
		},
		{
			"name": "pitcher_crop_bottom_stage_4_29",
			"from": [11, 3, 7.75],
			"to": [12, 5, 8.25],
			"rotation": {"angle": 45, "axis": "y", "origin": [8, 6.75, 8]},
			"faces": {
				"north": {"uv": [4, 6, 5, 8], "texture": "#5"},
				"east": {"uv": [4, 6, 5, 8], "texture": "#5"},
				"south": {"uv": [5, 6, 4, 8], "texture": "#5"},
				"west": {"uv": [4, 6, 5, 8], "texture": "#5"},
				"up": {"uv": [5, 7, 4, 6], "texture": "#5"},
				"down": {"uv": [5, 8, 4, 7], "texture": "#5"}
			}
		},
		{
			"name": "pitcher_crop_bottom_stage_4_30",
			"from": [4, 3, 7.75],
			"to": [5, 5, 8.25],
			"rotation": {"angle": 45, "axis": "y", "origin": [8, 6.75, 8]},
			"faces": {
				"north": {"uv": [11, 6, 12, 8], "texture": "#5"},
				"east": {"uv": [11, 6, 12, 8], "texture": "#5"},
				"south": {"uv": [12, 6, 11, 8], "texture": "#5"},
				"west": {"uv": [11, 6, 12, 8], "texture": "#5"},
				"up": {"uv": [12, 7, 11, 6], "texture": "#5"},
				"down": {"uv": [12, 8, 11, 7], "texture": "#5"}
			}
		},
		{
			"name": "pitcher_crop_bottom_stage_4_31",
			"from": [10, 2, 7.75],
			"to": [11, 4, 8.25],
			"rotation": {"angle": 45, "axis": "y", "origin": [8, 6.75, 8]},
			"faces": {
				"north": {"uv": [5, 7, 6, 9], "texture": "#5"},
				"east": {"uv": [5, 7, 6, 9], "texture": "#5"},
				"south": {"uv": [6, 7, 5, 9], "texture": "#5"},
				"west": {"uv": [5, 7, 6, 9], "texture": "#5"},
				"up": {"uv": [6, 8, 5, 7], "texture": "#5"},
				"down": {"uv": [6, 9, 5, 8], "texture": "#5"}
			}
		},
		{
			"from": [7, 0, 7],
			"to": [9, 9, 9],
			"rotation": {"angle": 45, "axis": "y", "origin": [8, 6.75, 8]},
			"faces": {
				"north": {"uv": [9, 2, 7, 11], "texture": "#5"},
				"east": {"uv": [9, 2, 7, 11], "texture": "#5"},
				"south": {"uv": [9, 2, 7, 11], "texture": "#5"},
				"west": {"uv": [9, 2, 7, 11], "texture": "#5"},
				"up": {"uv": [9, 2, 7, 4], "rotation": 270, "texture": "#5"},
				"down": {"uv": [9, 9, 7, 11], "rotation": 90, "texture": "#5"}
			}
		},
		{
			"from": [4, 10, 4],
			"to": [5, 10, 12],
			"rotation": {"angle": 0, "axis": "y", "origin": [8, 6.75, 8]},
			"faces": {
				"north": {"uv": [5, 0, 4, 0], "texture": "#5"},
				"east": {"uv": [12, 0, 4, 0], "texture": "#5"},
				"south": {"uv": [5, 0, 4, 0], "texture": "#5"},
				"west": {"uv": [12, 0, 4, 0], "texture": "#5"},
				"up": {"uv": [12, 0, 4, 1], "rotation": 270, "texture": "#5"},
				"down": {"uv": [12, 0, 4, 1], "rotation": 90, "texture": "#5"}
			}
		},
		{
			"from": [11, 10, 4],
			"to": [12, 10, 12],
			"rotation": {"angle": 0, "axis": "y", "origin": [8, 6.75, 8]},
			"faces": {
				"north": {"uv": [5, 0, 4, 0], "texture": "#5"},
				"east": {"uv": [12, 0, 4, 0], "texture": "#5"},
				"south": {"uv": [5, 0, 4, 0], "texture": "#5"},
				"west": {"uv": [12, 0, 4, 0], "texture": "#5"},
				"up": {"uv": [12, 0, 4, 1], "rotation": 270, "texture": "#5"},
				"down": {"uv": [12, 0, 4, 1], "rotation": 90, "texture": "#5"}
			}
		},
		{
			"from": [5, 10, 11],
			"to": [11, 10, 12],
			"rotation": {"angle": 0, "axis": "y", "origin": [8, 6.75, 8]},
			"faces": {
				"down": {"uv": [11, 0, 5, 1], "rotation": 180, "texture": "#5"}
			}
		},
		{
			"from": [5, 10, 4],
			"to": [11, 10, 5],
			"rotation": {"angle": 0, "axis": "y", "origin": [8, 6.75, 8]},
			"faces": {
				"down": {"uv": [5, 0, 11, 1], "rotation": 180, "texture": "#5"}
			}
		},
		{
			"from": [5, 9, 5],
			"to": [11, 9, 6],
			"rotation": {"angle": 0, "axis": "y", "origin": [8, 6.75, 8]},
			"faces": {
				"down": {"uv": [5, 1, 11, 2], "rotation": 180, "texture": "#5"}
			}
		},
		{
			"from": [5, 9, 10],
			"to": [11, 9, 11],
			"rotation": {"angle": 0, "axis": "y", "origin": [8, 6.75, 8]},
			"faces": {
				"down": {"uv": [11, 1, 5, 2], "rotation": 180, "texture": "#5"}
			}
		},
		{
			"from": [10, 9, 6],
			"to": [11, 9, 10],
			"rotation": {"angle": 0, "axis": "y", "origin": [8, 6.75, 8]},
			"faces": {
				"down": {"uv": [10, 1, 6, 2], "rotation": 90, "texture": "#5"}
			}
		},
		{
			"from": [5, 9, 6],
			"to": [6, 9, 10],
			"rotation": {"angle": 0, "axis": "y", "origin": [8, 6.75, 8]},
			"faces": {
				"down": {"uv": [10, 1, 6, 2], "rotation": 90, "texture": "#5"}
			}
		},
		{
			"from": [6, 9, 6],
			"to": [8, 9, 10],
			"rotation": {"angle": 0, "axis": "y", "origin": [8, 6.75, 8]},
			"faces": {
				"down": {"uv": [6, 2, 10, 0], "rotation": 90, "texture": "#5"}
			}
		},
		{
			"from": [8, 9, 6],
			"to": [10, 9, 10],
			"rotation": {"angle": 0, "axis": "y", "origin": [8, 6.75, 8]},
			"faces": {
				"down": {"uv": [10, 0, 6, 2], "rotation": 90, "texture": "#5"}
			}
		}
	],
	"groups": [
		{
			"name": "pitcher_crop_bottom_stage_4",
			"origin": [8, 8, 8],
			"color": 0,
			"children": [0, 1]
		},
		{
			"name": "stem",
			"origin": [7, 0, 7],
			"color": 0,
			"children": [
				2,
				3,
				4,
				5,
				6,
				7,
				8,
				9,
				10,
				11,
				12,
				13,
				14,
				15,
				16,
				17,
				18,
				19,
				20,
				21,
				22,
				23,
				24,
				25,
				26,
				27,
				28,
				29,
				30,
				31,
				32,
				33,
				34,
				35,
				36,
				37,
				38,
				39,
				40,
				41,
				42,
				43,
				44,
				45,
				46,
				47,
				48
			]
		},
		49,
		50,
		51,
		52,
		53,
		54,
		55,
		56,
		57,
		58
	],
	"corangeit": "Made with Blockbench"
}