{
	"credit": "Made with Blockbench",
	"ambientocclusion": false,
	"textures": {
		"0": "block/brown_mushroom_model",
		"flowerpot": "block/flower_pot",
		"particle": "block/flower_pot",
		"dirt": "block/dirt"
	},
	"elements": [
		{
			"name": "stem",
			"from": [7, 3, 7],
			"to": [9, 9, 9],
			"faces": {
				"north": {"uv": [13, 3, 15, 9], "texture": "#0"},
				"east": {"uv": [9, 3, 11, 9], "texture": "#0"},
				"south": {"uv": [13, 3, 15, 9], "texture": "#0"},
				"west": {"uv": [9, 3, 11, 9], "texture": "#0"},
				"up": {"uv": [3, 11, 5, 13], "texture": "#0"},
				"down": {"uv": [3, 11, 5, 13], "texture": "#0"}
			}
		},
		{
			"name": "cap",
			"from": [4, 9, 4],
			"to": [12, 11, 12],
			"faces": {
				"north": {"uv": [8, 0, 16, 2], "texture": "#0"},
				"east": {"uv": [8, 0, 16, 2], "texture": "#0"},
				"south": {"uv": [8, 0, 16, 2], "texture": "#0"},
				"west": {"uv": [8, 0, 16, 2], "texture": "#0"},
				"up": {"uv": [0, 0, 8, 8], "texture": "#0"},
				"down": {"uv": [0, 8, 8, 16], "texture": "#0"}
			}
		},
		{
			"from": [5, 0, 5],
			"to": [6, 6, 11],
			"faces": {
				"north": {"uv": [10, 10, 11, 16], "texture": "#flowerpot"},
				"east": {"uv": [5, 10, 11, 16], "texture": "#flowerpot"},
				"south": {"uv": [5, 10, 6, 16], "texture": "#flowerpot"},
				"west": {"uv": [5, 10, 11, 16], "texture": "#flowerpot"},
				"up": {"uv": [5, 5, 6, 11], "texture": "#flowerpot"},
				"down": {"uv": [5, 5, 6, 11], "texture": "#flowerpot", "cullface": "down"}
			}
		},
		{
			"from": [10, 0, 5],
			"to": [11, 6, 11],
			"faces": {
				"north": {"uv": [5, 10, 6, 16], "texture": "#flowerpot"},
				"east": {"uv": [5, 10, 11, 16], "texture": "#flowerpot"},
				"south": {"uv": [10, 10, 11, 16], "texture": "#flowerpot"},
				"west": {"uv": [5, 10, 11, 16], "texture": "#flowerpot"},
				"up": {"uv": [10, 5, 11, 11], "texture": "#flowerpot"},
				"down": {"uv": [10, 5, 11, 11], "texture": "#flowerpot", "cullface": "down"}
			}
		},
		{
			"from": [6, 0, 5],
			"to": [10, 6, 6],
			"faces": {
				"north": {"uv": [6, 10, 10, 16], "texture": "#flowerpot"},
				"south": {"uv": [6, 10, 10, 16], "texture": "#flowerpot"},
				"up": {"uv": [6, 5, 10, 6], "texture": "#flowerpot"},
				"down": {"uv": [6, 10, 10, 11], "texture": "#flowerpot", "cullface": "down"}
			}
		},
		{
			"from": [6, 0, 10],
			"to": [10, 6, 11],
			"faces": {
				"north": {"uv": [6, 10, 10, 16], "texture": "#flowerpot"},
				"south": {"uv": [6, 10, 10, 16], "texture": "#flowerpot"},
				"up": {"uv": [6, 10, 10, 11], "texture": "#flowerpot"},
				"down": {"uv": [6, 5, 10, 6], "texture": "#flowerpot", "cullface": "down"}
			}
		},
		{
			"from": [6, 0, 6],
			"to": [10, 4, 10],
			"faces": {
				"up": {"uv": [6, 6, 10, 10], "texture": "#dirt"},
				"down": {"uv": [6, 6, 10, 10], "texture": "#flowerpot", "cullface": "down"}
			}
		}
	],
	"groups": [0, 1,
		{
			"name": "flower_pot",
			"children": [2, 3, 4, 5, 6]
		}
	]
}