{
	"credit": "Made with Blockbench",
	"textures": {
		"0": "block/red_mushroom_model",
		"particle": "block/red_mushroom_model"
	},
	"elements": [
		{
			"name": "stem",
			"from": [7, 0, 7],
			"to": [9, 3, 9],
			"faces": {
				"north": {"uv": [14, 0, 16, 3], "texture": "#0"},
				"east": {"uv": [14, 4, 16, 7], "texture": "#0"},
				"south": {"uv": [14, 0, 16, 3], "texture": "#0"},
				"west": {"uv": [14, 4, 16, 7], "texture": "#0"},
				"up": {"uv": [2, 9, 4, 11], "texture": "#0"},
				"down": {"uv": [2, 9, 4, 11], "texture": "#0"}
			}
		},
		{
			"name": "cap",
			"from": [5, 3, 5],
			"to": [11, 6, 11],
			"faces": {
				"north": {"uv": [7, 0, 13, 3], "texture": "#0"},
				"east": {"uv": [7, 12, 13, 15], "texture": "#0"},
				"south": {"uv": [7, 4, 13, 7], "texture": "#0"},
				"west": {"uv": [7, 8, 13, 11], "texture": "#0"},
				"up": {"uv": [0, 0, 6, 6], "texture": "#0"},
				"down": {"uv": [0, 7, 6, 13], "texture": "#0"}
			}
		}
	]
}