{
	"credit": "Made with Blockbench",
	"textures": {
		"0": "block/warped_fungus_model",
		"particle": "block/warped_fungus_model"
	},
	"elements": [
		{
			"from": [1, 2, 1],
			"to": [9, 5, 9],
			"rotation": {"angle": 0, "axis": "y", "origin": [6, 8, 9]},
			"faces": {
				"north": {"uv": [8, 0, 12, 1.5], "texture": "#0"},
				"east": {"uv": [8, 4.5, 12, 6], "texture": "#0"},
				"south": {"uv": [8, 1.5, 12, 3], "texture": "#0"},
				"west": {"uv": [8, 3, 12, 4.5], "texture": "#0"},
				"up": {"uv": [12, 0, 16, 4], "texture": "#0"},
				"down": {"uv": [12, 4, 16, 8], "texture": "#0"}
			}
		},
		{
			"from": [7, 7, 7],
			"to": [15, 10, 15],
			"rotation": {"angle": 0, "axis": "y", "origin": [12, 8, 15]},
			"faces": {
				"north": {"uv": [8, 0, 12, 1.5], "texture": "#0"},
				"east": {"uv": [8, 4.5, 12, 6], "texture": "#0"},
				"south": {"uv": [8, 1.5, 12, 3], "texture": "#0"},
				"west": {"uv": [8, 3, 12, 4.5], "texture": "#0"},
				"up": {"uv": [12, 0, 16, 4], "texture": "#0"},
				"down": {"uv": [12, 4, 16, 8], "texture": "#0"}
			}
		},
		{
			"from": [4, 0, 4],
			"to": [6, 2, 6],
			"rotation": {"angle": 0, "axis": "y", "origin": [6, 8, 9]},
			"faces": {
				"north": {"uv": [6, 0, 7, 1], "texture": "#0"},
				"east": {"uv": [6, 2.5, 7, 3.5], "texture": "#0"},
				"south": {"uv": [7, 0, 8, 1], "texture": "#0"},
				"west": {"uv": [7, 2.5, 8, 3.5], "texture": "#0"},
				"up": {"uv": [6, 0, 7, 1], "texture": "#0"},
				"down": {"uv": [6, 0, 7, 1], "texture": "#0"}
			}
		},
		{
			"from": [10, 0, 10],
			"to": [12, 7, 12],
			"rotation": {"angle": 0, "axis": "y", "origin": [12, 8, 15]},
			"faces": {
				"north": {"uv": [6, 2.5, 7, 6], "texture": "#0"},
				"east": {"uv": [7, 2.5, 8, 6], "texture": "#0"},
				"south": {"uv": [6, 2.5, 7, 6], "texture": "#0"},
				"west": {"uv": [7, 2.5, 8, 6], "texture": "#0"},
				"up": {"uv": [6, 0, 7, 1], "texture": "#0"},
				"down": {"uv": [6, 0, 7, 1], "texture": "#0"}
			}
		}
	]
}