{
	"credit": "Made with Blockbench",
	"ambientocclusion": false,
	"textures": {
		"4": "block/pitcher_crop_bottom_stage_3",
		"particle": "block/pitcher_crop_top",
		"pitcher_top": "block/pitcher_crop_top",
		"pitcher_side": "block/pitcher_crop_side",
		"pitcher_bottom": "block/pitcher_crop_bottom"
	},
	"elements": [
		{
			"name": "pitcher_crop_bottom_stage_1",
			"from": [3, -1, 3],
			"to": [13, 5, 13],
			"faces": {
				"north": {"uv": [3, 10, 13, 16], "texture": "#pitcher_side"},
				"east": {"uv": [3, 10, 13, 16], "texture": "#pitcher_side"},
				"south": {"uv": [3, 10, 13, 16], "texture": "#pitcher_side"},
				"west": {"uv": [3, 10, 13, 16], "texture": "#pitcher_side"},
				"up": {"uv": [3, 3, 13, 13], "texture": "#pitcher_top"},
				"down": {"uv": [3, 3, 13, 13], "texture": "#pitcher_bottom"}
			}
		},
		{
			"name": "pitcher_crop_bottom_stage_3_3",
			"from": [6, 15, 6.00001],
			"to": [10, 16, 10.00001],
			"rotation": {"angle": 0, "axis": "y", "origin": [13, 0, 0.00001]},
			"faces": {
				"north": {"uv": [6, 0, 10, 1], "texture": "#4"},
				"east": {"uv": [10, 0, 6, 1], "texture": "#4"},
				"south": {"uv": [6, 0, 10, 1], "texture": "#4"},
				"west": {"uv": [6, 0, 10, 1], "texture": "#4"},
				"up": {"uv": [10, 0, 6, 1], "rotation": 270, "texture": "#4"},
				"down": {"uv": [10, 4, 6, 8], "rotation": 90, "texture": "#4"}
			}
		},
		{
			"name": "pitcher_crop_bottom_stage_4_4",
			"from": [6.48536, 5, 7.24247],
			"to": [8.48536, 15, 9.24247],
			"rotation": {"angle": -45, "axis": "y", "origin": [8.03536, 11, 8.74247]},
			"faces": {
				"north": {"uv": [7, 1, 9, 11], "texture": "#4"},
				"east": {"uv": [9, 1, 7, 11], "texture": "#4"},
				"south": {"uv": [7, 1, 9, 11], "texture": "#4"},
				"west": {"uv": [7, 1, 9, 11], "texture": "#4"},
				"up": {"uv": [9, 1, 7, 2], "rotation": 270, "texture": "#4"},
				"down": {"uv": [9, 10, 7, 11], "rotation": 90, "texture": "#4"}
			}
		},
		{
			"name": "pitcher_crop_bottom_stage_5_5",
			"from": [7.23536, 14, 11.24247],
			"to": [7.73536, 15, 13.24247],
			"rotation": {"angle": -45, "axis": "y", "origin": [8.03536, 11, 8.74247]},
			"faces": {
				"north": {"uv": [12, 1, 11, 2], "texture": "#4"},
				"east": {"uv": [13, 1, 11, 2], "texture": "#4"},
				"south": {"uv": [13, 1, 12, 2], "texture": "#4"},
				"west": {"uv": [11, 1, 13, 2], "texture": "#4"},
				"up": {"uv": [13, 1, 11, 2], "rotation": 270, "texture": "#4"},
				"down": {"uv": [13, 1, 11, 2], "rotation": 90, "texture": "#4"}
			}
		},
		{
			"name": "pitcher_crop_bottom_stage_6_6",
			"from": [7.23536, 13, 1.24247],
			"to": [7.73536, 14, 4.24247],
			"rotation": {"angle": -45, "axis": "y", "origin": [8.03536, 11, 8.74247]},
			"faces": {
				"north": {"uv": [2, 2, 1, 3], "texture": "#4"},
				"east": {"uv": [4, 2, 1, 3], "texture": "#4"},
				"south": {"uv": [4, 2, 3, 3], "texture": "#4"},
				"west": {"uv": [1, 2, 4, 3], "texture": "#4"},
				"up": {"uv": [4, 2, 1, 3], "rotation": 270, "texture": "#4"},
				"down": {"uv": [4, 2, 1, 3], "rotation": 90, "texture": "#4"}
			}
		},
		{
			"name": "pitcher_crop_bottom_stage_3_7",
			"from": [7.23536, 12, 9.24247],
			"to": [7.73536, 14, 11.24247],
			"rotation": {"angle": -45, "axis": "y", "origin": [8.03536, 11, 8.74247]},
			"faces": {
				"north": {"uv": [10, 2, 9, 4], "texture": "#4"},
				"east": {"uv": [11, 2, 9, 4], "texture": "#4"},
				"south": {"uv": [11, 2, 10, 4], "texture": "#4"},
				"west": {"uv": [9, 2, 11, 4], "texture": "#4"},
				"up": {"uv": [11, 2, 9, 3], "rotation": 270, "texture": "#4"},
				"down": {"uv": [11, 3, 9, 4], "rotation": 90, "texture": "#4"}
			}
		},
		{
			"name": "pitcher_crop_bottom_stage_3_8",
			"from": [7.23536, 13, 11.24247],
			"to": [7.73536, 14, 12.24247],
			"rotation": {"angle": -45, "axis": "y", "origin": [8.03536, 11, 8.74247]},
			"faces": {
				"north": {"uv": [12, 2, 11, 3], "texture": "#4"},
				"east": {"uv": [12, 2, 11, 3], "texture": "#4"},
				"south": {"uv": [12, 2, 11, 3], "texture": "#4"},
				"west": {"uv": [11, 2, 12, 3], "texture": "#4"},
				"up": {"uv": [12, 2, 11, 3], "rotation": 270, "texture": "#4"},
				"down": {"uv": [12, 2, 11, 3], "rotation": 90, "texture": "#4"}
			}
		},
		{
			"name": "pitcher_crop_bottom_stage_3_9",
			"from": [7.23536, 12, 2.24247],
			"to": [7.73536, 13, 6.24247],
			"rotation": {"angle": -45, "axis": "y", "origin": [8.03536, 11, 8.74247]},
			"faces": {
				"north": {"uv": [3, 3, 2, 4], "texture": "#4"},
				"east": {"uv": [6, 3, 2, 4], "texture": "#4"},
				"south": {"uv": [6, 3, 5, 4], "texture": "#4"},
				"west": {"uv": [2, 3, 6, 4], "texture": "#4"},
				"up": {"uv": [6, 3, 2, 4], "rotation": 270, "texture": "#4"},
				"down": {"uv": [6, 3, 2, 4], "rotation": 90, "texture": "#4"}
			}
		},
		{
			"name": "pitcher_crop_bottom_stage_3_10",
			"from": [7.23536, 11, 4.24247],
			"to": [7.73536, 12, 7.24247],
			"rotation": {"angle": -45, "axis": "y", "origin": [8.03536, 11, 8.74247]},
			"faces": {
				"north": {"uv": [5, 4, 4, 5], "texture": "#4"},
				"east": {"uv": [7, 4, 4, 5], "texture": "#4"},
				"south": {"uv": [7, 4, 6, 5], "texture": "#4"},
				"west": {"uv": [4, 4, 7, 5], "texture": "#4"},
				"up": {"uv": [7, 4, 4, 5], "rotation": 270, "texture": "#4"},
				"down": {"uv": [7, 4, 4, 5], "rotation": 90, "texture": "#4"}
			}
		},
		{
			"name": "pitcher_crop_bottom_stage_3_11",
			"from": [7.23536, 6, 9.24247],
			"to": [7.73536, 12, 10.24247],
			"rotation": {"angle": -45, "axis": "y", "origin": [8.03536, 11, 8.74247]},
			"faces": {
				"north": {"uv": [10, 4, 9, 10], "texture": "#4"},
				"east": {"uv": [10, 4, 9, 10], "texture": "#4"},
				"south": {"uv": [10, 4, 9, 10], "texture": "#4"},
				"west": {"uv": [9, 4, 10, 10], "texture": "#4"},
				"up": {"uv": [10, 4, 9, 5], "rotation": 270, "texture": "#4"},
				"down": {"uv": [10, 9, 9, 10], "rotation": 90, "texture": "#4"}
			}
		},
		{
			"name": "pitcher_crop_bottom_stage_3_12",
			"from": [7.23536, 10, 12.24247],
			"to": [7.73536, 12, 14.24247],
			"rotation": {"angle": -45, "axis": "y", "origin": [8.03536, 11, 8.74247]},
			"faces": {
				"north": {"uv": [13, 4, 12, 6], "texture": "#4"},
				"east": {"uv": [14, 4, 12, 6], "texture": "#4"},
				"south": {"uv": [14, 4, 13, 6], "texture": "#4"},
				"west": {"uv": [12, 4, 14, 6], "texture": "#4"},
				"up": {"uv": [14, 4, 12, 5], "rotation": 270, "texture": "#4"},
				"down": {"uv": [14, 5, 12, 6], "rotation": 90, "texture": "#4"}
			}
		},
		{
			"name": "pitcher_crop_bottom_stage_3_13",
			"from": [7.23536, 11, 14.24247],
			"to": [7.73536, 12, 15.24247],
			"rotation": {"angle": -45, "axis": "y", "origin": [8.03536, 11, 8.74247]},
			"faces": {
				"north": {"uv": [15, 4, 14, 5], "texture": "#4"},
				"east": {"uv": [15, 4, 14, 5], "texture": "#4"},
				"south": {"uv": [15, 4, 14, 5], "texture": "#4"},
				"west": {"uv": [14, 4, 15, 5], "texture": "#4"},
				"up": {"uv": [15, 4, 14, 5], "rotation": 270, "texture": "#4"},
				"down": {"uv": [15, 4, 14, 5], "rotation": 90, "texture": "#4"}
			}
		},
		{
			"name": "pitcher_crop_bottom_stage_3_14",
			"from": [7.23536, 10, 5.24247],
			"to": [7.73536, 11, 7.24247],
			"rotation": {"angle": -45, "axis": "y", "origin": [8.03536, 11, 8.74247]},
			"faces": {
				"north": {"uv": [6, 5, 5, 6], "texture": "#4"},
				"east": {"uv": [7, 5, 5, 6], "texture": "#4"},
				"south": {"uv": [7, 5, 6, 6], "texture": "#4"},
				"west": {"uv": [5, 5, 7, 6], "texture": "#4"},
				"up": {"uv": [7, 5, 5, 6], "rotation": 270, "texture": "#4"},
				"down": {"uv": [7, 5, 5, 6], "rotation": 90, "texture": "#4"}
			}
		},
		{
			"name": "pitcher_crop_bottom_stage_3_15",
			"from": [7.23536, 8, 10.24247],
			"to": [7.73536, 11, 12.24247],
			"rotation": {"angle": -45, "axis": "y", "origin": [8.03536, 11, 8.74247]},
			"faces": {
				"north": {"uv": [11, 5, 10, 8], "texture": "#4"},
				"east": {"uv": [12, 5, 10, 8], "texture": "#4"},
				"south": {"uv": [12, 5, 11, 8], "texture": "#4"},
				"west": {"uv": [10, 5, 12, 8], "texture": "#4"},
				"up": {"uv": [12, 5, 10, 6], "rotation": 270, "texture": "#4"},
				"down": {"uv": [12, 7, 10, 8], "rotation": 90, "texture": "#4"}
			}
		},
		{
			"name": "pitcher_crop_bottom_stage_3_16",
			"from": [7.23536, 9, 3.24247],
			"to": [7.73536, 10, 5.24247],
			"rotation": {"angle": -45, "axis": "y", "origin": [8.03536, 11, 8.74247]},
			"faces": {
				"north": {"uv": [4, 6, 3, 7], "texture": "#4"},
				"east": {"uv": [5, 6, 3, 7], "texture": "#4"},
				"south": {"uv": [5, 6, 4, 7], "texture": "#4"},
				"west": {"uv": [3, 6, 5, 7], "texture": "#4"},
				"up": {"uv": [5, 6, 3, 7], "rotation": 270, "texture": "#4"},
				"down": {"uv": [5, 6, 3, 7], "rotation": 90, "texture": "#4"}
			}
		},
		{
			"name": "pitcher_crop_bottom_stage_3_17",
			"from": [7.23536, 6, 6.24247],
			"to": [7.73536, 10, 7.24247],
			"rotation": {"angle": -45, "axis": "y", "origin": [8.03536, 11, 8.74247]},
			"faces": {
				"north": {"uv": [7, 6, 6, 10], "texture": "#4"},
				"east": {"uv": [7, 6, 6, 10], "texture": "#4"},
				"south": {"uv": [7, 6, 6, 10], "texture": "#4"},
				"west": {"uv": [6, 6, 7, 10], "texture": "#4"},
				"up": {"uv": [7, 6, 6, 7], "rotation": 270, "texture": "#4"},
				"down": {"uv": [7, 9, 6, 10], "rotation": 90, "texture": "#4"}
			}
		},
		{
			"name": "pitcher_crop_bottom_stage_3_18",
			"from": [7.23536, 9, 12.24247],
			"to": [7.73536, 10, 13.24247],
			"rotation": {"angle": -45, "axis": "y", "origin": [8.03536, 11, 8.74247]},
			"faces": {
				"north": {"uv": [13, 6, 12, 7], "texture": "#4"},
				"east": {"uv": [13, 6, 12, 7], "texture": "#4"},
				"south": {"uv": [13, 6, 12, 7], "texture": "#4"},
				"west": {"uv": [12, 6, 13, 7], "texture": "#4"},
				"up": {"uv": [13, 6, 12, 7], "rotation": 270, "texture": "#4"},
				"down": {"uv": [13, 6, 12, 7], "rotation": 90, "texture": "#4"}
			}
		},
		{
			"name": "pitcher_crop_bottom_stage_3_19",
			"from": [7.23536, 8, 4.24247],
			"to": [7.73536, 9, 6.24247],
			"rotation": {"angle": -45, "axis": "y", "origin": [8.03536, 11, 8.74247]},
			"faces": {
				"north": {"uv": [5, 7, 4, 8], "texture": "#4"},
				"east": {"uv": [6, 7, 4, 8], "texture": "#4"},
				"south": {"uv": [6, 7, 5, 8], "texture": "#4"},
				"west": {"uv": [4, 7, 6, 8], "texture": "#4"},
				"up": {"uv": [6, 7, 4, 8], "rotation": 270, "texture": "#4"},
				"down": {"uv": [6, 7, 4, 8], "rotation": 90, "texture": "#4"}
			}
		},
		{
			"name": "pitcher_crop_bottom_stage_3_20",
			"from": [7.23536, 7, 5.24247],
			"to": [7.73536, 8, 6.24247],
			"rotation": {"angle": -45, "axis": "y", "origin": [8.03536, 11, 8.74247]},
			"faces": {
				"north": {"uv": [6, 8, 5, 9], "texture": "#4"},
				"east": {"uv": [6, 8, 5, 9], "texture": "#4"},
				"south": {"uv": [6, 8, 5, 9], "texture": "#4"},
				"west": {"uv": [5, 8, 6, 9], "texture": "#4"},
				"up": {"uv": [6, 8, 5, 9], "rotation": 270, "texture": "#4"},
				"down": {"uv": [6, 8, 5, 9], "rotation": 90, "texture": "#4"}
			}
		},
		{
			"name": "pitcher_crop_bottom_stage_3_21",
			"from": [7.23536, 7, 10.24247],
			"to": [7.73536, 8, 11.24247],
			"rotation": {"angle": -45, "axis": "y", "origin": [8.03536, 11, 8.74247]},
			"faces": {
				"north": {"uv": [11, 8, 10, 9], "texture": "#4"},
				"east": {"uv": [11, 8, 10, 9], "texture": "#4"},
				"south": {"uv": [11, 8, 10, 9], "texture": "#4"},
				"west": {"uv": [10, 8, 11, 9], "texture": "#4"},
				"up": {"uv": [11, 8, 10, 9], "rotation": 270, "texture": "#4"},
				"down": {"uv": [11, 8, 10, 9], "rotation": 90, "texture": "#4"}
			}
		},
		{
			"name": "pitcher_crop_bottom_stage_6_6",
			"from": [10.53536, 14, 7.99247],
			"to": [12.53536, 15, 8.49247],
			"rotation": {"angle": -45, "axis": "y", "origin": [8.03536, 11, 8.74247]},
			"faces": {
				"north": {"uv": [13, 1, 11, 2], "texture": "#4"},
				"east": {"uv": [13, 1, 12, 2], "texture": "#4"},
				"south": {"uv": [11, 1, 13, 2], "texture": "#4"},
				"west": {"uv": [12, 1, 11, 2], "texture": "#4"},
				"up": {"uv": [13, 1, 11, 2], "rotation": 180, "texture": "#4"},
				"down": {"uv": [13, 1, 11, 2], "rotation": 180, "texture": "#4"}
			}
		},
		{
			"name": "pitcher_crop_bottom_stage_7_7",
			"from": [0.53536, 13, 7.99247],
			"to": [3.53536, 14, 8.49247],
			"rotation": {"angle": -45, "axis": "y", "origin": [8.03536, 11, 8.74247]},
			"faces": {
				"north": {"uv": [4, 2, 1, 3], "texture": "#4"},
				"east": {"uv": [4, 2, 3, 3], "texture": "#4"},
				"south": {"uv": [1, 2, 4, 3], "texture": "#4"},
				"west": {"uv": [2, 2, 1, 3], "texture": "#4"},
				"up": {"uv": [4, 2, 1, 3], "rotation": 180, "texture": "#4"},
				"down": {"uv": [4, 2, 1, 3], "rotation": 180, "texture": "#4"}
			}
		},
		{
			"name": "pitcher_crop_bottom_stage_3_8",
			"from": [8.53536, 12, 7.99247],
			"to": [10.53536, 14, 8.49247],
			"rotation": {"angle": -45, "axis": "y", "origin": [8.03536, 11, 8.74247]},
			"faces": {
				"north": {"uv": [11, 2, 9, 4], "texture": "#4"},
				"east": {"uv": [11, 2, 10, 4], "texture": "#4"},
				"south": {"uv": [9, 2, 11, 4], "texture": "#4"},
				"west": {"uv": [10, 2, 9, 4], "texture": "#4"},
				"up": {"uv": [11, 2, 9, 3], "rotation": 180, "texture": "#4"},
				"down": {"uv": [11, 3, 9, 4], "rotation": 180, "texture": "#4"}
			}
		},
		{
			"name": "pitcher_crop_bottom_stage_3_9",
			"from": [10.53536, 13, 7.99247],
			"to": [11.53536, 14, 8.49247],
			"rotation": {"angle": -45, "axis": "y", "origin": [8.03536, 11, 8.74247]},
			"faces": {
				"north": {"uv": [12, 2, 11, 3], "texture": "#4"},
				"east": {"uv": [12, 2, 11, 3], "texture": "#4"},
				"south": {"uv": [11, 2, 12, 3], "texture": "#4"},
				"west": {"uv": [12, 2, 11, 3], "texture": "#4"},
				"up": {"uv": [12, 2, 11, 3], "rotation": 180, "texture": "#4"},
				"down": {"uv": [12, 2, 11, 3], "rotation": 180, "texture": "#4"}
			}
		},
		{
			"name": "pitcher_crop_bottom_stage_3_10",
			"from": [1.53536, 12, 7.99247],
			"to": [5.53536, 13, 8.49247],
			"rotation": {"angle": -45, "axis": "y", "origin": [8.03536, 11, 8.74247]},
			"faces": {
				"north": {"uv": [6, 3, 2, 4], "texture": "#4"},
				"east": {"uv": [6, 3, 5, 4], "texture": "#4"},
				"south": {"uv": [2, 3, 6, 4], "texture": "#4"},
				"west": {"uv": [3, 3, 2, 4], "texture": "#4"},
				"up": {"uv": [6, 3, 2, 4], "rotation": 180, "texture": "#4"},
				"down": {"uv": [6, 3, 2, 4], "rotation": 180, "texture": "#4"}
			}
		},
		{
			"name": "pitcher_crop_bottom_stage_3_11",
			"from": [3.53536, 11, 7.99247],
			"to": [6.53536, 12, 8.49247],
			"rotation": {"angle": -45, "axis": "y", "origin": [8.03536, 11, 8.74247]},
			"faces": {
				"north": {"uv": [7, 4, 4, 5], "texture": "#4"},
				"east": {"uv": [7, 4, 6, 5], "texture": "#4"},
				"south": {"uv": [4, 4, 7, 5], "texture": "#4"},
				"west": {"uv": [5, 4, 4, 5], "texture": "#4"},
				"up": {"uv": [7, 4, 4, 5], "rotation": 180, "texture": "#4"},
				"down": {"uv": [7, 4, 4, 5], "rotation": 180, "texture": "#4"}
			}
		},
		{
			"name": "pitcher_crop_bottom_stage_3_12",
			"from": [8.53536, 6, 7.99247],
			"to": [9.53536, 12, 8.49247],
			"rotation": {"angle": -45, "axis": "y", "origin": [8.03536, 11, 8.74247]},
			"faces": {
				"north": {"uv": [10, 4, 9, 10], "texture": "#4"},
				"east": {"uv": [10, 4, 9, 10], "texture": "#4"},
				"south": {"uv": [9, 4, 10, 10], "texture": "#4"},
				"west": {"uv": [10, 4, 9, 10], "texture": "#4"},
				"up": {"uv": [10, 4, 9, 5], "rotation": 180, "texture": "#4"},
				"down": {"uv": [10, 9, 9, 10], "rotation": 180, "texture": "#4"}
			}
		},
		{
			"name": "pitcher_crop_bottom_stage_3_13",
			"from": [11.53536, 10, 7.99247],
			"to": [13.53536, 12, 8.49247],
			"rotation": {"angle": -45, "axis": "y", "origin": [8.03536, 11, 8.74247]},
			"faces": {
				"north": {"uv": [14, 4, 12, 6], "texture": "#4"},
				"east": {"uv": [14, 4, 13, 6], "texture": "#4"},
				"south": {"uv": [12, 4, 14, 6], "texture": "#4"},
				"west": {"uv": [13, 4, 12, 6], "texture": "#4"},
				"up": {"uv": [14, 4, 12, 5], "rotation": 180, "texture": "#4"},
				"down": {"uv": [14, 5, 12, 6], "rotation": 180, "texture": "#4"}
			}
		},
		{
			"name": "pitcher_crop_bottom_stage_3_14",
			"from": [13.53536, 11, 7.99247],
			"to": [14.53536, 12, 8.49247],
			"rotation": {"angle": -45, "axis": "y", "origin": [8.03536, 11, 8.74247]},
			"faces": {
				"north": {"uv": [15, 4, 14, 5], "texture": "#4"},
				"east": {"uv": [15, 4, 14, 5], "texture": "#4"},
				"south": {"uv": [14, 4, 15, 5], "texture": "#4"},
				"west": {"uv": [15, 4, 14, 5], "texture": "#4"},
				"up": {"uv": [15, 4, 14, 5], "rotation": 180, "texture": "#4"},
				"down": {"uv": [15, 4, 14, 5], "rotation": 180, "texture": "#4"}
			}
		},
		{
			"name": "pitcher_crop_bottom_stage_3_15",
			"from": [4.53536, 10, 7.99247],
			"to": [6.53536, 11, 8.49247],
			"rotation": {"angle": -45, "axis": "y", "origin": [8.03536, 11, 8.74247]},
			"faces": {
				"north": {"uv": [7, 5, 5, 6], "texture": "#4"},
				"east": {"uv": [7, 5, 6, 6], "texture": "#4"},
				"south": {"uv": [5, 5, 7, 6], "texture": "#4"},
				"west": {"uv": [6, 5, 5, 6], "texture": "#4"},
				"up": {"uv": [7, 5, 5, 6], "rotation": 180, "texture": "#4"},
				"down": {"uv": [7, 5, 5, 6], "rotation": 180, "texture": "#4"}
			}
		},
		{
			"name": "pitcher_crop_bottom_stage_3_16",
			"from": [9.53536, 8, 7.99247],
			"to": [11.53536, 11, 8.49247],
			"rotation": {"angle": -45, "axis": "y", "origin": [8.03536, 11, 8.74247]},
			"faces": {
				"north": {"uv": [12, 5, 10, 8], "texture": "#4"},
				"east": {"uv": [12, 5, 11, 8], "texture": "#4"},
				"south": {"uv": [10, 5, 12, 8], "texture": "#4"},
				"west": {"uv": [11, 5, 10, 8], "texture": "#4"},
				"up": {"uv": [12, 5, 10, 6], "rotation": 180, "texture": "#4"},
				"down": {"uv": [12, 7, 10, 8], "rotation": 180, "texture": "#4"}
			}
		},
		{
			"name": "pitcher_crop_bottom_stage_3_17",
			"from": [2.53536, 9, 7.99247],
			"to": [4.53536, 10, 8.49247],
			"rotation": {"angle": -45, "axis": "y", "origin": [8.03536, 11, 8.74247]},
			"faces": {
				"north": {"uv": [5, 6, 3, 7], "texture": "#4"},
				"east": {"uv": [5, 6, 4, 7], "texture": "#4"},
				"south": {"uv": [3, 6, 5, 7], "texture": "#4"},
				"west": {"uv": [4, 6, 3, 7], "texture": "#4"},
				"up": {"uv": [5, 6, 3, 7], "rotation": 180, "texture": "#4"},
				"down": {"uv": [5, 6, 3, 7], "rotation": 180, "texture": "#4"}
			}
		},
		{
			"name": "pitcher_crop_bottom_stage_3_18",
			"from": [5.53536, 6, 7.99247],
			"to": [6.53536, 10, 8.49247],
			"rotation": {"angle": -45, "axis": "y", "origin": [8.03536, 11, 8.74247]},
			"faces": {
				"north": {"uv": [7, 6, 6, 10], "texture": "#4"},
				"east": {"uv": [7, 6, 6, 10], "texture": "#4"},
				"south": {"uv": [6, 6, 7, 10], "texture": "#4"},
				"west": {"uv": [7, 6, 6, 10], "texture": "#4"},
				"up": {"uv": [7, 6, 6, 7], "rotation": 180, "texture": "#4"},
				"down": {"uv": [7, 9, 6, 10], "rotation": 180, "texture": "#4"}
			}
		},
		{
			"name": "pitcher_crop_bottom_stage_3_19",
			"from": [11.53536, 9, 7.99247],
			"to": [12.53536, 10, 8.49247],
			"rotation": {"angle": -45, "axis": "y", "origin": [8.03536, 11, 8.74247]},
			"faces": {
				"north": {"uv": [13, 6, 12, 7], "texture": "#4"},
				"east": {"uv": [13, 6, 12, 7], "texture": "#4"},
				"south": {"uv": [12, 6, 13, 7], "texture": "#4"},
				"west": {"uv": [13, 6, 12, 7], "texture": "#4"},
				"up": {"uv": [13, 6, 12, 7], "rotation": 180, "texture": "#4"},
				"down": {"uv": [13, 6, 12, 7], "rotation": 180, "texture": "#4"}
			}
		},
		{
			"name": "pitcher_crop_bottom_stage_3_20",
			"from": [3.53536, 8, 7.99247],
			"to": [5.53536, 9, 8.49247],
			"rotation": {"angle": -45, "axis": "y", "origin": [8.03536, 11, 8.74247]},
			"faces": {
				"north": {"uv": [6, 7, 4, 8], "texture": "#4"},
				"east": {"uv": [6, 7, 5, 8], "texture": "#4"},
				"south": {"uv": [4, 7, 6, 8], "texture": "#4"},
				"west": {"uv": [5, 7, 4, 8], "texture": "#4"},
				"up": {"uv": [6, 7, 4, 8], "rotation": 180, "texture": "#4"},
				"down": {"uv": [6, 7, 4, 8], "rotation": 180, "texture": "#4"}
			}
		},
		{
			"name": "pitcher_crop_bottom_stage_3_21",
			"from": [4.53536, 7, 7.99247],
			"to": [5.53536, 8, 8.49247],
			"rotation": {"angle": -45, "axis": "y", "origin": [8.03536, 11, 8.74247]},
			"faces": {
				"north": {"uv": [6, 8, 5, 9], "texture": "#4"},
				"east": {"uv": [6, 8, 5, 9], "texture": "#4"},
				"south": {"uv": [5, 8, 6, 9], "texture": "#4"},
				"west": {"uv": [6, 8, 5, 9], "texture": "#4"},
				"up": {"uv": [6, 8, 5, 9], "rotation": 180, "texture": "#4"},
				"down": {"uv": [6, 8, 5, 9], "rotation": 180, "texture": "#4"}
			}
		},
		{
			"name": "pitcher_crop_bottom_stage_3_22",
			"from": [9.53536, 7, 7.99247],
			"to": [10.53536, 8, 8.49247],
			"rotation": {"angle": -45, "axis": "y", "origin": [8.03536, 11, 8.74247]},
			"faces": {
				"north": {"uv": [11, 8, 10, 9], "texture": "#4"},
				"east": {"uv": [11, 8, 10, 9], "texture": "#4"},
				"south": {"uv": [10, 8, 11, 9], "texture": "#4"},
				"west": {"uv": [11, 8, 10, 9], "texture": "#4"},
				"up": {"uv": [11, 8, 10, 9], "rotation": 180, "texture": "#4"},
				"down": {"uv": [11, 8, 10, 9], "rotation": 180, "texture": "#4"}
			}
		}
	],
	"groups": [
		0,
		{
			"name": "pitcher_crop_bottom_stage_3",
			"origin": [8, 8, 8],
			"color": 0,
			"children": [1, 2, 3, 4, 5, 6, 7, 8, 9, 10, 11, 12, 13, 14, 15, 16, 17, 18, 19, 20, 21, 22, 23, 24, 25, 26, 27, 28, 29, 30, 31, 32, 33, 34, 35, 36]
		}
	],
	"corangeit": "Made with Blockbench"
}