{
	"credit": "Made with Blockbench",
	"ambientocclusion": false,
	"textures": {
		"4": "block/pitcher_crop_bottom_stage_3",
		"particle": "block/pitcher_crop_top",
		"pitcher_top": "block/pitcher_crop_top",
		"pitcher_side": "block/pitcher_crop_side",
		"pitcher_bottom": "block/pitcher_crop_bottom"
	},
	"elements": [
		{
			"name": "pitcher_crop_bottom_stage_1",
			"from": [3, -1, 3],
			"to": [13, 5, 13],
			"faces": {
				"north": {"uv": [3, 10, 13, 16], "texture": "#pitcher_side"},
				"east": {"uv": [3, 10, 13, 16], "texture": "#pitcher_side"},
				"south": {"uv": [3, 10, 13, 16], "texture": "#pitcher_side"},
				"west": {"uv": [3, 10, 13, 16], "texture": "#pitcher_side"},
				"up": {"uv": [3, 3, 13, 13], "texture": "#pitcher_top"},
				"down": {"uv": [3, 3, 13, 13], "texture": "#pitcher_bottom"}
			}
		},
		{
			"name": "pitcher_crop_bottom_stage_3_2",
			"from": [6, 15, 6.00001],
			"to": [10, 16, 10.00001],
			"rotation": {"angle": 0, "axis": "y", "origin": [0, 0, 3.00001]},
			"faces": {
				"north": {"uv": [10, 0, 6, 1], "texture": "#4"},
				"east": {"uv": [6, 0, 10, 1], "texture": "#4"},
				"south": {"uv": [6, 0, 10, 1], "texture": "#4"},
				"west": {"uv": [6, 0, 10, 1], "texture": "#4"},
				"up": {"uv": [10, 0, 6, 1], "rotation": 180, "texture": "#4"},
				"down": {"uv": [10, 4, 6, 8], "rotation": 180, "texture": "#4"}
			}
		},
		{
			"name": "pitcher_crop_bottom_stage_3_3",
			"from": [7.24246, 5, 7.51465],
			"to": [9.24246, 15, 9.51465],
			"rotation": {"angle": -45, "axis": "y", "origin": [8.74246, 11, 7.96465]},
			"faces": {
				"north": {"uv": [9, 1, 7, 11], "texture": "#4"},
				"east": {"uv": [7, 1, 9, 11], "texture": "#4"},
				"south": {"uv": [7, 1, 9, 11], "texture": "#4"},
				"west": {"uv": [7, 1, 9, 11], "texture": "#4"},
				"up": {"uv": [9, 1, 7, 2], "rotation": 180, "texture": "#4"},
				"down": {"uv": [9, 10, 7, 11], "rotation": 180, "texture": "#4"}
			}
		},
		{
			"name": "pitcher_crop_bottom_stage_4_4",
			"from": [11.24246, 14, 8.26465],
			"to": [13.24246, 15, 8.76465],
			"rotation": {"angle": -45, "axis": "y", "origin": [8.74246, 11, 7.96465]},
			"faces": {
				"north": {"uv": [13, 1, 11, 2], "texture": "#4"},
				"east": {"uv": [13, 1, 12, 2], "texture": "#4"},
				"south": {"uv": [11, 1, 13, 2], "texture": "#4"},
				"west": {"uv": [12, 1, 11, 2], "texture": "#4"},
				"up": {"uv": [13, 1, 11, 2], "rotation": 180, "texture": "#4"},
				"down": {"uv": [13, 1, 11, 2], "rotation": 180, "texture": "#4"}
			}
		},
		{
			"name": "pitcher_crop_bottom_stage_5_5",
			"from": [1.24246, 13, 8.26465],
			"to": [4.24246, 14, 8.76465],
			"rotation": {"angle": -45, "axis": "y", "origin": [8.74246, 11, 7.96465]},
			"faces": {
				"north": {"uv": [4, 2, 1, 3], "texture": "#4"},
				"east": {"uv": [4, 2, 3, 3], "texture": "#4"},
				"south": {"uv": [1, 2, 4, 3], "texture": "#4"},
				"west": {"uv": [2, 2, 1, 3], "texture": "#4"},
				"up": {"uv": [4, 2, 1, 3], "rotation": 180, "texture": "#4"},
				"down": {"uv": [4, 2, 1, 3], "rotation": 180, "texture": "#4"}
			}
		},
		{
			"name": "pitcher_crop_bottom_stage_3_6",
			"from": [9.24246, 12, 8.26465],
			"to": [11.24246, 14, 8.76465],
			"rotation": {"angle": -45, "axis": "y", "origin": [8.74246, 11, 7.96465]},
			"faces": {
				"north": {"uv": [11, 2, 9, 4], "texture": "#4"},
				"east": {"uv": [11, 2, 10, 4], "texture": "#4"},
				"south": {"uv": [9, 2, 11, 4], "texture": "#4"},
				"west": {"uv": [10, 2, 9, 4], "texture": "#4"},
				"up": {"uv": [11, 2, 9, 3], "rotation": 180, "texture": "#4"},
				"down": {"uv": [11, 3, 9, 4], "rotation": 180, "texture": "#4"}
			}
		},
		{
			"name": "pitcher_crop_bottom_stage_3_7",
			"from": [11.24246, 13, 8.26465],
			"to": [12.24246, 14, 8.76465],
			"rotation": {"angle": -45, "axis": "y", "origin": [8.74246, 11, 7.96465]},
			"faces": {
				"north": {"uv": [12, 2, 11, 3], "texture": "#4"},
				"east": {"uv": [12, 2, 11, 3], "texture": "#4"},
				"south": {"uv": [11, 2, 12, 3], "texture": "#4"},
				"west": {"uv": [12, 2, 11, 3], "texture": "#4"},
				"up": {"uv": [12, 2, 11, 3], "rotation": 180, "texture": "#4"},
				"down": {"uv": [12, 2, 11, 3], "rotation": 180, "texture": "#4"}
			}
		},
		{
			"name": "pitcher_crop_bottom_stage_3_8",
			"from": [2.24246, 12, 8.26465],
			"to": [6.24246, 13, 8.76465],
			"rotation": {"angle": -45, "axis": "y", "origin": [8.74246, 11, 7.96465]},
			"faces": {
				"north": {"uv": [6, 3, 2, 4], "texture": "#4"},
				"east": {"uv": [6, 3, 5, 4], "texture": "#4"},
				"south": {"uv": [2, 3, 6, 4], "texture": "#4"},
				"west": {"uv": [3, 3, 2, 4], "texture": "#4"},
				"up": {"uv": [6, 3, 2, 4], "rotation": 180, "texture": "#4"},
				"down": {"uv": [6, 3, 2, 4], "rotation": 180, "texture": "#4"}
			}
		},
		{
			"name": "pitcher_crop_bottom_stage_3_9",
			"from": [4.24246, 11, 8.26465],
			"to": [7.24246, 12, 8.76465],
			"rotation": {"angle": -45, "axis": "y", "origin": [8.74246, 11, 7.96465]},
			"faces": {
				"north": {"uv": [7, 4, 4, 5], "texture": "#4"},
				"east": {"uv": [7, 4, 6, 5], "texture": "#4"},
				"south": {"uv": [4, 4, 7, 5], "texture": "#4"},
				"west": {"uv": [5, 4, 4, 5], "texture": "#4"},
				"up": {"uv": [7, 4, 4, 5], "rotation": 180, "texture": "#4"},
				"down": {"uv": [7, 4, 4, 5], "rotation": 180, "texture": "#4"}
			}
		},
		{
			"name": "pitcher_crop_bottom_stage_3_10",
			"from": [9.24246, 6, 8.26465],
			"to": [10.24246, 12, 8.76465],
			"rotation": {"angle": -45, "axis": "y", "origin": [8.74246, 11, 7.96465]},
			"faces": {
				"north": {"uv": [10, 4, 9, 10], "texture": "#4"},
				"east": {"uv": [10, 4, 9, 10], "texture": "#4"},
				"south": {"uv": [9, 4, 10, 10], "texture": "#4"},
				"west": {"uv": [10, 4, 9, 10], "texture": "#4"},
				"up": {"uv": [10, 4, 9, 5], "rotation": 180, "texture": "#4"},
				"down": {"uv": [10, 9, 9, 10], "rotation": 180, "texture": "#4"}
			}
		},
		{
			"name": "pitcher_crop_bottom_stage_3_11",
			"from": [12.24246, 10, 8.26465],
			"to": [14.24246, 12, 8.76465],
			"rotation": {"angle": -45, "axis": "y", "origin": [8.74246, 11, 7.96465]},
			"faces": {
				"north": {"uv": [14, 4, 12, 6], "texture": "#4"},
				"east": {"uv": [14, 4, 13, 6], "texture": "#4"},
				"south": {"uv": [12, 4, 14, 6], "texture": "#4"},
				"west": {"uv": [13, 4, 12, 6], "texture": "#4"},
				"up": {"uv": [14, 4, 12, 5], "rotation": 180, "texture": "#4"},
				"down": {"uv": [14, 5, 12, 6], "rotation": 180, "texture": "#4"}
			}
		},
		{
			"name": "pitcher_crop_bottom_stage_3_12",
			"from": [14.24246, 11, 8.26465],
			"to": [15.24246, 12, 8.76465],
			"rotation": {"angle": -45, "axis": "y", "origin": [8.74246, 11, 7.96465]},
			"faces": {
				"north": {"uv": [15, 4, 14, 5], "texture": "#4"},
				"east": {"uv": [15, 4, 14, 5], "texture": "#4"},
				"south": {"uv": [14, 4, 15, 5], "texture": "#4"},
				"west": {"uv": [15, 4, 14, 5], "texture": "#4"},
				"up": {"uv": [15, 4, 14, 5], "rotation": 180, "texture": "#4"},
				"down": {"uv": [15, 4, 14, 5], "rotation": 180, "texture": "#4"}
			}
		},
		{
			"name": "pitcher_crop_bottom_stage_3_13",
			"from": [5.24246, 10, 8.26465],
			"to": [7.24246, 11, 8.76465],
			"rotation": {"angle": -45, "axis": "y", "origin": [8.74246, 11, 7.96465]},
			"faces": {
				"north": {"uv": [7, 5, 5, 6], "texture": "#4"},
				"east": {"uv": [7, 5, 6, 6], "texture": "#4"},
				"south": {"uv": [5, 5, 7, 6], "texture": "#4"},
				"west": {"uv": [6, 5, 5, 6], "texture": "#4"},
				"up": {"uv": [7, 5, 5, 6], "rotation": 180, "texture": "#4"},
				"down": {"uv": [7, 5, 5, 6], "rotation": 180, "texture": "#4"}
			}
		},
		{
			"name": "pitcher_crop_bottom_stage_3_14",
			"from": [10.24246, 8, 8.26465],
			"to": [12.24246, 11, 8.76465],
			"rotation": {"angle": -45, "axis": "y", "origin": [8.74246, 11, 7.96465]},
			"faces": {
				"north": {"uv": [12, 5, 10, 8], "texture": "#4"},
				"east": {"uv": [12, 5, 11, 8], "texture": "#4"},
				"south": {"uv": [10, 5, 12, 8], "texture": "#4"},
				"west": {"uv": [11, 5, 10, 8], "texture": "#4"},
				"up": {"uv": [12, 5, 10, 6], "rotation": 180, "texture": "#4"},
				"down": {"uv": [12, 7, 10, 8], "rotation": 180, "texture": "#4"}
			}
		},
		{
			"name": "pitcher_crop_bottom_stage_3_15",
			"from": [3.24246, 9, 8.26465],
			"to": [5.24246, 10, 8.76465],
			"rotation": {"angle": -45, "axis": "y", "origin": [8.74246, 11, 7.96465]},
			"faces": {
				"north": {"uv": [5, 6, 3, 7], "texture": "#4"},
				"east": {"uv": [5, 6, 4, 7], "texture": "#4"},
				"south": {"uv": [3, 6, 5, 7], "texture": "#4"},
				"west": {"uv": [4, 6, 3, 7], "texture": "#4"},
				"up": {"uv": [5, 6, 3, 7], "rotation": 180, "texture": "#4"},
				"down": {"uv": [5, 6, 3, 7], "rotation": 180, "texture": "#4"}
			}
		},
		{
			"name": "pitcher_crop_bottom_stage_3_16",
			"from": [6.24246, 6, 8.26465],
			"to": [7.24246, 10, 8.76465],
			"rotation": {"angle": -45, "axis": "y", "origin": [8.74246, 11, 7.96465]},
			"faces": {
				"north": {"uv": [7, 6, 6, 10], "texture": "#4"},
				"east": {"uv": [7, 6, 6, 10], "texture": "#4"},
				"south": {"uv": [6, 6, 7, 10], "texture": "#4"},
				"west": {"uv": [7, 6, 6, 10], "texture": "#4"},
				"up": {"uv": [7, 6, 6, 7], "rotation": 180, "texture": "#4"},
				"down": {"uv": [7, 9, 6, 10], "rotation": 180, "texture": "#4"}
			}
		},
		{
			"name": "pitcher_crop_bottom_stage_3_17",
			"from": [12.24246, 9, 8.26465],
			"to": [13.24246, 10, 8.76465],
			"rotation": {"angle": -45, "axis": "y", "origin": [8.74246, 11, 7.96465]},
			"faces": {
				"north": {"uv": [13, 6, 12, 7], "texture": "#4"},
				"east": {"uv": [13, 6, 12, 7], "texture": "#4"},
				"south": {"uv": [12, 6, 13, 7], "texture": "#4"},
				"west": {"uv": [13, 6, 12, 7], "texture": "#4"},
				"up": {"uv": [13, 6, 12, 7], "rotation": 180, "texture": "#4"},
				"down": {"uv": [13, 6, 12, 7], "rotation": 180, "texture": "#4"}
			}
		},
		{
			"name": "pitcher_crop_bottom_stage_3_18",
			"from": [4.24246, 8, 8.26465],
			"to": [6.24246, 9, 8.76465],
			"rotation": {"angle": -45, "axis": "y", "origin": [8.74246, 11, 7.96465]},
			"faces": {
				"north": {"uv": [6, 7, 4, 8], "texture": "#4"},
				"east": {"uv": [6, 7, 5, 8], "texture": "#4"},
				"south": {"uv": [4, 7, 6, 8], "texture": "#4"},
				"west": {"uv": [5, 7, 4, 8], "texture": "#4"},
				"up": {"uv": [6, 7, 4, 8], "rotation": 180, "texture": "#4"},
				"down": {"uv": [6, 7, 4, 8], "rotation": 180, "texture": "#4"}
			}
		},
		{
			"name": "pitcher_crop_bottom_stage_3_19",
			"from": [5.24246, 7, 8.26465],
			"to": [6.24246, 8, 8.76465],
			"rotation": {"angle": -45, "axis": "y", "origin": [8.74246, 11, 7.96465]},
			"faces": {
				"north": {"uv": [6, 8, 5, 9], "texture": "#4"},
				"east": {"uv": [6, 8, 5, 9], "texture": "#4"},
				"south": {"uv": [5, 8, 6, 9], "texture": "#4"},
				"west": {"uv": [6, 8, 5, 9], "texture": "#4"},
				"up": {"uv": [6, 8, 5, 9], "rotation": 180, "texture": "#4"},
				"down": {"uv": [6, 8, 5, 9], "rotation": 180, "texture": "#4"}
			}
		},
		{
			"name": "pitcher_crop_bottom_stage_3_20",
			"from": [10.24246, 7, 8.26465],
			"to": [11.24246, 8, 8.76465],
			"rotation": {"angle": -45, "axis": "y", "origin": [8.74246, 11, 7.96465]},
			"faces": {
				"north": {"uv": [11, 8, 10, 9], "texture": "#4"},
				"east": {"uv": [11, 8, 10, 9], "texture": "#4"},
				"south": {"uv": [10, 8, 11, 9], "texture": "#4"},
				"west": {"uv": [11, 8, 10, 9], "texture": "#4"},
				"up": {"uv": [11, 8, 10, 9], "rotation": 180, "texture": "#4"},
				"down": {"uv": [11, 8, 10, 9], "rotation": 180, "texture": "#4"}
			}
		},
		{
			"name": "pitcher_crop_bottom_stage_5_5",
			"from": [7.99246, 14, 3.46465],
			"to": [8.49246, 15, 5.46465],
			"rotation": {"angle": -45, "axis": "y", "origin": [8.74246, 11, 7.96465]},
			"faces": {
				"north": {"uv": [13, 1, 12, 2], "texture": "#4"},
				"east": {"uv": [11, 1, 13, 2], "texture": "#4"},
				"south": {"uv": [12, 1, 11, 2], "texture": "#4"},
				"west": {"uv": [13, 1, 11, 2], "texture": "#4"},
				"up": {"uv": [13, 1, 11, 2], "rotation": 90, "texture": "#4"},
				"down": {"uv": [13, 1, 11, 2], "rotation": 270, "texture": "#4"}
			}
		},
		{
			"name": "pitcher_crop_bottom_stage_6_6",
			"from": [7.99246, 13, 12.46465],
			"to": [8.49246, 14, 15.46465],
			"rotation": {"angle": -45, "axis": "y", "origin": [8.74246, 11, 7.96465]},
			"faces": {
				"north": {"uv": [4, 2, 3, 3], "texture": "#4"},
				"east": {"uv": [1, 2, 4, 3], "texture": "#4"},
				"south": {"uv": [2, 2, 1, 3], "texture": "#4"},
				"west": {"uv": [4, 2, 1, 3], "texture": "#4"},
				"up": {"uv": [4, 2, 1, 3], "rotation": 90, "texture": "#4"},
				"down": {"uv": [4, 2, 1, 3], "rotation": 270, "texture": "#4"}
			}
		},
		{
			"name": "pitcher_crop_bottom_stage_3_7",
			"from": [7.99246, 12, 5.46465],
			"to": [8.49246, 14, 7.46465],
			"rotation": {"angle": -45, "axis": "y", "origin": [8.74246, 11, 7.96465]},
			"faces": {
				"north": {"uv": [11, 2, 10, 4], "texture": "#4"},
				"east": {"uv": [9, 2, 11, 4], "texture": "#4"},
				"south": {"uv": [10, 2, 9, 4], "texture": "#4"},
				"west": {"uv": [11, 2, 9, 4], "texture": "#4"},
				"up": {"uv": [11, 2, 9, 3], "rotation": 90, "texture": "#4"},
				"down": {"uv": [11, 3, 9, 4], "rotation": 270, "texture": "#4"}
			}
		},
		{
			"name": "pitcher_crop_bottom_stage_3_8",
			"from": [7.99246, 13, 4.46465],
			"to": [8.49246, 14, 5.46465],
			"rotation": {"angle": -45, "axis": "y", "origin": [8.74246, 11, 7.96465]},
			"faces": {
				"north": {"uv": [12, 2, 11, 3], "texture": "#4"},
				"east": {"uv": [11, 2, 12, 3], "texture": "#4"},
				"south": {"uv": [12, 2, 11, 3], "texture": "#4"},
				"west": {"uv": [12, 2, 11, 3], "texture": "#4"},
				"up": {"uv": [12, 2, 11, 3], "rotation": 90, "texture": "#4"},
				"down": {"uv": [12, 2, 11, 3], "rotation": 270, "texture": "#4"}
			}
		},
		{
			"name": "pitcher_crop_bottom_stage_3_9",
			"from": [7.99246, 12, 10.46465],
			"to": [8.49246, 13, 14.46465],
			"rotation": {"angle": -45, "axis": "y", "origin": [8.74246, 11, 7.96465]},
			"faces": {
				"north": {"uv": [6, 3, 5, 4], "texture": "#4"},
				"east": {"uv": [2, 3, 6, 4], "texture": "#4"},
				"south": {"uv": [3, 3, 2, 4], "texture": "#4"},
				"west": {"uv": [6, 3, 2, 4], "texture": "#4"},
				"up": {"uv": [6, 3, 2, 4], "rotation": 90, "texture": "#4"},
				"down": {"uv": [6, 3, 2, 4], "rotation": 270, "texture": "#4"}
			}
		},
		{
			"name": "pitcher_crop_bottom_stage_3_10",
			"from": [7.99246, 11, 9.46465],
			"to": [8.49246, 12, 12.46465],
			"rotation": {"angle": -45, "axis": "y", "origin": [8.74246, 11, 7.96465]},
			"faces": {
				"north": {"uv": [7, 4, 6, 5], "texture": "#4"},
				"east": {"uv": [4, 4, 7, 5], "texture": "#4"},
				"south": {"uv": [5, 4, 4, 5], "texture": "#4"},
				"west": {"uv": [7, 4, 4, 5], "texture": "#4"},
				"up": {"uv": [7, 4, 4, 5], "rotation": 90, "texture": "#4"},
				"down": {"uv": [7, 4, 4, 5], "rotation": 270, "texture": "#4"}
			}
		},
		{
			"name": "pitcher_crop_bottom_stage_3_11",
			"from": [7.99246, 6, 6.46465],
			"to": [8.49246, 12, 7.46465],
			"rotation": {"angle": -45, "axis": "y", "origin": [8.74246, 11, 7.96465]},
			"faces": {
				"north": {"uv": [10, 4, 9, 10], "texture": "#4"},
				"east": {"uv": [9, 4, 10, 10], "texture": "#4"},
				"south": {"uv": [10, 4, 9, 10], "texture": "#4"},
				"west": {"uv": [10, 4, 9, 10], "texture": "#4"},
				"up": {"uv": [10, 4, 9, 5], "rotation": 90, "texture": "#4"},
				"down": {"uv": [10, 9, 9, 10], "rotation": 270, "texture": "#4"}
			}
		},
		{
			"name": "pitcher_crop_bottom_stage_3_12",
			"from": [7.99246, 10, 2.46465],
			"to": [8.49246, 12, 4.46465],
			"rotation": {"angle": -45, "axis": "y", "origin": [8.74246, 11, 7.96465]},
			"faces": {
				"north": {"uv": [14, 4, 13, 6], "texture": "#4"},
				"east": {"uv": [12, 4, 14, 6], "texture": "#4"},
				"south": {"uv": [13, 4, 12, 6], "texture": "#4"},
				"west": {"uv": [14, 4, 12, 6], "texture": "#4"},
				"up": {"uv": [14, 4, 12, 5], "rotation": 90, "texture": "#4"},
				"down": {"uv": [14, 5, 12, 6], "rotation": 270, "texture": "#4"}
			}
		},
		{
			"name": "pitcher_crop_bottom_stage_3_13",
			"from": [7.99246, 11, 1.46465],
			"to": [8.49246, 12, 2.46465],
			"rotation": {"angle": -45, "axis": "y", "origin": [8.74246, 11, 7.96465]},
			"faces": {
				"north": {"uv": [15, 4, 14, 5], "texture": "#4"},
				"east": {"uv": [14, 4, 15, 5], "texture": "#4"},
				"south": {"uv": [15, 4, 14, 5], "texture": "#4"},
				"west": {"uv": [15, 4, 14, 5], "texture": "#4"},
				"up": {"uv": [15, 4, 14, 5], "rotation": 90, "texture": "#4"},
				"down": {"uv": [15, 4, 14, 5], "rotation": 270, "texture": "#4"}
			}
		},
		{
			"name": "pitcher_crop_bottom_stage_3_14",
			"from": [7.99246, 10, 9.46465],
			"to": [8.49246, 11, 11.46465],
			"rotation": {"angle": -45, "axis": "y", "origin": [8.74246, 11, 7.96465]},
			"faces": {
				"north": {"uv": [7, 5, 6, 6], "texture": "#4"},
				"east": {"uv": [5, 5, 7, 6], "texture": "#4"},
				"south": {"uv": [6, 5, 5, 6], "texture": "#4"},
				"west": {"uv": [7, 5, 5, 6], "texture": "#4"},
				"up": {"uv": [7, 5, 5, 6], "rotation": 90, "texture": "#4"},
				"down": {"uv": [7, 5, 5, 6], "rotation": 270, "texture": "#4"}
			}
		},
		{
			"name": "pitcher_crop_bottom_stage_3_15",
			"from": [7.99246, 8, 4.46465],
			"to": [8.49246, 11, 6.46465],
			"rotation": {"angle": -45, "axis": "y", "origin": [8.74246, 11, 7.96465]},
			"faces": {
				"north": {"uv": [12, 5, 11, 8], "texture": "#4"},
				"east": {"uv": [10, 5, 12, 8], "texture": "#4"},
				"south": {"uv": [11, 5, 10, 8], "texture": "#4"},
				"west": {"uv": [12, 5, 10, 8], "texture": "#4"},
				"up": {"uv": [12, 5, 10, 6], "rotation": 90, "texture": "#4"},
				"down": {"uv": [12, 7, 10, 8], "rotation": 270, "texture": "#4"}
			}
		},
		{
			"name": "pitcher_crop_bottom_stage_3_16",
			"from": [7.99246, 9, 11.46465],
			"to": [8.49246, 10, 13.46465],
			"rotation": {"angle": -45, "axis": "y", "origin": [8.74246, 11, 7.96465]},
			"faces": {
				"north": {"uv": [5, 6, 4, 7], "texture": "#4"},
				"east": {"uv": [3, 6, 5, 7], "texture": "#4"},
				"south": {"uv": [4, 6, 3, 7], "texture": "#4"},
				"west": {"uv": [5, 6, 3, 7], "texture": "#4"},
				"up": {"uv": [5, 6, 3, 7], "rotation": 90, "texture": "#4"},
				"down": {"uv": [5, 6, 3, 7], "rotation": 270, "texture": "#4"}
			}
		},
		{
			"name": "pitcher_crop_bottom_stage_3_17",
			"from": [7.99246, 6, 9.46465],
			"to": [8.49246, 10, 10.46465],
			"rotation": {"angle": -45, "axis": "y", "origin": [8.74246, 11, 7.96465]},
			"faces": {
				"north": {"uv": [7, 6, 6, 10], "texture": "#4"},
				"east": {"uv": [6, 6, 7, 10], "texture": "#4"},
				"south": {"uv": [7, 6, 6, 10], "texture": "#4"},
				"west": {"uv": [7, 6, 6, 10], "texture": "#4"},
				"up": {"uv": [7, 6, 6, 7], "rotation": 90, "texture": "#4"},
				"down": {"uv": [7, 9, 6, 10], "rotation": 270, "texture": "#4"}
			}
		},
		{
			"name": "pitcher_crop_bottom_stage_3_18",
			"from": [7.99246, 9, 3.46465],
			"to": [8.49246, 10, 4.46465],
			"rotation": {"angle": -45, "axis": "y", "origin": [8.74246, 11, 7.96465]},
			"faces": {
				"north": {"uv": [13, 6, 12, 7], "texture": "#4"},
				"east": {"uv": [12, 6, 13, 7], "texture": "#4"},
				"south": {"uv": [13, 6, 12, 7], "texture": "#4"},
				"west": {"uv": [13, 6, 12, 7], "texture": "#4"},
				"up": {"uv": [13, 6, 12, 7], "rotation": 90, "texture": "#4"},
				"down": {"uv": [13, 6, 12, 7], "rotation": 270, "texture": "#4"}
			}
		},
		{
			"name": "pitcher_crop_bottom_stage_3_19",
			"from": [7.99246, 8, 10.46465],
			"to": [8.49246, 9, 12.46465],
			"rotation": {"angle": -45, "axis": "y", "origin": [8.74246, 11, 7.96465]},
			"faces": {
				"north": {"uv": [6, 7, 5, 8], "texture": "#4"},
				"east": {"uv": [4, 7, 6, 8], "texture": "#4"},
				"south": {"uv": [5, 7, 4, 8], "texture": "#4"},
				"west": {"uv": [6, 7, 4, 8], "texture": "#4"},
				"up": {"uv": [6, 7, 4, 8], "rotation": 90, "texture": "#4"},
				"down": {"uv": [6, 7, 4, 8], "rotation": 270, "texture": "#4"}
			}
		},
		{
			"name": "pitcher_crop_bottom_stage_3_20",
			"from": [7.99246, 7, 10.46465],
			"to": [8.49246, 8, 11.46465],
			"rotation": {"angle": -45, "axis": "y", "origin": [8.74246, 11, 7.96465]},
			"faces": {
				"north": {"uv": [6, 8, 5, 9], "texture": "#4"},
				"east": {"uv": [5, 8, 6, 9], "texture": "#4"},
				"south": {"uv": [6, 8, 5, 9], "texture": "#4"},
				"west": {"uv": [6, 8, 5, 9], "texture": "#4"},
				"up": {"uv": [6, 8, 5, 9], "rotation": 90, "texture": "#4"},
				"down": {"uv": [6, 8, 5, 9], "rotation": 270, "texture": "#4"}
			}
		},
		{
			"name": "pitcher_crop_bottom_stage_3_21",
			"from": [7.99246, 7, 5.46465],
			"to": [8.49246, 8, 6.46465],
			"rotation": {"angle": -45, "axis": "y", "origin": [8.74246, 11, 7.96465]},
			"faces": {
				"north": {"uv": [11, 8, 10, 9], "texture": "#4"},
				"east": {"uv": [10, 8, 11, 9], "texture": "#4"},
				"south": {"uv": [11, 8, 10, 9], "texture": "#4"},
				"west": {"uv": [11, 8, 10, 9], "texture": "#4"},
				"up": {"uv": [11, 8, 10, 9], "rotation": 90, "texture": "#4"},
				"down": {"uv": [11, 8, 10, 9], "rotation": 270, "texture": "#4"}
			}
		}
	],
	"groups": [
		0,
		{
			"name": "pitcher_crop_bottom_stage_3",
			"origin": [8, 8, 8],
			"color": 0,
			"children": [1, 2, 3, 4, 5, 6, 7, 8, 9, 10, 11, 12, 13, 14, 15, 16, 17, 18, 19, 20, 21, 22, 23, 24, 25, 26, 27, 28, 29, 30, 31, 32, 33, 34, 35, 36]
		}
	],
	"corangeit": "Made with Blockbench"
}