{
	"credit": "Made with Blockbench",
	"ambientocclusion": false,
	"textures": {
		"3": "block/pitcher_crop_top_stage_4",
		"particle": "block/pitcher_crop_top"
	},
	"elements": [
		{
			"name": "pitcher_crop_top_stage_4_8",
			"from": [11, 6, 4],
			"to": [12, 7, 12],
			"rotation": {"angle": 0, "axis": "y", "origin": [8, 7, 7.5]},
			"faces": {
				"up": {"uv": [12, 9, 4, 10], "rotation": 90, "texture": "#3"}
			}
		},
		{
			"name": "pitcher_crop_top_stage_4_9",
			"from": [4, 6, 4],
			"to": [5, 7, 12],
			"rotation": {"angle": 0, "axis": "y", "origin": [8, 7, 7.5]},
			"faces": {
				"up": {"uv": [4, 9, 12, 10], "rotation": 90, "texture": "#3"}
			}
		},
		{
			"name": "pitcher_crop_top_stage_4_9",
			"from": [5, 6, 11],
			"to": [11, 7, 12],
			"rotation": {"angle": 0, "axis": "y", "origin": [8, 7, 7.5]},
			"faces": {
				"up": {"uv": [11, 9, 5, 10], "rotation": 180, "texture": "#3"}
			}
		},
		{
			"name": "pitcher_crop_top_stage_4_9",
			"from": [5, 6, 4],
			"to": [11, 7, 6],
			"rotation": {"angle": 0, "axis": "y", "origin": [8, 7, 7.5]},
			"faces": {
				"up": {"uv": [11, 9, 5, 10], "rotation": 180, "texture": "#3"}
			}
		},
		{
			"name": "pitcher_crop_top_stage_4_10",
			"from": [6, 6, 6],
			"to": [10, 7, 11],
			"rotation": {"angle": 0, "axis": "y", "origin": [8, 7, 7.5]},
			"faces": {
				"up": {"uv": [10, 8, 6, 6], "rotation": 180, "texture": "#3"}
			}
		},
		{
			"name": "pitcher_crop_top_stage_4_9",
			"from": [4, 6, 4],
			"to": [12, 7, 12],
			"rotation": {"angle": 0, "axis": "y", "origin": [8, 7, 7.5]},
			"faces": {
				"north": {"uv": [12, 9, 4, 10], "texture": "#3"},
				"east": {"uv": [4, 9, 12, 10], "texture": "#3"},
				"south": {"uv": [4, 9, 12, 10], "texture": "#3"},
				"west": {"uv": [4, 9, 12, 10], "texture": "#3"},
				"down": {"uv": [12, 9, 4, 10], "rotation": 180, "texture": "#3"}
			}
		},
		{
			"name": "pitcher_crop_top_stage_4_9",
			"from": [4, 5, 4],
			"to": [12, 6, 12],
			"rotation": {"angle": 0, "axis": "y", "origin": [8, 7, 7.5]},
			"faces": {
				"north": {"uv": [12, 10, 4, 11], "texture": "#3"},
				"east": {"uv": [4, 10, 12, 11], "texture": "#3"},
				"south": {"uv": [4, 10, 12, 11], "texture": "#3"},
				"west": {"uv": [4, 10, 12, 11], "texture": "#3"},
				"up": {"uv": [12, 10, 4, 11], "rotation": 180, "texture": "#3"},
				"down": {"uv": [12, 10, 4, 11], "rotation": 180, "texture": "#3"}
			}
		},
		{
			"name": "pitcher_crop_top_stage_4_10",
			"from": [3, 4, 3],
			"to": [13, 5, 13],
			"rotation": {"angle": 0, "axis": "y", "origin": [8, 7, 7.5]},
			"faces": {
				"north": {"uv": [13, 11, 3, 12], "texture": "#3"},
				"east": {"uv": [3, 11, 13, 12], "texture": "#3"},
				"south": {"uv": [3, 11, 13, 12], "texture": "#3"},
				"west": {"uv": [3, 11, 13, 12], "texture": "#3"},
				"down": {"uv": [13, 11, 3, 12], "rotation": 180, "texture": "#3"}
			}
		},
		{
			"name": "pitcher_crop_top_stage_4_11",
			"from": [3, 3, 3],
			"to": [13, 4, 13],
			"rotation": {"angle": 0, "axis": "y", "origin": [8, 7, 7.5]},
			"faces": {
				"north": {"uv": [13, 12, 3, 13], "texture": "#3"},
				"east": {"uv": [3, 12, 13, 13], "texture": "#3"},
				"south": {"uv": [3, 12, 13, 13], "texture": "#3"},
				"west": {"uv": [3, 12, 13, 13], "texture": "#3"},
				"up": {"uv": [13, 12, 3, 13], "rotation": 180, "texture": "#3"},
				"down": {"uv": [13, 12, 3, 13], "rotation": 180, "texture": "#3"}
			}
		},
		{
			"name": "pitcher_crop_top_stage_4_12",
			"from": [3, 2, 3],
			"to": [13, 3, 13],
			"rotation": {"angle": 0, "axis": "y", "origin": [8, 7, 7.5]},
			"faces": {
				"north": {"uv": [13, 13, 3, 14], "texture": "#3"},
				"east": {"uv": [3, 13, 13, 14], "texture": "#3"},
				"south": {"uv": [3, 13, 13, 14], "texture": "#3"},
				"west": {"uv": [3, 13, 13, 14], "texture": "#3"},
				"up": {"uv": [13, 13, 3, 14], "rotation": 180, "texture": "#3"},
				"down": {"uv": [13, 13, 3, 14], "rotation": 180, "texture": "#3"}
			}
		},
		{
			"name": "pitcher_crop_top_stage_4_13",
			"from": [3, 1, 3],
			"to": [13, 2, 13],
			"rotation": {"angle": 0, "axis": "y", "origin": [8, 7, 7.5]},
			"faces": {
				"north": {"uv": [13, 14, 3, 15], "texture": "#3"},
				"east": {"uv": [3, 14, 13, 15], "texture": "#3"},
				"south": {"uv": [3, 14, 13, 15], "texture": "#3"},
				"west": {"uv": [3, 14, 13, 15], "texture": "#3"},
				"up": {"uv": [13, 14, 3, 15], "rotation": 180, "texture": "#3"},
				"down": {"uv": [13, 14, 3, 15], "rotation": 180, "texture": "#3"}
			}
		},
		{
			"name": "pitcher_crop_top_stage_4_14",
			"from": [3, 0, 3],
			"to": [13, 1, 13],
			"rotation": {"angle": 0, "axis": "y", "origin": [8, 7, 7.5]},
			"faces": {
				"north": {"uv": [13, 15, 3, 16], "texture": "#3"},
				"east": {"uv": [3, 15, 13, 16], "texture": "#3"},
				"south": {"uv": [3, 15, 13, 16], "texture": "#3"},
				"west": {"uv": [3, 15, 13, 16], "texture": "#3"},
				"up": {"uv": [13, 15, 3, 16], "rotation": 180, "texture": "#3"},
				"down": {"uv": [13, 15, 3, 16], "rotation": 180, "texture": "#3"}
			}
		},
		{
			"from": [3, 5, 12],
			"to": [13, 5, 13],
			"rotation": {"angle": 0, "axis": "y", "origin": [8, 7, 7.5]},
			"faces": {
				"up": {"uv": [13, 11, 3, 12], "rotation": 180, "texture": "#3"}
			}
		},
		{
			"from": [3, 5, 3],
			"to": [13, 5, 4],
			"rotation": {"angle": 0, "axis": "y", "origin": [8, 7, 7.5]},
			"faces": {
				"up": {"uv": [13, 11, 3, 12], "rotation": 180, "texture": "#3"}
			}
		},
		{
			"from": [3, 5, 4],
			"to": [4, 5, 12],
			"rotation": {"angle": 0, "axis": "y", "origin": [8, 7, 7.5]},
			"faces": {
				"up": {"uv": [12, 11, 4, 12], "rotation": 270, "texture": "#3"}
			}
		},
		{
			"from": [12, 5, 4],
			"to": [13, 5, 12],
			"rotation": {"angle": 0, "axis": "y", "origin": [8, 7, 7.5]},
			"faces": {
				"up": {"uv": [4, 11, 12, 12], "rotation": 270, "texture": "#3"}
			}
		},
		{
			"name": "pitcher_crop_top_stage_4_40",
			"from": [10, 9, 6],
			"to": [11, 10, 9],
			"rotation": {"angle": 0, "axis": "y", "origin": [8, 7, 7.5]},
			"faces": {
				"north": {"uv": [10, 9, 9, 10], "texture": "#3"},
				"east": {"uv": [7, 9, 10, 10], "texture": "#3"},
				"south": {"uv": [10, 6, 11, 7], "texture": "#3"},
				"west": {"uv": [7, 5, 6, 6], "texture": "#3"},
				"up": {"uv": [10, 6, 11, 9], "rotation": 180, "texture": "#3"},
				"down": {"uv": [11, 6, 10, 7], "rotation": 180, "texture": "#3"}
			}
		},
		{
			"name": "pitcher_crop_top_stage_4_46",
			"from": [10, 8, 6],
			"to": [11, 9, 10],
			"rotation": {"angle": 0, "axis": "y", "origin": [8, 7, 7.5]},
			"faces": {
				"north": {"uv": [11, 9, 10, 10], "texture": "#3"},
				"east": {"uv": [9, 9, 5, 10], "texture": "#3"},
				"south": {"uv": [10, 7, 11, 8], "texture": "#3"},
				"west": {"uv": [10, 6, 6, 7], "texture": "#3"},
				"up": {"uv": [11, 7, 10, 8], "rotation": 180, "texture": "#3"},
				"down": {"uv": [11, 7, 10, 8], "rotation": 180, "texture": "#3"}
			}
		},
		{
			"name": "pitcher_crop_top_stage_4_48",
			"from": [6, 7, 10],
			"to": [7, 8, 11],
			"rotation": {"angle": 0, "axis": "y", "origin": [8, 7, 7.5]},
			"faces": {
				"north": {"uv": [10, 7, 6, 8], "texture": "#3"},
				"east": {"uv": [7, 8, 6, 9], "texture": "#3"},
				"south": {"uv": [6, 8, 7, 9], "texture": "#3"},
				"west": {"uv": [7, 8, 6, 9], "texture": "#3"},
				"up": {"uv": [7, 8, 6, 9], "rotation": 180, "texture": "#3"},
				"down": {"uv": [7, 8, 6, 9], "rotation": 180, "texture": "#3"}
			}
		},
		{
			"name": "pitcher_crop_top_stage_4_51",
			"from": [9, 7, 10],
			"to": [10, 8, 11],
			"rotation": {"angle": 0, "axis": "y", "origin": [8, 7, 7.5]},
			"faces": {
				"north": {"uv": [10, 7, 6, 8], "texture": "#3"},
				"east": {"uv": [10, 8, 9, 9], "texture": "#3"},
				"south": {"uv": [9, 8, 10, 9], "texture": "#3"},
				"west": {"uv": [10, 8, 9, 9], "texture": "#3"},
				"up": {"uv": [10, 8, 9, 9], "rotation": 180, "texture": "#3"},
				"down": {"uv": [10, 8, 9, 9], "rotation": 180, "texture": "#3"}
			}
		},
		{
			"name": "pitcher_crop_top_stage_4_52",
			"from": [10, 7, 6],
			"to": [11, 8, 11],
			"rotation": {"angle": 0, "axis": "y", "origin": [8, 7, 7.5]},
			"faces": {
				"north": {"uv": [11, 9, 10, 10], "texture": "#3"},
				"east": {"uv": [10, 9, 5, 10], "texture": "#3"},
				"south": {"uv": [10, 8, 11, 9], "texture": "#3"},
				"west": {"uv": [10, 7, 6, 8], "texture": "#3"},
				"up": {"uv": [11, 8, 10, 9], "rotation": 180, "texture": "#3"},
				"down": {"uv": [11, 8, 10, 9], "rotation": 180, "texture": "#3"}
			}
		},
		{
			"name": "pitcher_crop_top_stage_4_41",
			"from": [5, 9, 6],
			"to": [6, 10, 9],
			"rotation": {"angle": 0, "axis": "y", "origin": [8, 7, 7.5]},
			"faces": {
				"north": {"uv": [9, 9, 10, 10], "texture": "#3"},
				"east": {"uv": [6, 5, 7, 6], "texture": "#3"},
				"south": {"uv": [11, 6, 10, 7], "texture": "#3"},
				"west": {"uv": [10, 9, 7, 10], "texture": "#3"},
				"up": {"uv": [11, 6, 10, 9], "rotation": 180, "texture": "#3"},
				"down": {"uv": [10, 6, 11, 7], "rotation": 180, "texture": "#3"}
			}
		},
		{
			"name": "pitcher_crop_top_stage_4_47",
			"from": [5, 8, 6],
			"to": [6, 9, 10],
			"rotation": {"angle": 0, "axis": "y", "origin": [8, 7, 7.5]},
			"faces": {
				"north": {"uv": [10, 7, 11, 8], "texture": "#3"},
				"east": {"uv": [6, 6, 10, 7], "texture": "#3"},
				"south": {"uv": [11, 7, 10, 8], "texture": "#3"},
				"west": {"uv": [5, 9, 9, 10], "texture": "#3"},
				"up": {"uv": [10, 7, 11, 8], "rotation": 180, "texture": "#3"},
				"down": {"uv": [10, 7, 11, 8], "rotation": 180, "texture": "#3"}
			}
		},
		{
			"name": "pitcher_crop_top_stage_4_53",
			"from": [5, 7, 6],
			"to": [6, 8, 11],
			"rotation": {"angle": 0, "axis": "y", "origin": [8, 7, 7.5]},
			"faces": {
				"north": {"uv": [10, 8, 11, 9], "texture": "#3"},
				"east": {"uv": [6, 7, 10, 8], "texture": "#3"},
				"south": {"uv": [11, 8, 10, 9], "texture": "#3"},
				"west": {"uv": [5, 9, 10, 10], "texture": "#3"},
				"up": {"uv": [10, 8, 11, 9], "rotation": 180, "texture": "#3"},
				"down": {"uv": [10, 8, 11, 9], "rotation": 180, "texture": "#3"}
			}
		},
		{
			"from": [6, 7, 5],
			"to": [8, 11, 6],
			"rotation": {"angle": 0, "axis": "y", "origin": [8, 7, 7.5]},
			"faces": {
				"north": {"uv": [8, 9, 6, 10], "texture": "#3"},
				"east": {"uv": [5, 9, 6, 10], "texture": "#3"},
				"south": {"uv": [6, 5, 8, 8], "texture": "#3"},
				"west": {"uv": [5, 9, 6, 10], "texture": "#3"},
				"up": {"uv": [8, 9, 6, 10], "rotation": 180, "texture": "#3"}
			}
		},
		{
			"from": [8, 7, 5],
			"to": [10, 11, 6],
			"rotation": {"angle": 0, "axis": "y", "origin": [8, 7, 7.5]},
			"faces": {
				"north": {"uv": [8, 9, 10, 10], "texture": "#3"},
				"east": {"uv": [6, 8, 5, 10], "texture": "#3"},
				"south": {"uv": [8, 5, 6, 8], "texture": "#3"},
				"west": {"uv": [6, 9, 5, 10], "texture": "#3"},
				"up": {"uv": [8, 9, 10, 10], "rotation": 180, "texture": "#3"}
			}
		},
		{
			"name": "pitcher_crop_top_stage_4_0",
			"from": [5, 13, 6.5],
			"to": [10, 14, 10.25],
			"rotation": {"angle": 0, "axis": "y", "origin": [8, 7, 7.5]},
			"faces": {
				"north": {"uv": [10, 1, 5, 2], "texture": "#3"},
				"east": {"uv": [10, 1, 9, 2], "texture": "#3"},
				"south": {"uv": [5, 1, 10, 2], "texture": "#3"},
				"west": {"uv": [6, 1, 5, 2], "texture": "#3"},
				"up": {"uv": [10, 5, 5, 1], "rotation": 180, "texture": "#3"},
				"down": {"uv": [10, 1, 5, 2], "rotation": 180, "texture": "#3"}
			}
		},
		{
			"name": "pitcher_crop_top_stage_4_2",
			"from": [6.5, 11, 5],
			"to": [9.5, 12, 6],
			"rotation": {"angle": 0, "axis": "y", "origin": [8, 7, 7.5]},
			"faces": {
				"north": {"uv": [9, 9, 6, 10], "texture": "#3"},
				"east": {"uv": [10, 1, 9, 2], "texture": "#3"},
				"south": {"uv": [9, 9, 6, 10], "texture": "#3"},
				"west": {"uv": [6, 1, 5, 2], "texture": "#3"},
				"up": {"uv": [9, 9, 6, 10], "rotation": 180, "texture": "#3"},
				"down": {"uv": [10, 9, 6, 10], "rotation": 180, "texture": "#3"}
			}
		},
		{
			"name": "pitcher_crop_top_stage_4_3",
			"from": [6.5, 12, 6],
			"to": [9.5, 13, 7],
			"rotation": {"angle": 0, "axis": "y", "origin": [8, 7, 7.5]},
			"faces": {
				"north": {"uv": [9, 9, 6, 10], "texture": "#3"},
				"east": {"uv": [10, 1, 9, 2], "texture": "#3"},
				"south": {"uv": [9, 9, 6, 10], "texture": "#3"},
				"west": {"uv": [6, 1, 5, 2], "texture": "#3"},
				"up": {"uv": [9, 9, 6, 10], "rotation": 180, "texture": "#3"},
				"down": {"uv": [9, 9, 6, 10], "rotation": 180, "texture": "#3"}
			}
		},
		{
			"name": "pitcher_crop_top_stage_4_1",
			"from": [4, 12, 9.25],
			"to": [11, 13, 11.25],
			"rotation": {"angle": 0, "axis": "y", "origin": [8, 7, 7.5]},
			"faces": {
				"north": {"uv": [11, 2, 4, 3], "texture": "#3"},
				"east": {"uv": [11, 2, 10, 3], "texture": "#3"},
				"south": {"uv": [4, 2, 11, 3], "texture": "#3"},
				"west": {"uv": [5, 2, 4, 3], "texture": "#3"},
				"up": {"uv": [11, 2, 4, 3], "rotation": 180, "texture": "#3"},
				"down": {"uv": [11, 2, 4, 3], "rotation": 180, "texture": "#3"}
			}
		},
		{
			"name": "pitcher_crop_top_stage_4_2",
			"from": [4, 11, 10.25],
			"to": [12, 12, 12.25],
			"rotation": {"angle": 0, "axis": "y", "origin": [8, 7, 7.5]},
			"faces": {
				"north": {"uv": [12, 3, 4, 4], "texture": "#3"},
				"east": {"uv": [12, 3, 11, 4], "texture": "#3"},
				"south": {"uv": [4, 3, 12, 4], "texture": "#3"},
				"west": {"uv": [5, 3, 4, 4], "texture": "#3"},
				"up": {"uv": [12, 3, 4, 4], "rotation": 180, "texture": "#3"},
				"down": {"uv": [12, 3, 4, 4], "rotation": 180, "texture": "#3"}
			}
		},
		{
			"name": "pitcher_crop_top_stage_4_3",
			"from": [5, 10, 11.75],
			"to": [13, 11, 13],
			"rotation": {"angle": 0, "axis": "y", "origin": [8, 7, 7.5]},
			"faces": {
				"north": {"uv": [13, 4, 5, 5], "texture": "#3"},
				"east": {"uv": [13, 4, 12, 5], "texture": "#3"},
				"south": {"uv": [5, 4, 13, 5], "texture": "#3"},
				"west": {"uv": [6, 4, 5, 5], "texture": "#3"},
				"up": {"uv": [13, 4, 5, 5], "rotation": 180, "texture": "#3"},
				"down": {"uv": [13, 4, 5, 5], "rotation": 180, "texture": "#3"}
			}
		},
		{
			"name": "pitcher_crop_top_stage_4_31",
			"from": [9, 9, 13],
			"to": [10, 10, 14],
			"rotation": {"angle": 0, "axis": "y", "origin": [8, 7, 7.5]},
			"faces": {
				"north": {"uv": [10, 5, 9, 6], "texture": "#3"},
				"east": {"uv": [10, 5, 9, 6], "texture": "#3"},
				"south": {"uv": [9, 5, 10, 6], "texture": "#3"},
				"west": {"uv": [10, 5, 9, 6], "texture": "#3"},
				"up": {"uv": [10, 5, 9, 6], "rotation": 180, "texture": "#3"},
				"down": {"uv": [10, 5, 9, 6], "rotation": 180, "texture": "#3"}
			}
		},
		{
			"name": "pitcher_crop_top_stage_4_32",
			"from": [10, 9, 13],
			"to": [11, 10, 14],
			"rotation": {"angle": 0, "axis": "y", "origin": [8, 7, 7.5]},
			"faces": {
				"north": {"uv": [11, 5, 10, 6], "texture": "#3"},
				"east": {"uv": [11, 5, 10, 6], "texture": "#3"},
				"south": {"uv": [10, 5, 11, 6], "texture": "#3"},
				"west": {"uv": [11, 5, 10, 6], "texture": "#3"},
				"up": {"uv": [11, 5, 10, 6], "rotation": 180, "texture": "#3"},
				"down": {"uv": [11, 5, 10, 6], "rotation": 180, "texture": "#3"}
			}
		},
		{
			"name": "pitcher_crop_top_stage_4_33",
			"from": [11, 9, 13],
			"to": [12, 10, 14],
			"rotation": {"angle": 0, "axis": "y", "origin": [8, 7, 7.5]},
			"faces": {
				"north": {"uv": [12, 5, 11, 6], "texture": "#3"},
				"east": {"uv": [12, 5, 11, 6], "texture": "#3"},
				"south": {"uv": [11, 5, 12, 6], "texture": "#3"},
				"west": {"uv": [12, 5, 11, 6], "texture": "#3"},
				"up": {"uv": [12, 5, 11, 6], "rotation": 180, "texture": "#3"},
				"down": {"uv": [12, 5, 11, 6], "rotation": 180, "texture": "#3"}
			}
		},
		{
			"name": "pitcher_crop_top_stage_4_34",
			"from": [12, 9, 12.75],
			"to": [13, 10, 14],
			"rotation": {"angle": 0, "axis": "y", "origin": [8, 7, 7.5]},
			"faces": {
				"north": {"uv": [13, 5, 12, 6], "texture": "#3"},
				"east": {"uv": [13, 5, 12, 6], "texture": "#3"},
				"south": {"uv": [12, 5, 13, 6], "texture": "#3"},
				"west": {"uv": [13, 5, 12, 6], "texture": "#3"},
				"up": {"uv": [13, 5, 12, 6], "rotation": 180, "texture": "#3"},
				"down": {"uv": [13, 5, 12, 6], "rotation": 180, "texture": "#3"}
			}
		}
	],
	"groups": [
		{
			"name": "pitcher_crop_top_stage_4",
			"origin": [8, 8, 8],
			"color": 0,
			"children": [0, 1, 2, 3, 4, 5, 6, 7, 8, 9, 10, 11, 12, 13, 14, 15]
		},
		{
			"name": "pitcher_crop_top_stage_4",
			"origin": [8, 8, 8],
			"color": 0,
			"children": [16, 17, 18, 19, 20, 21, 22, 23]
		},
		24,
		25,
		{
			"name": "pitcher_crop_top_stage_4",
			"origin": [8, 8, 8],
			"color": 0,
			"children": []
		},
		{
			"name": "pitcher_crop_top_stage_4",
			"origin": [8, 8, 8],
			"color": 0,
			"children": []
		},
		{
			"name": "pitcher_crop_top_stage_4",
			"origin": [8, 8, 8],
			"color": 0,
			"children": [
				{
					"name": "leaf",
					"origin": [0, 0, 0],
					"color": 0,
					"children": [26, 27, 28, 29, 30, 31, 32, 33, 34, 35]
				}
			]
		}
	],
	"corangeit": "Made with Blockbench"
}