{
	"credit": "Made by sniffercraft34",
	"ambientocclusion": false,
	"textures": {
		"0": "block/brown_mushroom",
		"particle": "block/brown_mushroom"
	},
	"elements": [
		{
			"from": [7, 0, 7],
			"to": [9, 4, 9],
			"rotation": {"angle": 0, "axis": "y", "origin": [7, 0, 7]},
			"faces": {
				"north": {"uv": [7, 12, 9, 16], "texture": "#0"},
				"east": {"uv": [7, 12, 9, 16], "texture": "#0"},
				"south": {"uv": [7, 12, 9, 16], "texture": "#0"},
				"west": {"uv": [7, 12, 9, 16], "texture": "#0"},
				"up": {"uv": [7, 12, 9, 14], "texture": "#0"},
				"down": {"uv": [7, 14, 9, 16], "texture": "#0"}
			}
		},
		{
			"from": [4, 4, 4],
			"to": [12, 6, 12],
			"rotation": {"angle": 0, "axis": "y", "origin": [7, 4, 7]},
			"faces": {
				"north": {"uv": [4, 10, 12, 12], "texture": "#0"},
				"east": {"uv": [4, 10, 12, 12], "texture": "#0"},
				"south": {"uv": [4, 10, 12, 12], "texture": "#0"},
				"west": {"uv": [4, 10, 12, 12], "texture": "#0"},
				"up": {"uv": [10, 10, 12, 12], "texture": "#0"},
				"down": {"uv": [4, 10, 12, 12], "texture": "#0"}
			}
		},
		{
			"from": [5, 6, 5],
			"to": [11, 7, 11],
			"rotation": {"angle": 0, "axis": "y", "origin": [7, 6, 7]},
			"faces": {
				"north": {"uv": [5, 9, 11, 10], "texture": "#0"},
				"east": {"uv": [5, 9, 11, 10], "texture": "#0"},
				"south": {"uv": [5, 9, 11, 10], "texture": "#0"},
				"west": {"uv": [5, 9, 11, 10], "texture": "#0"},
				"up": {"uv": [10, 10, 12, 12], "texture": "#0"},
				"down": {"uv": [4, 10, 12, 12], "texture": "#0"}
			}
		},
		{
			"from": [6, 7, 6],
			"to": [10, 8, 10],
			"rotation": {"angle": 0, "axis": "y", "origin": [7, 7, 7]},
			"faces": {
				"north": {"uv": [6, 8, 10, 9], "texture": "#0"},
				"east": {"uv": [6, 8, 10, 9], "texture": "#0"},
				"south": {"uv": [6, 8, 10, 9], "texture": "#0"},
				"west": {"uv": [6, 9, 10, 9], "texture": "#0"},
				"up": {"uv": [10, 10, 12, 12], "texture": "#0"},
				"down": {"uv": [4, 10, 12, 12], "texture": "#0"}
			}
		}
	],
	"display": {
		"thirdperson_righthand": {
			"translation": [0, 3, 1],
			"scale": [0.55, 0.55, 0.55]
		},
		"thirdperson_lefthand": {
			"translation": [0, 3, 1],
			"scale": [0.55, 0.55, 0.55]
		},
		"firstperson_righthand": {
			"rotation": [0, -90, 25],
			"translation": [1.13, 3.2, 1.13],
			"scale": [0.68, 0.68, 0.68]
		},
		"firstperson_lefthand": {
			"rotation": [0, -90, 25],
			"translation": [1.13, 3.2, 1.13],
			"scale": [0.68, 0.68, 0.68]
		},
		"ground": {
			"translation": [0, 2, 0],
			"scale": [0.5, 0.5, 0.5]
		},
		"gui": {
			"rotation": [30, 225, 0],
			"scale": [0.625, 0.625, 0.625]
		},
		"head": {
			"rotation": [0, 180, 0],
			"translation": [0, 13, 3.5]
		},
		"fixed": {
			"rotation": [0, 180, 0]
		}
	}
}