{
	"credit": "Made with Blockbench",
	"parent": "minecraft:block/crop",
	"textures": {
		"1": "block/beetroots_stage1",
		"particle": "block/beetroots_stage1"
	},
	"elements": [
		{
			"name": "beetroots_stage1_0",
			"from": [10, 2, 7.65],
			"to": [11, 4, 8.4],
			"rotation": {"angle": 0, "axis": "x", "origin": [16, 0, 0]},
			"faces": {
				"north": {"uv": [6, 13, 5, 11], "rotation": 180, "texture": "#1"},
				"east": {"uv": [6, 11, 5, 13], "texture": "#1"},
				"south": {"uv": [6, 11, 5, 13], "texture": "#1"},
				"west": {"uv": [6, 11, 5, 13], "texture": "#1"},
				"up": {"uv": [5, 11, 6, 12], "rotation": 180, "texture": "#1"},
				"down": {"uv": [6, 12, 5, 13], "texture": "#1"}
			}
		},
		{
			"name": "beetroots_stage1_1",
			"from": [9, 1, 7.65],
			"to": [10, 4, 8.4],
			"rotation": {"angle": 0, "axis": "x", "origin": [16, 0, 0]},
			"faces": {
				"north": {"uv": [7, 14, 6, 11], "rotation": 180, "texture": "#1"},
				"east": {"uv": [7, 11, 6, 14], "texture": "#1"},
				"south": {"uv": [7, 11, 6, 14], "texture": "#1"},
				"west": {"uv": [7, 11, 6, 14], "texture": "#1"},
				"up": {"uv": [6, 11, 7, 12], "rotation": 180, "texture": "#1"},
				"down": {"uv": [7, 13, 6, 14], "texture": "#1"}
			}
		},
		{
			"name": "beetroots_stage1_2",
			"from": [13, -1, 2],
			"to": [14, 3, 2.75],
			"rotation": {"angle": 0, "axis": "x", "origin": [16, 0, 0]},
			"faces": {
				"north": {"uv": [3, 16, 2, 12], "rotation": 180, "texture": "#1"},
				"east": {"uv": [3, 12, 2, 16], "texture": "#1"},
				"south": {"uv": [3, 12, 2, 16], "texture": "#1"},
				"west": {"uv": [3, 12, 2, 16], "texture": "#1"},
				"up": {"uv": [2, 12, 3, 13], "rotation": 180, "texture": "#1"},
				"down": {"uv": [3, 15, 2, 16], "texture": "#1"}
			}
		},
		{
			"name": "beetroots_stage1_3",
			"from": [12, 1, 2],
			"to": [13, 3, 2.75],
			"rotation": {"angle": 0, "axis": "x", "origin": [16, 0, 0]},
			"faces": {
				"north": {"uv": [4, 14, 3, 12], "rotation": 180, "texture": "#1"},
				"east": {"uv": [4, 12, 3, 14], "texture": "#1"},
				"south": {"uv": [4, 12, 3, 14], "texture": "#1"},
				"west": {"uv": [4, 12, 3, 14], "texture": "#1"},
				"up": {"uv": [3, 12, 4, 13], "rotation": 180, "texture": "#1"},
				"down": {"uv": [4, 13, 3, 14], "texture": "#1"}
			}
		},
		{
			"name": "beetroots_stage1_4",
			"from": [6, 1, 7.65],
			"to": [7, 3, 8.4],
			"rotation": {"angle": 0, "axis": "x", "origin": [16, 0, 0]},
			"faces": {
				"north": {"uv": [10, 14, 9, 12], "rotation": 180, "texture": "#1"},
				"east": {"uv": [10, 12, 9, 14], "texture": "#1"},
				"south": {"uv": [10, 12, 9, 14], "texture": "#1"},
				"west": {"uv": [10, 12, 9, 14], "texture": "#1"},
				"up": {"uv": [9, 12, 10, 13], "rotation": 180, "texture": "#1"},
				"down": {"uv": [10, 13, 9, 14], "texture": "#1"}
			}
		},
		{
			"name": "beetroots_stage1_5",
			"from": [2, 0, 3],
			"to": [3, 3, 3.75],
			"rotation": {"angle": 0, "axis": "x", "origin": [16, 0, 0]},
			"faces": {
				"north": {"uv": [14, 15, 13, 12], "rotation": 180, "texture": "#1"},
				"east": {"uv": [14, 12, 13, 15], "texture": "#1"},
				"south": {"uv": [14, 12, 13, 15], "texture": "#1"},
				"west": {"uv": [14, 12, 13, 15], "texture": "#1"},
				"up": {"uv": [13, 12, 14, 13], "rotation": 180, "texture": "#1"},
				"down": {"uv": [14, 14, 13, 15], "texture": "#1"}
			}
		},
		{
			"name": "beetroots_stage1_6",
			"from": [1, 1, 3],
			"to": [2, 3, 3.75],
			"rotation": {"angle": 0, "axis": "x", "origin": [16, 0, 0]},
			"faces": {
				"north": {"uv": [15, 14, 14, 12], "rotation": 180, "texture": "#1"},
				"east": {"uv": [15, 12, 14, 14], "texture": "#1"},
				"south": {"uv": [15, 12, 14, 14], "texture": "#1"},
				"west": {"uv": [15, 12, 14, 14], "texture": "#1"},
				"up": {"uv": [14, 12, 15, 13], "rotation": 180, "texture": "#1"},
				"down": {"uv": [15, 13, 14, 14], "texture": "#1"}
			}
		},
		{
			"name": "beetroots_stage1_7",
			"from": [14, 0, 2],
			"to": [15, 2, 2.75],
			"rotation": {"angle": 0, "axis": "x", "origin": [16, 0, 0]},
			"faces": {
				"north": {"uv": [2, 15, 1, 13], "rotation": 180, "texture": "#1"},
				"east": {"uv": [2, 13, 1, 15], "texture": "#1"},
				"south": {"uv": [2, 13, 1, 15], "texture": "#1"},
				"west": {"uv": [2, 13, 1, 15], "texture": "#1"},
				"up": {"uv": [1, 13, 2, 14], "rotation": 180, "texture": "#1"},
				"down": {"uv": [2, 14, 1, 15], "texture": "#1"}
			}
		},
		{
			"name": "beetroots_stage1_8",
			"from": [8, -1, 7.65],
			"to": [9, 2, 8.4],
			"rotation": {"angle": 0, "axis": "x", "origin": [16, 0, 0]},
			"faces": {
				"north": {"uv": [8, 16, 7, 13], "rotation": 180, "texture": "#1"},
				"east": {"uv": [8, 13, 7, 16], "texture": "#1"},
				"south": {"uv": [8, 13, 7, 16], "texture": "#1"},
				"west": {"uv": [8, 13, 7, 16], "texture": "#1"},
				"up": {"uv": [7, 13, 8, 14], "rotation": 180, "texture": "#1"},
				"down": {"uv": [8, 15, 7, 16], "texture": "#1"}
			}
		},
		{
			"name": "beetroots_stage1_9",
			"from": [7, 1, 7.65],
			"to": [8, 2, 8.4],
			"rotation": {"angle": 0, "axis": "x", "origin": [16, 0, 0]},
			"faces": {
				"north": {"uv": [9, 14, 8, 13], "rotation": 180, "texture": "#1"},
				"east": {"uv": [9, 13, 8, 14], "texture": "#1"},
				"south": {"uv": [9, 13, 8, 14], "texture": "#1"},
				"west": {"uv": [9, 13, 8, 14], "texture": "#1"},
				"up": {"uv": [8, 13, 9, 14], "rotation": 180, "texture": "#1"},
				"down": {"uv": [9, 13, 8, 14], "texture": "#1"}
			}
		},
		{
			"name": "beetroots_stage1_10",
			"from": [4, 0, 3],
			"to": [5, 2, 3.75],
			"rotation": {"angle": 0, "axis": "x", "origin": [16, 0, 0]},
			"faces": {
				"north": {"uv": [12, 15, 11, 13], "rotation": 180, "texture": "#1"},
				"east": {"uv": [12, 13, 11, 15], "texture": "#1"},
				"south": {"uv": [12, 13, 11, 15], "texture": "#1"},
				"west": {"uv": [12, 13, 11, 15], "texture": "#1"},
				"up": {"uv": [11, 13, 12, 14], "rotation": 180, "texture": "#1"},
				"down": {"uv": [12, 14, 11, 15], "texture": "#1"}
			}
		},
		{
			"name": "beetroots_stage1_11",
			"from": [3, -1, 3],
			"to": [4, 1, 3.75],
			"rotation": {"angle": 0, "axis": "x", "origin": [16, 0, 0]},
			"faces": {
				"north": {"uv": [13, 16, 12, 14], "rotation": 180, "texture": "#1"},
				"east": {"uv": [13, 14, 12, 16], "texture": "#1"},
				"south": {"uv": [13, 14, 12, 16], "texture": "#1"},
				"west": {"uv": [13, 14, 12, 16], "texture": "#1"},
				"up": {"uv": [12, 14, 13, 15], "rotation": 180, "texture": "#1"},
				"down": {"uv": [13, 15, 12, 16], "texture": "#1"}
			}
		},
		{
			"name": "beetroots_stage1_6",
			"from": [2, 0, 3],
			"to": [3, 3, 3.75],
			"rotation": {"angle": 0, "axis": "x", "origin": [3, 2, 3.375]},
			"faces": {
				"north": {"uv": [14, 15, 13, 12], "rotation": 180, "texture": "#1"},
				"east": {"uv": [14, 12, 13, 15], "texture": "#1"},
				"south": {"uv": [14, 12, 13, 15], "texture": "#1"},
				"west": {"uv": [14, 12, 13, 15], "texture": "#1"},
				"up": {"uv": [13, 12, 14, 13], "rotation": 180, "texture": "#1"},
				"down": {"uv": [14, 14, 13, 15], "texture": "#1"}
			}
		},
		{
			"name": "beetroots_stage1_7",
			"from": [1, 1, 3],
			"to": [2, 3, 3.75],
			"rotation": {"angle": 0, "axis": "x", "origin": [3, 2, 3.375]},
			"faces": {
				"north": {"uv": [15, 14, 14, 12], "rotation": 180, "texture": "#1"},
				"east": {"uv": [15, 12, 14, 14], "texture": "#1"},
				"south": {"uv": [15, 12, 14, 14], "texture": "#1"},
				"west": {"uv": [15, 12, 14, 14], "texture": "#1"},
				"up": {"uv": [14, 12, 15, 13], "rotation": 180, "texture": "#1"},
				"down": {"uv": [15, 13, 14, 14], "texture": "#1"}
			}
		},
		{
			"name": "beetroots_stage1_11",
			"from": [4, 0, 3],
			"to": [5, 2, 3.75],
			"rotation": {"angle": 0, "axis": "x", "origin": [3, 2, 3.375]},
			"faces": {
				"north": {"uv": [12, 15, 11, 13], "rotation": 180, "texture": "#1"},
				"east": {"uv": [12, 13, 11, 15], "texture": "#1"},
				"south": {"uv": [12, 13, 11, 15], "texture": "#1"},
				"west": {"uv": [12, 13, 11, 15], "texture": "#1"},
				"up": {"uv": [11, 13, 12, 14], "rotation": 180, "texture": "#1"},
				"down": {"uv": [12, 14, 11, 15], "texture": "#1"}
			}
		},
		{
			"name": "beetroots_stage1_12",
			"from": [3, -1, 3],
			"to": [4, 1, 3.75],
			"rotation": {"angle": 0, "axis": "x", "origin": [3, 2, 3.375]},
			"faces": {
				"north": {"uv": [13, 16, 12, 14], "rotation": 180, "texture": "#1"},
				"east": {"uv": [13, 14, 12, 16], "texture": "#1"},
				"south": {"uv": [13, 14, 12, 16], "texture": "#1"},
				"west": {"uv": [13, 14, 12, 16], "texture": "#1"},
				"up": {"uv": [12, 14, 13, 15], "rotation": 180, "texture": "#1"},
				"down": {"uv": [13, 15, 12, 16], "texture": "#1"}
			}
		},
		{
			"name": "beetroots_stage1_6",
			"from": [3.125, 0, 3.875],
			"to": [3.875, 3, 4.875],
			"rotation": {"angle": 0, "axis": "x", "origin": [3, 2, 3.375]},
			"faces": {
				"north": {"uv": [14, 12, 13, 15], "texture": "#1"},
				"east": {"uv": [14, 12, 13, 15], "texture": "#1"},
				"south": {"uv": [14, 12, 13, 15], "texture": "#1"},
				"west": {"uv": [14, 15, 13, 12], "rotation": 180, "texture": "#1"},
				"up": {"uv": [13, 12, 14, 13], "rotation": 90, "texture": "#1"},
				"down": {"uv": [14, 14, 13, 15], "rotation": 90, "texture": "#1"}
			}
		},
		{
			"name": "beetroots_stage1_7",
			"from": [3.125, 1, 4.875],
			"to": [3.875, 3, 5.875],
			"rotation": {"angle": 0, "axis": "x", "origin": [3, 2, 3.375]},
			"faces": {
				"north": {"uv": [15, 12, 14, 14], "texture": "#1"},
				"east": {"uv": [15, 12, 14, 14], "texture": "#1"},
				"south": {"uv": [15, 12, 14, 14], "texture": "#1"},
				"west": {"uv": [15, 14, 14, 12], "rotation": 180, "texture": "#1"},
				"up": {"uv": [14, 12, 15, 13], "rotation": 90, "texture": "#1"},
				"down": {"uv": [15, 13, 14, 14], "rotation": 90, "texture": "#1"}
			}
		},
		{
			"name": "beetroots_stage1_11",
			"from": [3.125, 0, 1.875],
			"to": [3.875, 2, 2.875],
			"rotation": {"angle": 0, "axis": "x", "origin": [3, 2, 3.375]},
			"faces": {
				"north": {"uv": [12, 13, 11, 15], "texture": "#1"},
				"east": {"uv": [12, 13, 11, 15], "texture": "#1"},
				"south": {"uv": [12, 13, 11, 15], "texture": "#1"},
				"west": {"uv": [12, 15, 11, 13], "rotation": 180, "texture": "#1"},
				"up": {"uv": [11, 13, 12, 14], "rotation": 90, "texture": "#1"},
				"down": {"uv": [12, 14, 11, 15], "rotation": 90, "texture": "#1"}
			}
		},
		{
			"name": "beetroots_stage1_12",
			"from": [3.125, -1, 2.875],
			"to": [3.875, 1, 3.875],
			"rotation": {"angle": 0, "axis": "x", "origin": [3, 2, 3.375]},
			"faces": {
				"north": {"uv": [13, 14, 12, 16], "texture": "#1"},
				"east": {"uv": [13, 14, 12, 16], "texture": "#1"},
				"south": {"uv": [13, 14, 12, 16], "texture": "#1"},
				"west": {"uv": [13, 16, 12, 14], "rotation": 180, "texture": "#1"},
				"up": {"uv": [12, 14, 13, 15], "rotation": 90, "texture": "#1"},
				"down": {"uv": [13, 15, 12, 16], "rotation": 90, "texture": "#1"}
			}
		},
		{
			"name": "beetroots_stage1_13",
			"from": [3.125, -1, 2.875],
			"to": [3.875, 1, 3.875],
			"rotation": {"angle": 0, "axis": "x", "origin": [3, 2, 3.375]},
			"faces": {
				"north": {"uv": [13, 14, 12, 16], "texture": "#1"},
				"east": {"uv": [13, 14, 12, 16], "texture": "#1"},
				"south": {"uv": [13, 14, 12, 16], "texture": "#1"},
				"west": {"uv": [13, 16, 12, 14], "rotation": 180, "texture": "#1"},
				"up": {"uv": [12, 14, 13, 15], "rotation": 90, "texture": "#1"},
				"down": {"uv": [13, 15, 12, 16], "rotation": 90, "texture": "#1"}
			}
		},
		{
			"name": "beetroots_stage1_12",
			"from": [3.125, 0, 1.875],
			"to": [3.875, 2, 2.875],
			"rotation": {"angle": 0, "axis": "x", "origin": [3, 2, 3.375]},
			"faces": {
				"north": {"uv": [12, 13, 11, 15], "texture": "#1"},
				"east": {"uv": [12, 13, 11, 15], "texture": "#1"},
				"south": {"uv": [12, 13, 11, 15], "texture": "#1"},
				"west": {"uv": [12, 15, 11, 13], "rotation": 180, "texture": "#1"},
				"up": {"uv": [11, 13, 12, 14], "rotation": 90, "texture": "#1"},
				"down": {"uv": [12, 14, 11, 15], "rotation": 90, "texture": "#1"}
			}
		},
		{
			"name": "beetroots_stage1_8",
			"from": [3.125, 1, 4.875],
			"to": [3.875, 3, 5.875],
			"rotation": {"angle": 0, "axis": "x", "origin": [3, 2, 3.375]},
			"faces": {
				"north": {"uv": [15, 12, 14, 14], "texture": "#1"},
				"east": {"uv": [15, 12, 14, 14], "texture": "#1"},
				"south": {"uv": [15, 12, 14, 14], "texture": "#1"},
				"west": {"uv": [15, 14, 14, 12], "rotation": 180, "texture": "#1"},
				"up": {"uv": [14, 12, 15, 13], "rotation": 90, "texture": "#1"},
				"down": {"uv": [15, 13, 14, 14], "rotation": 90, "texture": "#1"}
			}
		},
		{
			"name": "beetroots_stage1_7",
			"from": [3.125, 0, 3.875],
			"to": [3.875, 3, 4.875],
			"rotation": {"angle": 0, "axis": "x", "origin": [3, 2, 3.375]},
			"faces": {
				"north": {"uv": [14, 12, 13, 15], "texture": "#1"},
				"east": {"uv": [14, 12, 13, 15], "texture": "#1"},
				"south": {"uv": [14, 12, 13, 15], "texture": "#1"},
				"west": {"uv": [14, 15, 13, 12], "rotation": 180, "texture": "#1"},
				"up": {"uv": [13, 12, 14, 13], "rotation": 90, "texture": "#1"},
				"down": {"uv": [14, 14, 13, 15], "rotation": 90, "texture": "#1"}
			}
		},
		{
			"name": "beetroots_stage1_6",
			"from": [13, 0, 12.25],
			"to": [14, 3, 13],
			"rotation": {"angle": 0, "axis": "x", "origin": [13, 2, 12.125]},
			"faces": {
				"north": {"uv": [14, 12, 13, 15], "texture": "#1"},
				"east": {"uv": [14, 12, 13, 15], "texture": "#1"},
				"south": {"uv": [14, 15, 13, 12], "rotation": 180, "texture": "#1"},
				"west": {"uv": [14, 12, 13, 15], "texture": "#1"},
				"up": {"uv": [14, 13, 13, 12], "rotation": 180, "texture": "#1"},
				"down": {"uv": [13, 15, 14, 14], "texture": "#1"}
			}
		},
		{
			"name": "beetroots_stage1_7",
			"from": [14, 1, 12.25],
			"to": [15, 3, 13],
			"rotation": {"angle": 0, "axis": "x", "origin": [13, 2, 12.125]},
			"faces": {
				"north": {"uv": [15, 12, 14, 14], "texture": "#1"},
				"east": {"uv": [15, 12, 14, 14], "texture": "#1"},
				"south": {"uv": [15, 14, 14, 12], "rotation": 180, "texture": "#1"},
				"west": {"uv": [15, 12, 14, 14], "texture": "#1"},
				"up": {"uv": [15, 13, 14, 12], "rotation": 180, "texture": "#1"},
				"down": {"uv": [14, 14, 15, 13], "texture": "#1"}
			}
		},
		{
			"name": "beetroots_stage1_11",
			"from": [11, 0, 12.25],
			"to": [12, 2, 13],
			"rotation": {"angle": 0, "axis": "x", "origin": [13, 2, 12.125]},
			"faces": {
				"north": {"uv": [12, 13, 11, 15], "texture": "#1"},
				"east": {"uv": [12, 13, 11, 15], "texture": "#1"},
				"south": {"uv": [12, 15, 11, 13], "rotation": 180, "texture": "#1"},
				"west": {"uv": [12, 13, 11, 15], "texture": "#1"},
				"up": {"uv": [12, 14, 11, 13], "rotation": 180, "texture": "#1"},
				"down": {"uv": [11, 15, 12, 14], "texture": "#1"}
			}
		},
		{
			"name": "beetroots_stage1_12",
			"from": [12, -1, 12.25],
			"to": [13, 1, 13],
			"rotation": {"angle": 0, "axis": "x", "origin": [13, 2, 12.125]},
			"faces": {
				"north": {"uv": [13, 14, 12, 16], "texture": "#1"},
				"east": {"uv": [13, 14, 12, 16], "texture": "#1"},
				"south": {"uv": [13, 16, 12, 14], "rotation": 180, "texture": "#1"},
				"west": {"uv": [13, 14, 12, 16], "texture": "#1"},
				"up": {"uv": [13, 15, 12, 14], "rotation": 180, "texture": "#1"},
				"down": {"uv": [12, 16, 13, 15], "texture": "#1"}
			}
		},
		{
			"name": "beetroots_stage1_13",
			"from": [12, -1, 12.25],
			"to": [13, 1, 13],
			"rotation": {"angle": 0, "axis": "x", "origin": [13, 2, 12.125]},
			"faces": {
				"north": {"uv": [13, 14, 12, 16], "texture": "#1"},
				"east": {"uv": [13, 14, 12, 16], "texture": "#1"},
				"south": {"uv": [13, 16, 12, 14], "rotation": 180, "texture": "#1"},
				"west": {"uv": [13, 14, 12, 16], "texture": "#1"},
				"up": {"uv": [13, 15, 12, 14], "rotation": 180, "texture": "#1"},
				"down": {"uv": [12, 16, 13, 15], "texture": "#1"}
			}
		},
		{
			"name": "beetroots_stage1_12",
			"from": [11, 0, 12.25],
			"to": [12, 2, 13],
			"rotation": {"angle": 0, "axis": "x", "origin": [13, 2, 12.125]},
			"faces": {
				"north": {"uv": [12, 13, 11, 15], "texture": "#1"},
				"east": {"uv": [12, 13, 11, 15], "texture": "#1"},
				"south": {"uv": [12, 15, 11, 13], "rotation": 180, "texture": "#1"},
				"west": {"uv": [12, 13, 11, 15], "texture": "#1"},
				"up": {"uv": [12, 14, 11, 13], "rotation": 180, "texture": "#1"},
				"down": {"uv": [11, 15, 12, 14], "texture": "#1"}
			}
		},
		{
			"name": "beetroots_stage1_8",
			"from": [14, 1, 12.25],
			"to": [15, 3, 13],
			"rotation": {"angle": 0, "axis": "x", "origin": [13, 2, 12.125]},
			"faces": {
				"north": {"uv": [15, 12, 14, 14], "texture": "#1"},
				"east": {"uv": [15, 12, 14, 14], "texture": "#1"},
				"south": {"uv": [15, 14, 14, 12], "rotation": 180, "texture": "#1"},
				"west": {"uv": [15, 12, 14, 14], "texture": "#1"},
				"up": {"uv": [15, 13, 14, 12], "rotation": 180, "texture": "#1"},
				"down": {"uv": [14, 14, 15, 13], "texture": "#1"}
			}
		},
		{
			"name": "beetroots_stage1_7",
			"from": [13, 0, 12.25],
			"to": [14, 3, 13],
			"rotation": {"angle": 0, "axis": "x", "origin": [13, 2, 12.125]},
			"faces": {
				"north": {"uv": [14, 12, 13, 15], "texture": "#1"},
				"east": {"uv": [14, 12, 13, 15], "texture": "#1"},
				"south": {"uv": [14, 15, 13, 12], "rotation": 180, "texture": "#1"},
				"west": {"uv": [14, 12, 13, 15], "texture": "#1"},
				"up": {"uv": [14, 13, 13, 12], "rotation": 180, "texture": "#1"},
				"down": {"uv": [13, 15, 14, 14], "texture": "#1"}
			}
		},
		{
			"name": "beetroots_stage1_8",
			"from": [12.125, 0, 11.125],
			"to": [12.875, 3, 12.125],
			"rotation": {"angle": 0, "axis": "x", "origin": [13, 2, 12.125]},
			"faces": {
				"north": {"uv": [14, 12, 13, 15], "texture": "#1"},
				"east": {"uv": [14, 15, 13, 12], "rotation": 180, "texture": "#1"},
				"south": {"uv": [14, 12, 13, 15], "texture": "#1"},
				"west": {"uv": [14, 12, 13, 15], "texture": "#1"},
				"up": {"uv": [14, 13, 13, 12], "rotation": 90, "texture": "#1"},
				"down": {"uv": [13, 15, 14, 14], "rotation": 90, "texture": "#1"}
			}
		},
		{
			"name": "beetroots_stage1_9",
			"from": [12.125, 1, 10.125],
			"to": [12.875, 3, 11.125],
			"rotation": {"angle": 0, "axis": "x", "origin": [13, 2, 12.125]},
			"faces": {
				"north": {"uv": [15, 12, 14, 14], "texture": "#1"},
				"east": {"uv": [15, 14, 14, 12], "rotation": 180, "texture": "#1"},
				"south": {"uv": [15, 12, 14, 14], "texture": "#1"},
				"west": {"uv": [15, 12, 14, 14], "texture": "#1"},
				"up": {"uv": [15, 13, 14, 12], "rotation": 90, "texture": "#1"},
				"down": {"uv": [14, 14, 15, 13], "rotation": 90, "texture": "#1"}
			}
		},
		{
			"name": "beetroots_stage1_13",
			"from": [12.125, 0, 13.125],
			"to": [12.875, 2, 14.125],
			"rotation": {"angle": 0, "axis": "x", "origin": [13, 2, 12.125]},
			"faces": {
				"north": {"uv": [12, 13, 11, 15], "texture": "#1"},
				"east": {"uv": [12, 15, 11, 13], "rotation": 180, "texture": "#1"},
				"south": {"uv": [12, 13, 11, 15], "texture": "#1"},
				"west": {"uv": [12, 13, 11, 15], "texture": "#1"},
				"up": {"uv": [12, 14, 11, 13], "rotation": 90, "texture": "#1"},
				"down": {"uv": [11, 15, 12, 14], "rotation": 90, "texture": "#1"}
			}
		},
		{
			"name": "beetroots_stage1_14",
			"from": [12.125, -1, 12.125],
			"to": [12.875, 1, 13.125],
			"rotation": {"angle": 0, "axis": "x", "origin": [13, 2, 12.125]},
			"faces": {
				"north": {"uv": [13, 14, 12, 16], "texture": "#1"},
				"east": {"uv": [13, 16, 12, 14], "rotation": 180, "texture": "#1"},
				"south": {"uv": [13, 14, 12, 16], "texture": "#1"},
				"west": {"uv": [13, 14, 12, 16], "texture": "#1"},
				"up": {"uv": [13, 15, 12, 14], "rotation": 90, "texture": "#1"},
				"down": {"uv": [12, 16, 13, 15], "rotation": 90, "texture": "#1"}
			}
		},
		{
			"name": "beetroots_stage1_13",
			"from": [12.125, -1, 12.125],
			"to": [12.875, 1, 13.125],
			"rotation": {"angle": 0, "axis": "x", "origin": [13, 2, 12.125]},
			"faces": {
				"north": {"uv": [13, 14, 12, 16], "texture": "#1"},
				"east": {"uv": [13, 16, 12, 14], "rotation": 180, "texture": "#1"},
				"south": {"uv": [13, 14, 12, 16], "texture": "#1"},
				"west": {"uv": [13, 14, 12, 16], "texture": "#1"},
				"up": {"uv": [13, 15, 12, 14], "rotation": 90, "texture": "#1"},
				"down": {"uv": [12, 16, 13, 15], "rotation": 90, "texture": "#1"}
			}
		},
		{
			"name": "beetroots_stage1_12",
			"from": [12.125, 0, 13.125],
			"to": [12.875, 2, 14.125],
			"rotation": {"angle": 0, "axis": "x", "origin": [13, 2, 12.125]},
			"faces": {
				"north": {"uv": [12, 13, 11, 15], "texture": "#1"},
				"east": {"uv": [12, 15, 11, 13], "rotation": 180, "texture": "#1"},
				"south": {"uv": [12, 13, 11, 15], "texture": "#1"},
				"west": {"uv": [12, 13, 11, 15], "texture": "#1"},
				"up": {"uv": [12, 14, 11, 13], "rotation": 90, "texture": "#1"},
				"down": {"uv": [11, 15, 12, 14], "rotation": 90, "texture": "#1"}
			}
		},
		{
			"name": "beetroots_stage1_8",
			"from": [12.125, 1, 10.125],
			"to": [12.875, 3, 11.125],
			"rotation": {"angle": 0, "axis": "x", "origin": [13, 2, 12.125]},
			"faces": {
				"north": {"uv": [15, 12, 14, 14], "texture": "#1"},
				"east": {"uv": [15, 14, 14, 12], "rotation": 180, "texture": "#1"},
				"south": {"uv": [15, 12, 14, 14], "texture": "#1"},
				"west": {"uv": [15, 12, 14, 14], "texture": "#1"},
				"up": {"uv": [15, 13, 14, 12], "rotation": 90, "texture": "#1"},
				"down": {"uv": [14, 14, 15, 13], "rotation": 90, "texture": "#1"}
			}
		},
		{
			"name": "beetroots_stage1_7",
			"from": [12.125, 0, 11.125],
			"to": [12.875, 3, 12.125],
			"rotation": {"angle": 0, "axis": "x", "origin": [13, 2, 12.125]},
			"faces": {
				"north": {"uv": [14, 12, 13, 15], "texture": "#1"},
				"east": {"uv": [14, 15, 13, 12], "rotation": 180, "texture": "#1"},
				"south": {"uv": [14, 12, 13, 15], "texture": "#1"},
				"west": {"uv": [14, 12, 13, 15], "texture": "#1"},
				"up": {"uv": [14, 13, 13, 12], "rotation": 90, "texture": "#1"},
				"down": {"uv": [13, 15, 14, 14], "rotation": 90, "texture": "#1"}
			}
		},
		{
			"name": "beetroots_stage1_12",
			"from": [12, -1, 2],
			"to": [13, 0, 2.75],
			"rotation": {"angle": 0, "axis": "x", "origin": [16, 0, 0]},
			"faces": {
				"north": {"uv": [4, 16, 3, 15], "rotation": 180, "texture": "#1"},
				"east": {"uv": [4, 15, 3, 16], "texture": "#1"},
				"south": {"uv": [4, 15, 3, 16], "texture": "#1"},
				"west": {"uv": [4, 15, 3, 16], "texture": "#1"},
				"up": {"uv": [3, 15, 4, 16], "rotation": 180, "texture": "#1"},
				"down": {"uv": [4, 15, 3, 16], "texture": "#1"}
			}
		},
		{
			"name": "beetroots_stage1_3",
			"from": [2, -1, 13.25],
			"to": [3, 3, 14],
			"rotation": {"angle": 0, "axis": "x", "origin": [0, 0, 16]},
			"faces": {
				"north": {"uv": [3, 12, 2, 16], "texture": "#1"},
				"east": {"uv": [3, 12, 2, 16], "texture": "#1"},
				"south": {"uv": [3, 16, 2, 12], "rotation": 180, "texture": "#1"},
				"west": {"uv": [3, 12, 2, 16], "texture": "#1"},
				"up": {"uv": [3, 13, 2, 12], "rotation": 180, "texture": "#1"},
				"down": {"uv": [2, 16, 3, 15], "texture": "#1"}
			}
		},
		{
			"name": "beetroots_stage1_4",
			"from": [3, 1, 13.25],
			"to": [4, 3, 14],
			"rotation": {"angle": 0, "axis": "x", "origin": [0, 0, 16]},
			"faces": {
				"north": {"uv": [4, 12, 3, 14], "texture": "#1"},
				"east": {"uv": [4, 12, 3, 14], "texture": "#1"},
				"south": {"uv": [4, 14, 3, 12], "rotation": 180, "texture": "#1"},
				"west": {"uv": [4, 12, 3, 14], "texture": "#1"},
				"up": {"uv": [4, 13, 3, 12], "rotation": 180, "texture": "#1"},
				"down": {"uv": [3, 14, 4, 13], "texture": "#1"}
			}
		},
		{
			"name": "beetroots_stage1_8",
			"from": [1, 0, 13.25],
			"to": [2, 2, 14],
			"rotation": {"angle": 0, "axis": "x", "origin": [0, 0, 16]},
			"faces": {
				"north": {"uv": [2, 13, 1, 15], "texture": "#1"},
				"east": {"uv": [2, 13, 1, 15], "texture": "#1"},
				"south": {"uv": [2, 15, 1, 13], "rotation": 180, "texture": "#1"},
				"west": {"uv": [2, 13, 1, 15], "texture": "#1"},
				"up": {"uv": [2, 14, 1, 13], "rotation": 180, "texture": "#1"},
				"down": {"uv": [1, 15, 2, 14], "texture": "#1"}
			}
		},
		{
			"name": "beetroots_stage1_13",
			"from": [3, -1, 13.25],
			"to": [4, 0, 14],
			"rotation": {"angle": 0, "axis": "x", "origin": [0, 0, 16]},
			"faces": {
				"north": {"uv": [4, 15, 3, 16], "texture": "#1"},
				"east": {"uv": [4, 15, 3, 16], "texture": "#1"},
				"south": {"uv": [4, 16, 3, 15], "rotation": 180, "texture": "#1"},
				"west": {"uv": [4, 15, 3, 16], "texture": "#1"},
				"up": {"uv": [4, 16, 3, 15], "rotation": 180, "texture": "#1"},
				"down": {"uv": [3, 16, 4, 15], "texture": "#1"}
			}
		},
		{
			"name": "beetroots_stage1_13",
			"from": [9, -1, 7.65],
			"to": [10, 0, 8.4],
			"rotation": {"angle": 0, "axis": "x", "origin": [16, 0, 0]},
			"faces": {
				"north": {"uv": [7, 16, 6, 15], "rotation": 180, "texture": "#1"},
				"east": {"uv": [7, 15, 6, 16], "texture": "#1"},
				"south": {"uv": [7, 15, 6, 16], "texture": "#1"},
				"west": {"uv": [7, 15, 6, 16], "texture": "#1"},
				"up": {"uv": [6, 15, 7, 16], "rotation": 180, "texture": "#1"},
				"down": {"uv": [7, 15, 6, 16], "texture": "#1"}
			}
		},
		{
			"name": "beetroots_stage1_1",
			"from": [8.125, 2, 5.525],
			"to": [8.875, 4, 6.525],
			"rotation": {"angle": 0, "axis": "x", "origin": [8.5, 2.25, 8.025]},
			"faces": {
				"north": {"uv": [6, 11, 5, 13], "texture": "#1"},
				"east": {"uv": [6, 11, 5, 13], "texture": "#1"},
				"south": {"uv": [6, 11, 5, 13], "texture": "#1"},
				"west": {"uv": [6, 13, 5, 11], "rotation": 180, "texture": "#1"},
				"up": {"uv": [5, 11, 6, 12], "rotation": 90, "texture": "#1"},
				"down": {"uv": [6, 12, 5, 13], "rotation": 90, "texture": "#1"}
			}
		},
		{
			"name": "beetroots_stage2_2",
			"from": [8.125, 1, 6.525],
			"to": [8.875, 4, 7.525],
			"rotation": {"angle": 0, "axis": "x", "origin": [8.5, 2.25, 8.025]},
			"faces": {
				"north": {"uv": [7, 11, 6, 14], "texture": "#1"},
				"east": {"uv": [7, 11, 6, 14], "texture": "#1"},
				"south": {"uv": [7, 11, 6, 14], "texture": "#1"},
				"west": {"uv": [7, 14, 6, 11], "rotation": 180, "texture": "#1"},
				"up": {"uv": [6, 11, 7, 12], "rotation": 90, "texture": "#1"},
				"down": {"uv": [7, 13, 6, 14], "rotation": 90, "texture": "#1"}
			}
		},
		{
			"name": "beetroots_stage1_5",
			"from": [8.125, 1, 9.525],
			"to": [8.875, 3, 10.525],
			"rotation": {"angle": 0, "axis": "x", "origin": [8.5, 2.25, 8.025]},
			"faces": {
				"north": {"uv": [10, 12, 9, 14], "texture": "#1"},
				"east": {"uv": [10, 12, 9, 14], "texture": "#1"},
				"south": {"uv": [10, 12, 9, 14], "texture": "#1"},
				"west": {"uv": [10, 14, 9, 12], "rotation": 180, "texture": "#1"},
				"up": {"uv": [9, 12, 10, 13], "rotation": 90, "texture": "#1"},
				"down": {"uv": [10, 13, 9, 14], "rotation": 90, "texture": "#1"}
			}
		},
		{
			"name": "beetroots_stage1_9",
			"from": [8.125, -1, 7.525],
			"to": [8.875, 2, 8.525],
			"rotation": {"angle": 0, "axis": "x", "origin": [8.5, 2.25, 8.025]},
			"faces": {
				"north": {"uv": [8, 13, 7, 16], "texture": "#1"},
				"east": {"uv": [8, 13, 7, 16], "texture": "#1"},
				"south": {"uv": [8, 13, 7, 16], "texture": "#1"},
				"west": {"uv": [8, 16, 7, 13], "rotation": 180, "texture": "#1"},
				"up": {"uv": [7, 13, 8, 14], "rotation": 90, "texture": "#1"},
				"down": {"uv": [8, 15, 7, 16], "rotation": 90, "texture": "#1"}
			}
		},
		{
			"name": "beetroots_stage1_10",
			"from": [8.125, 1, 8.525],
			"to": [8.875, 2, 9.525],
			"rotation": {"angle": 0, "axis": "x", "origin": [8.5, 2.25, 8.025]},
			"faces": {
				"north": {"uv": [9, 13, 8, 14], "texture": "#1"},
				"east": {"uv": [9, 13, 8, 14], "texture": "#1"},
				"south": {"uv": [9, 13, 8, 14], "texture": "#1"},
				"west": {"uv": [9, 14, 8, 13], "rotation": 180, "texture": "#1"},
				"up": {"uv": [8, 13, 9, 14], "rotation": 90, "texture": "#1"},
				"down": {"uv": [9, 13, 8, 14], "rotation": 90, "texture": "#1"}
			}
		},
		{
			"name": "beetroots_stage1_14",
			"from": [8.125, -1, 6.525],
			"to": [8.875, 0, 7.525],
			"rotation": {"angle": 0, "axis": "x", "origin": [8.5, 2.25, 8.025]},
			"faces": {
				"north": {"uv": [7, 15, 6, 16], "texture": "#1"},
				"east": {"uv": [7, 15, 6, 16], "texture": "#1"},
				"south": {"uv": [7, 15, 6, 16], "texture": "#1"},
				"west": {"uv": [7, 16, 6, 15], "rotation": 180, "texture": "#1"},
				"up": {"uv": [6, 15, 7, 16], "rotation": 90, "texture": "#1"},
				"down": {"uv": [7, 15, 6, 16], "rotation": 90, "texture": "#1"}
			}
		}
	],
	"groups": [
		{
			"name": "beetroots_stage1",
			"origin": [8, 8, 8],
			"color": 0,
			"children": [
				0,
				1,
				2,
				3,
				4,
				5,
				6,
				7,
				8,
				9,
				10,
				11,
				12,
				13,
				14,
				15,
				16,
				17,
				18,
				19,
				20,
				21,
				22,
				23,
				24,
				25,
				26,
				27,
				28,
				29,
				30,
				31,
				32,
				33,
				34,
				35,
				36,
				37,
				38,
				39,
				40,
				41,
				42,
				43,
				44,
				45,
				46,
				47,
				48,
				49,
				50,
				51
			]
		}
	]
}