{
	"credit": "Made with Blockbench",
	"parent": "minecraft:block/crop",
	"textures": {
		"1": "block/beetroots_stage0",
		"particle": "block/beetroots_stage0"
	},
	"elements": [
		{
			"name": "beetroots_stage0_0",
			"from": [9, 1, 7.5],
			"to": [10, 3, 8.25],
			"rotation": {"angle": 0, "axis": "x", "origin": [16, 0, 0]},
			"faces": {
				"north": {"uv": [7, 14, 6, 12], "rotation": 180, "texture": "#1"},
				"east": {"uv": [7, 12, 6, 14], "texture": "#1"},
				"south": {"uv": [7, 12, 6, 14], "texture": "#1"},
				"west": {"uv": [7, 12, 6, 14], "texture": "#1"},
				"up": {"uv": [6, 12, 7, 13], "rotation": 180, "texture": "#1"},
				"down": {"uv": [7, 13, 6, 14], "texture": "#1"}
			}
		},
		{
			"name": "beetroots_stage0_1",
			"from": [8, 2, 7.5],
			"to": [9, 3, 8.25],
			"rotation": {"angle": 0, "axis": "x", "origin": [16, 0, 0]},
			"faces": {
				"north": {"uv": [8, 13, 7, 12], "rotation": 180, "texture": "#1"},
				"east": {"uv": [8, 12, 7, 13], "texture": "#1"},
				"south": {"uv": [8, 12, 7, 13], "texture": "#1"},
				"west": {"uv": [8, 12, 7, 13], "texture": "#1"},
				"up": {"uv": [7, 12, 8, 13], "rotation": 180, "texture": "#1"},
				"down": {"uv": [8, 12, 7, 13], "texture": "#1"}
			}
		},
		{
			"name": "beetroots_stage0_2",
			"from": [12, 1, 1.75],
			"to": [13, 2, 2.5],
			"rotation": {"angle": 0, "axis": "x", "origin": [16, 0, 0]},
			"faces": {
				"north": {"uv": [4, 14, 3, 13], "rotation": 180, "texture": "#1"},
				"east": {"uv": [4, 13, 3, 14], "texture": "#1"},
				"south": {"uv": [4, 13, 3, 14], "texture": "#1"},
				"west": {"uv": [4, 13, 3, 14], "texture": "#1"},
				"up": {"uv": [3, 13, 4, 14], "rotation": 180, "texture": "#1"},
				"down": {"uv": [4, 13, 3, 14], "texture": "#1"}
			}
		},
		{
			"name": "beetroots_stage0_3",
			"from": [7, 0, 7.5],
			"to": [8, 2, 8.25],
			"rotation": {"angle": 0, "axis": "x", "origin": [16, 0, 0]},
			"faces": {
				"north": {"uv": [9, 15, 8, 13], "rotation": 180, "texture": "#1"},
				"east": {"uv": [9, 13, 8, 15], "texture": "#1"},
				"south": {"uv": [9, 13, 8, 15], "texture": "#1"},
				"west": {"uv": [9, 13, 8, 15], "texture": "#1"},
				"up": {"uv": [8, 13, 9, 14], "rotation": 180, "texture": "#1"},
				"down": {"uv": [9, 14, 8, 15], "texture": "#1"}
			}
		},
		{
			"name": "beetroots_stage0_4",
			"from": [3.625, 1, 3.375],
			"to": [4.375, 2, 4.375],
			"rotation": {"angle": 0, "axis": "x", "origin": [4, 1.5, 3.375]},
			"faces": {
				"north": {"uv": [12, 13, 11, 14], "texture": "#1"},
				"east": {"uv": [12, 14, 11, 13], "rotation": 180, "texture": "#1"},
				"south": {"uv": [12, 13, 11, 14], "texture": "#1"},
				"west": {"uv": [12, 13, 11, 14], "texture": "#1"},
				"up": {"uv": [11, 13, 12, 14], "rotation": 270, "texture": "#1"},
				"down": {"uv": [12, 13, 11, 14], "rotation": 270, "texture": "#1"}
			}
		},
		{
			"name": "beetroots_stage0_5",
			"from": [13, -1, 1.75],
			"to": [14, 1, 2.5],
			"rotation": {"angle": 0, "axis": "x", "origin": [16, 0, 0]},
			"faces": {
				"north": {"uv": [3, 16, 2, 14], "rotation": 180, "texture": "#1"},
				"east": {"uv": [3, 14, 2, 16], "texture": "#1"},
				"south": {"uv": [3, 14, 2, 16], "texture": "#1"},
				"west": {"uv": [3, 14, 2, 16], "texture": "#1"},
				"up": {"uv": [2, 14, 3, 15], "rotation": 180, "texture": "#1"},
				"down": {"uv": [3, 15, 2, 16], "texture": "#1"}
			}
		},
		{
			"name": "beetroots_stage0_6",
			"from": [3.625, -1, 2.375],
			"to": [4.375, 1, 3.375],
			"rotation": {"angle": 0, "axis": "x", "origin": [4, 1.5, 3.375]},
			"faces": {
				"north": {"uv": [13, 14, 12, 16], "texture": "#1"},
				"east": {"uv": [13, 16, 12, 14], "rotation": 180, "texture": "#1"},
				"south": {"uv": [13, 14, 12, 16], "texture": "#1"},
				"west": {"uv": [13, 14, 12, 16], "texture": "#1"},
				"up": {"uv": [12, 14, 13, 15], "rotation": 270, "texture": "#1"},
				"down": {"uv": [13, 15, 12, 16], "rotation": 270, "texture": "#1"}
			}
		},
		{
			"name": "beetroots_stage0_7",
			"from": [12, -1, 1.75],
			"to": [13, 0, 2.5],
			"rotation": {"angle": 0, "axis": "x", "origin": [16, 0, 0]},
			"faces": {
				"north": {"uv": [4, 16, 3, 15], "rotation": 180, "texture": "#1"},
				"east": {"uv": [4, 15, 3, 16], "texture": "#1"},
				"south": {"uv": [4, 15, 3, 16], "texture": "#1"},
				"west": {"uv": [4, 15, 3, 16], "texture": "#1"},
				"up": {"uv": [3, 15, 4, 16], "rotation": 180, "texture": "#1"},
				"down": {"uv": [4, 15, 3, 16], "texture": "#1"}
			}
		},
		{
			"name": "beetroots_stage0_3",
			"from": [3, 1, 13.5],
			"to": [4, 2, 14.25],
			"rotation": {"angle": 0, "axis": "x", "origin": [3, 1.5, 13.875]},
			"faces": {
				"north": {"uv": [4, 13, 3, 14], "texture": "#1"},
				"east": {"uv": [4, 13, 3, 14], "texture": "#1"},
				"south": {"uv": [4, 14, 3, 13], "rotation": 180, "texture": "#1"},
				"west": {"uv": [4, 13, 3, 14], "texture": "#1"},
				"up": {"uv": [4, 14, 3, 13], "rotation": 180, "texture": "#1"},
				"down": {"uv": [3, 14, 4, 13], "texture": "#1"}
			}
		},
		{
			"name": "beetroots_stage0_6",
			"from": [2, -1, 13.5],
			"to": [3, 1, 14.25],
			"rotation": {"angle": 0, "axis": "x", "origin": [3, 1.5, 13.875]},
			"faces": {
				"north": {"uv": [3, 14, 2, 16], "texture": "#1"},
				"east": {"uv": [3, 14, 2, 16], "texture": "#1"},
				"south": {"uv": [3, 16, 2, 14], "rotation": 180, "texture": "#1"},
				"west": {"uv": [3, 14, 2, 16], "texture": "#1"},
				"up": {"uv": [3, 15, 2, 14], "rotation": 180, "texture": "#1"},
				"down": {"uv": [2, 16, 3, 15], "texture": "#1"}
			}
		},
		{
			"name": "beetroots_stage0_8",
			"from": [3, -1, 13.5],
			"to": [4, 0, 14.25],
			"rotation": {"angle": 0, "axis": "x", "origin": [3, 1.5, 13.875]},
			"faces": {
				"north": {"uv": [4, 15, 3, 16], "texture": "#1"},
				"east": {"uv": [4, 15, 3, 16], "texture": "#1"},
				"south": {"uv": [4, 16, 3, 15], "rotation": 180, "texture": "#1"},
				"west": {"uv": [4, 15, 3, 16], "texture": "#1"},
				"up": {"uv": [4, 16, 3, 15], "rotation": 180, "texture": "#1"},
				"down": {"uv": [3, 16, 4, 15], "texture": "#1"}
			}
		},
		{
			"name": "beetroots_stage0_8",
			"from": [9, -1, 7.5],
			"to": [10, 0, 8.25],
			"rotation": {"angle": 0, "axis": "x", "origin": [16, 0, 0]},
			"faces": {
				"north": {"uv": [7, 16, 6, 15], "rotation": 180, "texture": "#1"},
				"east": {"uv": [7, 15, 6, 16], "texture": "#1"},
				"south": {"uv": [7, 15, 6, 16], "texture": "#1"},
				"west": {"uv": [7, 15, 6, 16], "texture": "#1"},
				"up": {"uv": [6, 15, 7, 16], "rotation": 180, "texture": "#1"},
				"down": {"uv": [7, 15, 6, 16], "texture": "#1"}
			}
		},
		{
			"name": "beetroots_stage0_9",
			"from": [8, -1, 7.5],
			"to": [9, 0, 8.25],
			"rotation": {"angle": 0, "axis": "x", "origin": [16, 0, 0]},
			"faces": {
				"north": {"uv": [8, 16, 7, 15], "rotation": 180, "texture": "#1"},
				"east": {"uv": [8, 15, 7, 16], "texture": "#1"},
				"south": {"uv": [8, 15, 7, 16], "texture": "#1"},
				"west": {"uv": [8, 15, 7, 16], "texture": "#1"},
				"up": {"uv": [7, 15, 8, 16], "rotation": 180, "texture": "#1"},
				"down": {"uv": [8, 15, 7, 16], "texture": "#1"}
			}
		},
		{
			"name": "beetroots_stage0_10",
			"from": [3.625, -1, 3.375],
			"to": [4.375, 0, 4.375],
			"rotation": {"angle": 0, "axis": "x", "origin": [4, 1.5, 3.375]},
			"faces": {
				"north": {"uv": [12, 15, 11, 16], "texture": "#1"},
				"east": {"uv": [12, 16, 11, 15], "rotation": 180, "texture": "#1"},
				"south": {"uv": [12, 15, 11, 16], "texture": "#1"},
				"west": {"uv": [12, 15, 11, 16], "texture": "#1"},
				"up": {"uv": [11, 15, 12, 16], "rotation": 270, "texture": "#1"},
				"down": {"uv": [12, 15, 11, 16], "rotation": 270, "texture": "#1"}
			}
		},
		{
			"name": "beetroots_stage0_5",
			"from": [3.625, 1, 3.375],
			"to": [4.375, 2, 4.375],
			"rotation": {"angle": 0, "axis": "x", "origin": [4, 1.5, 3.375]},
			"faces": {
				"north": {"uv": [12, 13, 11, 14], "texture": "#1"},
				"east": {"uv": [12, 14, 11, 13], "rotation": 180, "texture": "#1"},
				"south": {"uv": [12, 13, 11, 14], "texture": "#1"},
				"west": {"uv": [12, 13, 11, 14], "texture": "#1"},
				"up": {"uv": [11, 13, 12, 14], "rotation": 270, "texture": "#1"},
				"down": {"uv": [12, 13, 11, 14], "rotation": 270, "texture": "#1"}
			}
		},
		{
			"name": "beetroots_stage0_7",
			"from": [3.625, -1, 2.375],
			"to": [4.375, 1, 3.375],
			"rotation": {"angle": 0, "axis": "x", "origin": [4, 1.5, 3.375]},
			"faces": {
				"north": {"uv": [13, 14, 12, 16], "texture": "#1"},
				"east": {"uv": [13, 16, 12, 14], "rotation": 180, "texture": "#1"},
				"south": {"uv": [13, 14, 12, 16], "texture": "#1"},
				"west": {"uv": [13, 14, 12, 16], "texture": "#1"},
				"up": {"uv": [12, 14, 13, 15], "rotation": 270, "texture": "#1"},
				"down": {"uv": [13, 15, 12, 16], "rotation": 270, "texture": "#1"}
			}
		},
		{
			"name": "beetroots_stage0_11",
			"from": [3.625, -1, 3.375],
			"to": [4.375, 0, 4.375],
			"rotation": {"angle": 0, "axis": "x", "origin": [4, 1.5, 3.375]},
			"faces": {
				"north": {"uv": [12, 15, 11, 16], "texture": "#1"},
				"east": {"uv": [12, 16, 11, 15], "rotation": 180, "texture": "#1"},
				"south": {"uv": [12, 15, 11, 16], "texture": "#1"},
				"west": {"uv": [12, 15, 11, 16], "texture": "#1"},
				"up": {"uv": [11, 15, 12, 16], "rotation": 270, "texture": "#1"},
				"down": {"uv": [12, 15, 11, 16], "rotation": 270, "texture": "#1"}
			}
		},
		{
			"name": "beetroots_stage0_12",
			"from": [11.625, -1, 11.625],
			"to": [12.375, 0, 12.625],
			"rotation": {"angle": 0, "axis": "x", "origin": [12, 1.5, 12.625]},
			"faces": {
				"north": {"uv": [12, 15, 11, 16], "texture": "#1"},
				"east": {"uv": [12, 15, 11, 16], "texture": "#1"},
				"south": {"uv": [12, 15, 11, 16], "texture": "#1"},
				"west": {"uv": [12, 16, 11, 15], "rotation": 180, "texture": "#1"},
				"up": {"uv": [12, 16, 11, 15], "rotation": 270, "texture": "#1"},
				"down": {"uv": [11, 16, 12, 15], "rotation": 270, "texture": "#1"}
			}
		},
		{
			"name": "beetroots_stage0_8",
			"from": [11.625, -1, 12.625],
			"to": [12.375, 1, 13.625],
			"rotation": {"angle": 0, "axis": "x", "origin": [12, 1.5, 12.625]},
			"faces": {
				"north": {"uv": [13, 14, 12, 16], "texture": "#1"},
				"east": {"uv": [13, 14, 12, 16], "texture": "#1"},
				"south": {"uv": [13, 14, 12, 16], "texture": "#1"},
				"west": {"uv": [13, 16, 12, 14], "rotation": 180, "texture": "#1"},
				"up": {"uv": [13, 15, 12, 14], "rotation": 270, "texture": "#1"},
				"down": {"uv": [12, 16, 13, 15], "rotation": 270, "texture": "#1"}
			}
		},
		{
			"name": "beetroots_stage0_6",
			"from": [11.625, 1, 11.625],
			"to": [12.375, 2, 12.625],
			"rotation": {"angle": 0, "axis": "x", "origin": [12, 1.5, 12.625]},
			"faces": {
				"north": {"uv": [12, 13, 11, 14], "texture": "#1"},
				"east": {"uv": [12, 13, 11, 14], "texture": "#1"},
				"south": {"uv": [12, 13, 11, 14], "texture": "#1"},
				"west": {"uv": [12, 14, 11, 13], "rotation": 180, "texture": "#1"},
				"up": {"uv": [12, 14, 11, 13], "rotation": 270, "texture": "#1"},
				"down": {"uv": [11, 14, 12, 13], "rotation": 270, "texture": "#1"}
			}
		},
		{
			"name": "beetroots_stage0_5",
			"from": [11.625, 1, 11.625],
			"to": [12.375, 2, 12.625],
			"rotation": {"angle": 0, "axis": "x", "origin": [8.625, 0, 0.625]},
			"faces": {
				"north": {"uv": [12, 13, 11, 14], "texture": "#1"},
				"east": {"uv": [12, 13, 11, 14], "texture": "#1"},
				"south": {"uv": [12, 13, 11, 14], "texture": "#1"},
				"west": {"uv": [12, 14, 11, 13], "rotation": 180, "texture": "#1"},
				"up": {"uv": [12, 14, 11, 13], "rotation": 270, "texture": "#1"},
				"down": {"uv": [11, 14, 12, 13], "rotation": 270, "texture": "#1"}
			}
		},
		{
			"name": "beetroots_stage0_11",
			"from": [11.625, -1, 11.625],
			"to": [12.375, 0, 12.625],
			"rotation": {"angle": 0, "axis": "x", "origin": [8.625, 0, 0.625]},
			"faces": {
				"north": {"uv": [12, 15, 11, 16], "texture": "#1"},
				"east": {"uv": [12, 15, 11, 16], "texture": "#1"},
				"south": {"uv": [12, 15, 11, 16], "texture": "#1"},
				"west": {"uv": [12, 16, 11, 15], "rotation": 180, "texture": "#1"},
				"up": {"uv": [12, 16, 11, 15], "rotation": 270, "texture": "#1"},
				"down": {"uv": [11, 16, 12, 15], "rotation": 270, "texture": "#1"}
			}
		},
		{
			"name": "beetroots_stage0_7",
			"from": [11.625, -1, 12.625],
			"to": [12.375, 1, 13.625],
			"rotation": {"angle": 0, "axis": "x", "origin": [8.625, 0, 0.625]},
			"faces": {
				"north": {"uv": [13, 14, 12, 16], "texture": "#1"},
				"east": {"uv": [13, 14, 12, 16], "texture": "#1"},
				"south": {"uv": [13, 14, 12, 16], "texture": "#1"},
				"west": {"uv": [13, 16, 12, 14], "rotation": 180, "texture": "#1"},
				"up": {"uv": [13, 15, 12, 14], "rotation": 270, "texture": "#1"},
				"down": {"uv": [12, 16, 13, 15], "rotation": 270, "texture": "#1"}
			}
		}
	],
	"groups": [
		{
			"name": "beetroots_stage0",
			"origin": [8, 8, 8],
			"color": 0,
			"children": [0, 1, 2, 3, 4, 5, 6, 7, 8, 9, 10, 11, 12, 13, 14, 15, 16, 17, 18, 19, 20, 21, 22]
		}
	]
}