{
	"credit": "Made with Blockbench",
	"parent": "block/block",
	"textures": {
		"4": "block/big_dripleaf_top",
		"5": "block/big_dripleaf_tip",
		"particle": "block/big_dripleaf_stem",
		"1_stem": "block/big_dripleaf_stem"
	},
	"elements": [
		{
			"name": "big_dripleaf_top_1",
			"from": [0, 10.5, 0.75],
			"to": [16, 11.5, 1.75],
			"rotation": {"angle": -22.5, "axis": "x", "origin": [8, 14.2, 7.25]},
			"faces": {
				"north": {"uv": [16, 1, 0, 2], "texture": "#4"},
				"east": {"uv": [15, 1, 16, 2], "rotation": 90, "texture": "#4"},
				"south": {"uv": [0, 1, 16, 2], "texture": "#4"},
				"west": {"uv": [0, 1, 1, 2], "rotation": 270, "texture": "#4"},
				"up": {"uv": [0, 1, 16, 2], "texture": "#4"},
				"down": {"uv": [0, 2, 16, 1], "texture": "#4"}
			}
		},
		{
			"name": "big_dripleaf_top_2",
			"from": [0, 10.5, 1.75],
			"to": [16, 11.5, 2.75],
			"rotation": {"angle": -22.5, "axis": "x", "origin": [8, 14.2, 7.25]},
			"faces": {
				"north": {"uv": [16, 2, 0, 3], "texture": "#4"},
				"east": {"uv": [15, 2, 16, 3], "rotation": 90, "texture": "#4"},
				"south": {"uv": [0, 2, 16, 3], "texture": "#4"},
				"west": {"uv": [0, 2, 1, 3], "rotation": 270, "texture": "#4"},
				"up": {"uv": [0, 2, 16, 3], "texture": "#4"},
				"down": {"uv": [0, 3, 16, 2], "texture": "#4"}
			}
		},
		{
			"name": "big_dripleaf_top_3",
			"from": [0, 10.5, 2.75],
			"to": [16, 11.5, 3.75],
			"rotation": {"angle": -22.5, "axis": "x", "origin": [8, 14.2, 7.25]},
			"faces": {
				"north": {"uv": [16, 3, 0, 4], "texture": "#4"},
				"east": {"uv": [15, 3, 16, 4], "rotation": 90, "texture": "#4"},
				"south": {"uv": [0, 3, 16, 4], "texture": "#4"},
				"west": {"uv": [0, 3, 1, 4], "rotation": 270, "texture": "#4"},
				"up": {"uv": [0, 3, 16, 4], "texture": "#4"},
				"down": {"uv": [0, 4, 16, 3], "texture": "#4"}
			}
		},
		{
			"name": "big_dripleaf_top_4",
			"from": [1, 10.5, 3.75],
			"to": [15, 11.5, 4.75],
			"rotation": {"angle": -22.5, "axis": "x", "origin": [8, 14.2, 7.25]},
			"faces": {
				"north": {"uv": [15, 4, 1, 5], "texture": "#4"},
				"east": {"uv": [14, 4, 15, 5], "rotation": 90, "texture": "#4"},
				"south": {"uv": [1, 4, 15, 5], "texture": "#4"},
				"west": {"uv": [1, 4, 2, 5], "rotation": 270, "texture": "#4"},
				"up": {"uv": [1, 4, 15, 5], "texture": "#4"},
				"down": {"uv": [1, 5, 15, 4], "texture": "#4"}
			}
		},
		{
			"name": "big_dripleaf_top_5",
			"from": [1, 10.5, 4.75],
			"to": [15, 11.5, 5.75],
			"rotation": {"angle": -22.5, "axis": "x", "origin": [8, 14.2, 7.25]},
			"faces": {
				"north": {"uv": [15, 5, 1, 6], "texture": "#4"},
				"east": {"uv": [14, 5, 15, 6], "rotation": 90, "texture": "#4"},
				"south": {"uv": [1, 5, 15, 6], "texture": "#4"},
				"west": {"uv": [1, 5, 2, 6], "rotation": 270, "texture": "#4"},
				"up": {"uv": [1, 5, 15, 6], "texture": "#4"},
				"down": {"uv": [1, 6, 15, 5], "texture": "#4"}
			}
		},
		{
			"name": "big_dripleaf_top_6",
			"from": [1, 10.5, 5.75],
			"to": [15, 11.5, 6.75],
			"rotation": {"angle": -22.5, "axis": "x", "origin": [8, 14.2, 7.25]},
			"faces": {
				"north": {"uv": [15, 6, 1, 7], "texture": "#4"},
				"east": {"uv": [14, 6, 15, 7], "rotation": 90, "texture": "#4"},
				"south": {"uv": [1, 6, 15, 7], "texture": "#4"},
				"west": {"uv": [1, 6, 2, 7], "rotation": 270, "texture": "#4"},
				"up": {"uv": [1, 6, 15, 7], "texture": "#4"},
				"down": {"uv": [1, 7, 15, 6], "texture": "#4"}
			}
		},
		{
			"name": "big_dripleaf_top_7",
			"from": [1, 10.5, 6.75],
			"to": [15, 11.5, 7.75],
			"rotation": {"angle": -22.5, "axis": "x", "origin": [8, 14.2, 7.25]},
			"faces": {
				"north": {"uv": [15, 7, 1, 8], "texture": "#4"},
				"east": {"uv": [14, 7, 15, 8], "rotation": 90, "texture": "#4"},
				"south": {"uv": [1, 7, 15, 8], "texture": "#4"},
				"west": {"uv": [1, 7, 2, 8], "rotation": 270, "texture": "#4"},
				"up": {"uv": [1, 7, 15, 8], "texture": "#4"},
				"down": {"uv": [1, 8, 15, 7], "texture": "#4"}
			}
		},
		{
			"name": "big_dripleaf_top_8",
			"from": [0, 10.5, 7.75],
			"to": [16, 11.5, 8.75],
			"rotation": {"angle": -22.5, "axis": "x", "origin": [8, 14.2, 7.25]},
			"faces": {
				"north": {"uv": [16, 8, 0, 9], "texture": "#4"},
				"east": {"uv": [15, 8, 16, 9], "rotation": 90, "texture": "#4"},
				"south": {"uv": [0, 8, 16, 9], "texture": "#4"},
				"west": {"uv": [0, 8, 1, 9], "rotation": 270, "texture": "#4"},
				"up": {"uv": [0, 8, 16, 9], "texture": "#4"},
				"down": {"uv": [0, 9, 16, 8], "texture": "#4"}
			}
		},
		{
			"name": "big_dripleaf_top_9",
			"from": [0, 10.5, 8.75],
			"to": [16, 11.5, 9.75],
			"rotation": {"angle": -22.5, "axis": "x", "origin": [8, 14.2, 7.25]},
			"faces": {
				"north": {"uv": [16, 9, 0, 10], "texture": "#4"},
				"east": {"uv": [15, 9, 16, 10], "rotation": 90, "texture": "#4"},
				"south": {"uv": [0, 9, 16, 10], "texture": "#4"},
				"west": {"uv": [0, 9, 1, 10], "rotation": 270, "texture": "#4"},
				"up": {"uv": [0, 9, 16, 10], "texture": "#4"},
				"down": {"uv": [0, 10, 16, 9], "texture": "#4"}
			}
		},
		{
			"name": "big_dripleaf_top_10",
			"from": [0, 10.5, 9.75],
			"to": [16, 11.5, 10.75],
			"rotation": {"angle": -22.5, "axis": "x", "origin": [8, 14.2, 7.25]},
			"faces": {
				"north": {"uv": [16, 10, 0, 11], "texture": "#4"},
				"east": {"uv": [15, 10, 16, 11], "rotation": 90, "texture": "#4"},
				"south": {"uv": [0, 10, 16, 11], "texture": "#4"},
				"west": {"uv": [0, 10, 1, 11], "rotation": 270, "texture": "#4"},
				"up": {"uv": [0, 10, 16, 11], "texture": "#4"},
				"down": {"uv": [0, 11, 16, 10], "texture": "#4"}
			}
		},
		{
			"name": "big_dripleaf_top_11",
			"from": [0, 10.5, 10.75],
			"to": [16, 11.5, 11.75],
			"rotation": {"angle": -22.5, "axis": "x", "origin": [8, 14.2, 7.25]},
			"faces": {
				"north": {"uv": [16, 11, 0, 12], "texture": "#4"},
				"east": {"uv": [15, 11, 16, 12], "rotation": 90, "texture": "#4"},
				"south": {"uv": [0, 11, 16, 12], "texture": "#4"},
				"west": {"uv": [0, 11, 1, 12], "rotation": 270, "texture": "#4"},
				"up": {"uv": [0, 11, 16, 12], "texture": "#4"},
				"down": {"uv": [0, 12, 16, 11], "texture": "#4"}
			}
		},
		{
			"name": "big_dripleaf_top_12",
			"from": [1, 10.5, 11.75],
			"to": [15, 11.5, 12.75],
			"rotation": {"angle": -22.5, "axis": "x", "origin": [8, 14.2, 7.25]},
			"faces": {
				"north": {"uv": [15, 12, 1, 13], "texture": "#4"},
				"east": {"uv": [14, 12, 15, 13], "rotation": 90, "texture": "#4"},
				"south": {"uv": [1, 12, 15, 13], "texture": "#4"},
				"west": {"uv": [1, 12, 2, 13], "rotation": 270, "texture": "#4"},
				"up": {"uv": [1, 12, 15, 13], "texture": "#4"},
				"down": {"uv": [1, 13, 15, 12], "texture": "#4"}
			}
		},
		{
			"name": "big_dripleaf_top_13",
			"from": [1, 10.5, 12.75],
			"to": [15, 11.5, 13.75],
			"rotation": {"angle": -22.5, "axis": "x", "origin": [8, 14.2, 7.25]},
			"faces": {
				"north": {"uv": [15, 13, 1, 14], "texture": "#4"},
				"east": {"uv": [14, 13, 15, 14], "rotation": 90, "texture": "#4"},
				"south": {"uv": [1, 13, 15, 14], "texture": "#4"},
				"west": {"uv": [1, 13, 2, 14], "rotation": 270, "texture": "#4"},
				"up": {"uv": [1, 13, 15, 14], "texture": "#4"},
				"down": {"uv": [1, 14, 15, 13], "texture": "#4"}
			}
		},
		{
			"name": "big_dripleaf_top_14",
			"from": [2, 10.5, 13.75],
			"to": [14, 11.5, 14.75],
			"rotation": {"angle": -22.5, "axis": "x", "origin": [8, 14.2, 7.25]},
			"faces": {
				"north": {"uv": [14, 14, 2, 15], "texture": "#4"},
				"east": {"uv": [13, 14, 14, 15], "rotation": 90, "texture": "#4"},
				"south": {"uv": [2, 14, 14, 15], "texture": "#4"},
				"west": {"uv": [2, 14, 3, 15], "rotation": 270, "texture": "#4"},
				"up": {"uv": [2, 14, 14, 15], "texture": "#4"},
				"down": {"uv": [2, 15, 14, 14], "texture": "#4"}
			}
		},
		{
			"name": "big_dripleaf_top_15",
			"from": [3, 10.5, 14.75],
			"to": [7, 11.5, 15.75],
			"rotation": {"angle": -22.5, "axis": "x", "origin": [8, 14.2, 7.25]},
			"faces": {
				"north": {"uv": [7, 15, 3, 16], "texture": "#4"},
				"east": {"uv": [6, 15, 7, 16], "rotation": 90, "texture": "#4"},
				"south": {"uv": [3, 15, 7, 16], "texture": "#4"},
				"west": {"uv": [3, 15, 4, 16], "rotation": 270, "texture": "#4"},
				"up": {"uv": [3, 15, 7, 16], "texture": "#4"},
				"down": {"uv": [3, 16, 7, 15], "texture": "#4"}
			}
		},
		{
			"name": "big_dripleaf_top_16",
			"from": [9, 10.5, 14.75],
			"to": [13, 11.5, 15.75],
			"rotation": {"angle": -22.5, "axis": "x", "origin": [8, 14.2, 7.25]},
			"faces": {
				"north": {"uv": [13, 15, 9, 16], "texture": "#4"},
				"east": {"uv": [12, 15, 13, 16], "rotation": 90, "texture": "#4"},
				"south": {"uv": [9, 15, 13, 16], "texture": "#4"},
				"west": {"uv": [9, 15, 10, 16], "rotation": 270, "texture": "#4"},
				"up": {"uv": [9, 15, 13, 16], "texture": "#4"},
				"down": {"uv": [9, 16, 13, 15], "texture": "#4"}
			}
		},
		{
			"name": "big_dripleaf_tip_0",
			"from": [0, 10.5, -0.25],
			"to": [16, 11.5, 0.75],
			"rotation": {"angle": -22.5, "axis": "x", "origin": [8, 14.2, 7.25]},
			"faces": {
				"north": {"uv": [0, 0, 16, 1], "texture": "#5"},
				"east": {"uv": [0, 0, 1, 1], "texture": "#5"},
				"south": {"uv": [0, 1, 16, 0], "rotation": 180, "texture": "#5"},
				"west": {"uv": [15, 0, 16, 1], "texture": "#5"},
				"up": {"uv": [16, 0, 0, 1], "texture": "#5"},
				"down": {"uv": [0, 0, 16, 1], "rotation": 180, "texture": "#5"}
			}
		},
		{
			"name": "big_dripleaf_tip_1",
			"from": [2, 9.5, -0.25],
			"to": [14, 10.5, 0.75],
			"rotation": {"angle": -22.5, "axis": "x", "origin": [8, 14.2, 7.25]},
			"faces": {
				"north": {"uv": [2, 1, 14, 2], "texture": "#5"},
				"east": {"uv": [2, 1, 3, 2], "texture": "#5"},
				"south": {"uv": [2, 2, 14, 1], "rotation": 180, "texture": "#5"},
				"west": {"uv": [13, 1, 14, 2], "texture": "#5"},
				"up": {"uv": [14, 1, 2, 2], "texture": "#5"},
				"down": {"uv": [2, 1, 14, 2], "rotation": 180, "texture": "#5"}
			}
		},
		{
			"name": "big_dripleaf_tip_2",
			"from": [4, 8.5, -0.25],
			"to": [12, 9.5, 0.75],
			"rotation": {"angle": -22.5, "axis": "x", "origin": [8, 14.2, 7.25]},
			"faces": {
				"north": {"uv": [4, 2, 12, 3], "texture": "#5"},
				"east": {"uv": [4, 2, 5, 3], "texture": "#5"},
				"south": {"uv": [4, 3, 12, 2], "rotation": 180, "texture": "#5"},
				"west": {"uv": [11, 2, 12, 3], "texture": "#5"},
				"up": {"uv": [12, 2, 4, 3], "texture": "#5"},
				"down": {"uv": [4, 2, 12, 3], "rotation": 180, "texture": "#5"}
			}
		},
		{
			"name": "big_dripleaf_tip_3",
			"from": [6, 7.5, -0.25],
			"to": [10, 8.5, 0.75],
			"rotation": {"angle": -22.5, "axis": "x", "origin": [8, 14.2, 7.25]},
			"faces": {
				"north": {"uv": [6, 3, 10, 4], "texture": "#5"},
				"east": {"uv": [6, 3, 7, 4], "texture": "#5"},
				"south": {"uv": [6, 4, 10, 3], "rotation": 180, "texture": "#5"},
				"west": {"uv": [9, 3, 10, 4], "texture": "#5"},
				"up": {"uv": [10, 3, 6, 4], "texture": "#5"},
				"down": {"uv": [6, 3, 10, 4], "rotation": 180, "texture": "#5"}
			}
		},
		{
			"name": "big_dripleaf_stem_7",
			"from": [14, 12, 3.75],
			"to": [14.5, 13, 7.75],
			"rotation": {"angle": -45, "axis": "y", "origin": [0, 0, 0]},
			"faces": {
				"north": {"uv": [9, 3, 10, 4], "texture": "#1_stem"},
				"east": {"uv": [9, 4, 13, 3], "rotation": 180, "texture": "#1_stem"},
				"south": {"uv": [12, 3, 13, 4], "texture": "#1_stem"},
				"west": {"uv": [9, 3, 13, 4], "texture": "#1_stem"},
				"up": {"uv": [13, 3, 9, 4], "rotation": 270, "texture": "#1_stem"},
				"down": {"uv": [9, 3, 13, 4], "rotation": 270, "texture": "#1_stem"}
			}
		},
		{
			"name": "big_dripleaf_stem_8",
			"from": [14, 11, -0.25],
			"to": [14.5, 12, 2.75],
			"rotation": {"angle": -45, "axis": "y", "origin": [0, 0, 0]},
			"faces": {
				"north": {"uv": [5, 4, 6, 5], "texture": "#1_stem"},
				"east": {"uv": [5, 5, 8, 4], "rotation": 180, "texture": "#1_stem"},
				"south": {"uv": [7, 4, 8, 5], "texture": "#1_stem"},
				"west": {"uv": [5, 4, 8, 5], "texture": "#1_stem"},
				"up": {"uv": [8, 4, 5, 5], "rotation": 270, "texture": "#1_stem"},
				"down": {"uv": [5, 4, 8, 5], "rotation": 270, "texture": "#1_stem"}
			}
		},
		{
			"name": "big_dripleaf_stem_9",
			"from": [14, 11, 3.75],
			"to": [14.5, 12, 6.75],
			"rotation": {"angle": -45, "axis": "y", "origin": [0, 0, 0]},
			"faces": {
				"north": {"uv": [9, 4, 10, 5], "texture": "#1_stem"},
				"east": {"uv": [9, 5, 12, 4], "rotation": 180, "texture": "#1_stem"},
				"south": {"uv": [11, 4, 12, 5], "texture": "#1_stem"},
				"west": {"uv": [9, 4, 12, 5], "texture": "#1_stem"},
				"up": {"uv": [12, 4, 9, 5], "rotation": 270, "texture": "#1_stem"},
				"down": {"uv": [9, 4, 12, 5], "rotation": 270, "texture": "#1_stem"}
			}
		},
		{
			"name": "big_dripleaf_stem_10",
			"from": [14, 10, 0.75],
			"to": [14.5, 11, 5.75],
			"rotation": {"angle": -45, "axis": "y", "origin": [0, 0, 0]},
			"faces": {
				"north": {"uv": [6, 5, 7, 6], "texture": "#1_stem"},
				"east": {"uv": [6, 6, 11, 5], "rotation": 180, "texture": "#1_stem"},
				"south": {"uv": [10, 5, 11, 6], "texture": "#1_stem"},
				"west": {"uv": [6, 5, 11, 6], "texture": "#1_stem"},
				"up": {"uv": [11, 5, 6, 6], "rotation": 270, "texture": "#1_stem"},
				"down": {"uv": [6, 5, 11, 6], "rotation": 270, "texture": "#1_stem"}
			}
		},
		{
			"name": "big_dripleaf_stem_11",
			"from": [14, 9, 1.75],
			"to": [14.5, 10, 5.75],
			"rotation": {"angle": -45, "axis": "y", "origin": [0, 0, 0]},
			"faces": {
				"north": {"uv": [7, 6, 8, 7], "texture": "#1_stem"},
				"east": {"uv": [7, 7, 11, 6], "rotation": 180, "texture": "#1_stem"},
				"south": {"uv": [10, 6, 11, 7], "texture": "#1_stem"},
				"west": {"uv": [7, 6, 11, 7], "texture": "#1_stem"},
				"up": {"uv": [11, 6, 7, 7], "rotation": 270, "texture": "#1_stem"},
				"down": {"uv": [7, 6, 11, 7], "rotation": 270, "texture": "#1_stem"}
			}
		},
		{
			"name": "big_dripleaf_stem_12",
			"from": [14, 8, 2.75],
			"to": [14.5, 9, 5.75],
			"rotation": {"angle": -45, "axis": "y", "origin": [0, 0, 0]},
			"faces": {
				"north": {"uv": [8, 7, 9, 8], "texture": "#1_stem"},
				"east": {"uv": [8, 8, 11, 7], "rotation": 180, "texture": "#1_stem"},
				"south": {"uv": [10, 7, 11, 8], "texture": "#1_stem"},
				"west": {"uv": [8, 7, 11, 8], "texture": "#1_stem"},
				"up": {"uv": [11, 7, 8, 8], "rotation": 270, "texture": "#1_stem"},
				"down": {"uv": [8, 7, 11, 8], "rotation": 270, "texture": "#1_stem"}
			}
		},
		{
			"name": "big_dripleaf_stem_13",
			"from": [14, 7, 1.75],
			"to": [14.5, 8, 4.75],
			"rotation": {"angle": -45, "axis": "y", "origin": [0, 0, 0]},
			"faces": {
				"north": {"uv": [7, 8, 8, 9], "texture": "#1_stem"},
				"east": {"uv": [7, 9, 10, 8], "rotation": 180, "texture": "#1_stem"},
				"south": {"uv": [9, 8, 10, 9], "texture": "#1_stem"},
				"west": {"uv": [7, 8, 10, 9], "texture": "#1_stem"},
				"up": {"uv": [10, 8, 7, 9], "rotation": 270, "texture": "#1_stem"},
				"down": {"uv": [7, 8, 10, 9], "rotation": 270, "texture": "#1_stem"}
			}
		},
		{
			"name": "big_dripleaf_stem_14",
			"from": [14, 6, -2.25],
			"to": [14.5, 7, 5.75],
			"rotation": {"angle": -45, "axis": "y", "origin": [0, 0, 0]},
			"faces": {
				"north": {"uv": [3, 9, 4, 10], "texture": "#1_stem"},
				"east": {"uv": [3, 10, 11, 9], "rotation": 180, "texture": "#1_stem"},
				"south": {"uv": [10, 9, 11, 10], "texture": "#1_stem"},
				"west": {"uv": [3, 9, 11, 10], "texture": "#1_stem"},
				"up": {"uv": [11, 9, 3, 10], "rotation": 270, "texture": "#1_stem"},
				"down": {"uv": [3, 9, 11, 10], "rotation": 270, "texture": "#1_stem"}
			}
		},
		{
			"name": "big_dripleaf_stem_15",
			"from": [14, 5, -1.25],
			"to": [14.5, 6, 8.75],
			"rotation": {"angle": -45, "axis": "y", "origin": [0, 0, 0]},
			"faces": {
				"north": {"uv": [4, 10, 5, 11], "texture": "#1_stem"},
				"east": {"uv": [4, 11, 14, 10], "rotation": 180, "texture": "#1_stem"},
				"south": {"uv": [13, 10, 14, 11], "texture": "#1_stem"},
				"west": {"uv": [4, 10, 14, 11], "texture": "#1_stem"},
				"up": {"uv": [14, 10, 4, 11], "rotation": 270, "texture": "#1_stem"},
				"down": {"uv": [4, 10, 14, 11], "rotation": 270, "texture": "#1_stem"}
			}
		},
		{
			"name": "big_dripleaf_stem_16",
			"from": [14, 4, -0.25],
			"to": [14.5, 5, 2.75],
			"rotation": {"angle": -45, "axis": "y", "origin": [0, 0, 0]},
			"faces": {
				"north": {"uv": [5, 11, 6, 12], "texture": "#1_stem"},
				"east": {"uv": [5, 12, 8, 11], "rotation": 180, "texture": "#1_stem"},
				"south": {"uv": [7, 11, 8, 12], "texture": "#1_stem"},
				"west": {"uv": [5, 11, 8, 12], "texture": "#1_stem"},
				"up": {"uv": [8, 11, 5, 12], "rotation": 270, "texture": "#1_stem"},
				"down": {"uv": [5, 11, 8, 12], "rotation": 270, "texture": "#1_stem"}
			}
		},
		{
			"name": "big_dripleaf_stem_17",
			"from": [14, 4, 4.75],
			"to": [14.5, 5, 7.75],
			"rotation": {"angle": -45, "axis": "y", "origin": [0, 0, 0]},
			"faces": {
				"north": {"uv": [10, 11, 11, 12], "texture": "#1_stem"},
				"east": {"uv": [10, 12, 13, 11], "rotation": 180, "texture": "#1_stem"},
				"south": {"uv": [12, 11, 13, 12], "texture": "#1_stem"},
				"west": {"uv": [10, 11, 13, 12], "texture": "#1_stem"},
				"up": {"uv": [13, 11, 10, 12], "rotation": 270, "texture": "#1_stem"},
				"down": {"uv": [10, 11, 13, 12], "rotation": 270, "texture": "#1_stem"}
			}
		},
		{
			"name": "big_dripleaf_stem_18",
			"from": [14, 3, -0.25],
			"to": [14.5, 4, 1.75],
			"rotation": {"angle": -45, "axis": "y", "origin": [0, 0, 0]},
			"faces": {
				"north": {"uv": [5, 12, 6, 13], "texture": "#1_stem"},
				"east": {"uv": [5, 13, 7, 12], "rotation": 180, "texture": "#1_stem"},
				"south": {"uv": [6, 12, 7, 13], "texture": "#1_stem"},
				"west": {"uv": [5, 12, 7, 13], "texture": "#1_stem"},
				"up": {"uv": [7, 12, 5, 13], "rotation": 270, "texture": "#1_stem"},
				"down": {"uv": [5, 12, 7, 13], "rotation": 270, "texture": "#1_stem"}
			}
		},
		{
			"name": "big_dripleaf_stem_19",
			"from": [14, 3, 4.75],
			"to": [14.5, 4, 6.75],
			"rotation": {"angle": -45, "axis": "y", "origin": [0, 0, 0]},
			"faces": {
				"north": {"uv": [10, 12, 11, 13], "texture": "#1_stem"},
				"east": {"uv": [10, 13, 12, 12], "rotation": 180, "texture": "#1_stem"},
				"south": {"uv": [11, 12, 12, 13], "texture": "#1_stem"},
				"west": {"uv": [10, 12, 12, 13], "texture": "#1_stem"},
				"up": {"uv": [12, 12, 10, 13], "rotation": 270, "texture": "#1_stem"},
				"down": {"uv": [10, 12, 12, 13], "rotation": 270, "texture": "#1_stem"}
			}
		},
		{
			"name": "big_dripleaf_stem_20",
			"from": [14, 2, -0.25],
			"to": [14.5, 3, 1.75],
			"rotation": {"angle": -45, "axis": "y", "origin": [0, 0, 0]},
			"faces": {
				"north": {"uv": [5, 13, 6, 14], "texture": "#1_stem"},
				"east": {"uv": [5, 14, 7, 13], "rotation": 180, "texture": "#1_stem"},
				"south": {"uv": [6, 13, 7, 14], "texture": "#1_stem"},
				"west": {"uv": [5, 13, 7, 14], "texture": "#1_stem"},
				"up": {"uv": [7, 13, 5, 14], "rotation": 270, "texture": "#1_stem"},
				"down": {"uv": [5, 13, 7, 14], "rotation": 270, "texture": "#1_stem"}
			}
		},
		{
			"name": "big_dripleaf_stem_21",
			"from": [14, 2, 3.75],
			"to": [14.5, 3, 6.75],
			"rotation": {"angle": -45, "axis": "y", "origin": [0, 0, 0]},
			"faces": {
				"north": {"uv": [9, 13, 10, 14], "texture": "#1_stem"},
				"east": {"uv": [9, 14, 12, 13], "rotation": 180, "texture": "#1_stem"},
				"south": {"uv": [11, 13, 12, 14], "texture": "#1_stem"},
				"west": {"uv": [9, 13, 12, 14], "texture": "#1_stem"},
				"up": {"uv": [12, 13, 9, 14], "rotation": 270, "texture": "#1_stem"},
				"down": {"uv": [9, 13, 12, 14], "rotation": 270, "texture": "#1_stem"}
			}
		},
		{
			"name": "big_dripleaf_stem_22",
			"from": [14, 1, -0.25],
			"to": [14.5, 2, 1.75],
			"rotation": {"angle": -45, "axis": "y", "origin": [0, 0, 0]},
			"faces": {
				"north": {"uv": [5, 14, 6, 15], "texture": "#1_stem"},
				"east": {"uv": [5, 15, 7, 14], "rotation": 180, "texture": "#1_stem"},
				"south": {"uv": [6, 14, 7, 15], "texture": "#1_stem"},
				"west": {"uv": [5, 14, 7, 15], "texture": "#1_stem"},
				"up": {"uv": [7, 14, 5, 15], "rotation": 270, "texture": "#1_stem"},
				"down": {"uv": [5, 14, 7, 15], "rotation": 270, "texture": "#1_stem"}
			}
		},
		{
			"name": "big_dripleaf_stem_23",
			"from": [14, 1, 3.75],
			"to": [14.5, 2, 5.75],
			"rotation": {"angle": -45, "axis": "y", "origin": [0, 0, 0]},
			"faces": {
				"north": {"uv": [9, 14, 10, 15], "texture": "#1_stem"},
				"east": {"uv": [9, 15, 11, 14], "rotation": 180, "texture": "#1_stem"},
				"south": {"uv": [10, 14, 11, 15], "texture": "#1_stem"},
				"west": {"uv": [9, 14, 11, 15], "texture": "#1_stem"},
				"up": {"uv": [11, 14, 9, 15], "rotation": 270, "texture": "#1_stem"},
				"down": {"uv": [9, 14, 11, 15], "rotation": 270, "texture": "#1_stem"}
			}
		},
		{
			"name": "big_dripleaf_stem_24",
			"from": [14, 0, -0.25],
			"to": [14.5, 1, 1.75],
			"rotation": {"angle": -45, "axis": "y", "origin": [0, 0, 0]},
			"faces": {
				"north": {"uv": [5, 15, 6, 16], "texture": "#1_stem"},
				"east": {"uv": [5, 16, 7, 15], "rotation": 180, "texture": "#1_stem"},
				"south": {"uv": [6, 15, 7, 16], "texture": "#1_stem"},
				"west": {"uv": [5, 15, 7, 16], "texture": "#1_stem"},
				"up": {"uv": [7, 15, 5, 16], "rotation": 270, "texture": "#1_stem"},
				"down": {"uv": [5, 15, 7, 16], "rotation": 270, "texture": "#1_stem"}
			}
		},
		{
			"name": "big_dripleaf_stem_25",
			"from": [14, 0, 3.75],
			"to": [14.5, 1, 5.75],
			"rotation": {"angle": -45, "axis": "y", "origin": [0, 0, 0]},
			"faces": {
				"north": {"uv": [9, 15, 10, 16], "texture": "#1_stem"},
				"east": {"uv": [9, 16, 11, 15], "rotation": 180, "texture": "#1_stem"},
				"south": {"uv": [10, 15, 11, 16], "texture": "#1_stem"},
				"west": {"uv": [9, 15, 11, 16], "texture": "#1_stem"},
				"up": {"uv": [11, 15, 9, 16], "rotation": 270, "texture": "#1_stem"},
				"down": {"uv": [9, 15, 11, 16], "rotation": 270, "texture": "#1_stem"}
			}
		},
		{
			"name": "big_dripleaf_stem_7",
			"from": [9.19932, 12, 12.03755],
			"to": [11.19932, 13.5, 12.53755],
			"rotation": {"angle": -45, "axis": "y", "origin": [7.96855, 8, 12.53755]},
			"faces": {
				"north": {"uv": [5, 3, 7, 4], "texture": "#1_stem"},
				"east": {"uv": [5, 3, 6, 4], "texture": "#1_stem"},
				"south": {"uv": [5, 4, 7, 3], "rotation": 180, "texture": "#1_stem"},
				"west": {"uv": [6, 3, 7, 4], "texture": "#1_stem"},
				"up": {"uv": [7, 3, 5, 4], "texture": "#1_stem"},
				"down": {"uv": [5, 3, 7, 4], "rotation": 180, "texture": "#1_stem"}
			}
		},
		{
			"name": "big_dripleaf_stem_9",
			"from": [8.19932, 11, 12.03755],
			"to": [11.19932, 12, 12.53755],
			"rotation": {"angle": -45, "axis": "y", "origin": [7.96855, 8, 12.53755]},
			"faces": {
				"north": {"uv": [5, 4, 8, 5], "texture": "#1_stem"},
				"east": {"uv": [5, 4, 6, 5], "texture": "#1_stem"},
				"south": {"uv": [5, 5, 8, 4], "rotation": 180, "texture": "#1_stem"},
				"west": {"uv": [7, 4, 8, 5], "texture": "#1_stem"},
				"up": {"uv": [8, 4, 5, 5], "texture": "#1_stem"},
				"down": {"uv": [5, 4, 8, 5], "rotation": 180, "texture": "#1_stem"}
			}
		},
		{
			"name": "big_dripleaf_stem_10",
			"from": [4.19932, 11, 12.03755],
			"to": [7.19932, 12, 12.53755],
			"rotation": {"angle": -45, "axis": "y", "origin": [7.96855, 8, 12.53755]},
			"faces": {
				"north": {"uv": [9, 4, 12, 5], "texture": "#1_stem"},
				"east": {"uv": [9, 4, 10, 5], "texture": "#1_stem"},
				"south": {"uv": [9, 5, 12, 4], "rotation": 180, "texture": "#1_stem"},
				"west": {"uv": [11, 4, 12, 5], "texture": "#1_stem"},
				"up": {"uv": [12, 4, 9, 5], "texture": "#1_stem"},
				"down": {"uv": [9, 4, 12, 5], "rotation": 180, "texture": "#1_stem"}
			}
		},
		{
			"name": "big_dripleaf_stem_11",
			"from": [5.19932, 10, 12.03755],
			"to": [10.19932, 11, 12.53755],
			"rotation": {"angle": -45, "axis": "y", "origin": [7.96855, 8, 12.53755]},
			"faces": {
				"north": {"uv": [6, 5, 11, 6], "texture": "#1_stem"},
				"east": {"uv": [6, 5, 7, 6], "texture": "#1_stem"},
				"south": {"uv": [6, 6, 11, 5], "rotation": 180, "texture": "#1_stem"},
				"west": {"uv": [10, 5, 11, 6], "texture": "#1_stem"},
				"up": {"uv": [11, 5, 6, 6], "texture": "#1_stem"},
				"down": {"uv": [6, 5, 11, 6], "rotation": 180, "texture": "#1_stem"}
			}
		},
		{
			"name": "big_dripleaf_stem_12",
			"from": [5.19932, 9, 12.03755],
			"to": [9.19932, 10, 12.53755],
			"rotation": {"angle": -45, "axis": "y", "origin": [7.96855, 8, 12.53755]},
			"faces": {
				"north": {"uv": [7, 6, 11, 7], "texture": "#1_stem"},
				"east": {"uv": [7, 6, 8, 7], "texture": "#1_stem"},
				"south": {"uv": [7, 7, 11, 6], "rotation": 180, "texture": "#1_stem"},
				"west": {"uv": [10, 6, 11, 7], "texture": "#1_stem"},
				"up": {"uv": [11, 6, 7, 7], "texture": "#1_stem"},
				"down": {"uv": [7, 6, 11, 7], "rotation": 180, "texture": "#1_stem"}
			}
		},
		{
			"name": "big_dripleaf_stem_13",
			"from": [5.19932, 8, 12.03755],
			"to": [8.19932, 9, 12.53755],
			"rotation": {"angle": -45, "axis": "y", "origin": [7.96855, 8, 12.53755]},
			"faces": {
				"north": {"uv": [8, 7, 11, 8], "texture": "#1_stem"},
				"east": {"uv": [8, 7, 9, 8], "texture": "#1_stem"},
				"south": {"uv": [8, 8, 11, 7], "rotation": 180, "texture": "#1_stem"},
				"west": {"uv": [10, 7, 11, 8], "texture": "#1_stem"},
				"up": {"uv": [11, 7, 8, 8], "texture": "#1_stem"},
				"down": {"uv": [8, 7, 11, 8], "rotation": 180, "texture": "#1_stem"}
			}
		},
		{
			"name": "big_dripleaf_stem_14",
			"from": [6.19932, 7, 12.03755],
			"to": [9.19932, 8, 12.53755],
			"rotation": {"angle": -45, "axis": "y", "origin": [7.96855, 8, 12.53755]},
			"faces": {
				"north": {"uv": [7, 8, 10, 9], "texture": "#1_stem"},
				"east": {"uv": [7, 8, 8, 9], "texture": "#1_stem"},
				"south": {"uv": [7, 9, 10, 8], "rotation": 180, "texture": "#1_stem"},
				"west": {"uv": [9, 8, 10, 9], "texture": "#1_stem"},
				"up": {"uv": [10, 8, 7, 9], "texture": "#1_stem"},
				"down": {"uv": [7, 8, 10, 9], "rotation": 180, "texture": "#1_stem"}
			}
		},
		{
			"name": "big_dripleaf_stem_15",
			"from": [5.19932, 6, 12.03755],
			"to": [13.19932, 7, 12.53755],
			"rotation": {"angle": -45, "axis": "y", "origin": [7.96855, 8, 12.53755]},
			"faces": {
				"north": {"uv": [3, 9, 11, 10], "texture": "#1_stem"},
				"east": {"uv": [3, 9, 4, 10], "texture": "#1_stem"},
				"south": {"uv": [3, 10, 11, 9], "rotation": 180, "texture": "#1_stem"},
				"west": {"uv": [10, 9, 11, 10], "texture": "#1_stem"},
				"up": {"uv": [11, 9, 3, 10], "texture": "#1_stem"},
				"down": {"uv": [3, 9, 11, 10], "rotation": 180, "texture": "#1_stem"}
			}
		},
		{
			"name": "big_dripleaf_stem_16",
			"from": [2.19932, 5, 12.03755],
			"to": [12.19932, 6, 12.53755],
			"rotation": {"angle": -45, "axis": "y", "origin": [7.96855, 8, 12.53755]},
			"faces": {
				"north": {"uv": [4, 10, 14, 11], "texture": "#1_stem"},
				"east": {"uv": [4, 10, 5, 11], "texture": "#1_stem"},
				"south": {"uv": [4, 11, 14, 10], "rotation": 180, "texture": "#1_stem"},
				"west": {"uv": [13, 10, 14, 11], "texture": "#1_stem"},
				"up": {"uv": [14, 10, 4, 11], "texture": "#1_stem"},
				"down": {"uv": [4, 10, 14, 11], "rotation": 180, "texture": "#1_stem"}
			}
		},
		{
			"name": "big_dripleaf_stem_17",
			"from": [8.19932, 4, 12.03755],
			"to": [11.19932, 5, 12.53755],
			"rotation": {"angle": -45, "axis": "y", "origin": [7.96855, 8, 12.53755]},
			"faces": {
				"north": {"uv": [5, 11, 8, 12], "texture": "#1_stem"},
				"east": {"uv": [5, 11, 6, 12], "texture": "#1_stem"},
				"south": {"uv": [5, 12, 8, 11], "rotation": 180, "texture": "#1_stem"},
				"west": {"uv": [7, 11, 8, 12], "texture": "#1_stem"},
				"up": {"uv": [8, 11, 5, 12], "texture": "#1_stem"},
				"down": {"uv": [5, 11, 8, 12], "rotation": 180, "texture": "#1_stem"}
			}
		},
		{
			"name": "big_dripleaf_stem_18",
			"from": [3.19932, 4, 12.03755],
			"to": [6.19932, 5, 12.53755],
			"rotation": {"angle": -45, "axis": "y", "origin": [7.96855, 8, 12.53755]},
			"faces": {
				"north": {"uv": [10, 11, 13, 12], "texture": "#1_stem"},
				"east": {"uv": [10, 11, 11, 12], "texture": "#1_stem"},
				"south": {"uv": [10, 12, 13, 11], "rotation": 180, "texture": "#1_stem"},
				"west": {"uv": [12, 11, 13, 12], "texture": "#1_stem"},
				"up": {"uv": [13, 11, 10, 12], "texture": "#1_stem"},
				"down": {"uv": [10, 11, 13, 12], "rotation": 180, "texture": "#1_stem"}
			}
		},
		{
			"name": "big_dripleaf_stem_19",
			"from": [9.19932, 3, 12.03755],
			"to": [11.19932, 4, 12.53755],
			"rotation": {"angle": -45, "axis": "y", "origin": [7.96855, 8, 12.53755]},
			"faces": {
				"north": {"uv": [5, 12, 7, 13], "texture": "#1_stem"},
				"east": {"uv": [5, 12, 6, 13], "texture": "#1_stem"},
				"south": {"uv": [5, 13, 7, 12], "rotation": 180, "texture": "#1_stem"},
				"west": {"uv": [6, 12, 7, 13], "texture": "#1_stem"},
				"up": {"uv": [7, 12, 5, 13], "texture": "#1_stem"},
				"down": {"uv": [5, 12, 7, 13], "rotation": 180, "texture": "#1_stem"}
			}
		},
		{
			"name": "big_dripleaf_stem_20",
			"from": [4.19932, 3, 12.03755],
			"to": [6.19932, 4, 12.53755],
			"rotation": {"angle": -45, "axis": "y", "origin": [7.96855, 8, 12.53755]},
			"faces": {
				"north": {"uv": [10, 12, 12, 13], "texture": "#1_stem"},
				"east": {"uv": [10, 12, 11, 13], "texture": "#1_stem"},
				"south": {"uv": [10, 13, 12, 12], "rotation": 180, "texture": "#1_stem"},
				"west": {"uv": [11, 12, 12, 13], "texture": "#1_stem"},
				"up": {"uv": [12, 12, 10, 13], "texture": "#1_stem"},
				"down": {"uv": [10, 12, 12, 13], "rotation": 180, "texture": "#1_stem"}
			}
		},
		{
			"name": "big_dripleaf_stem_21",
			"from": [9.19932, 2, 12.03755],
			"to": [11.19932, 3, 12.53755],
			"rotation": {"angle": -45, "axis": "y", "origin": [7.96855, 8, 12.53755]},
			"faces": {
				"north": {"uv": [5, 13, 7, 14], "texture": "#1_stem"},
				"east": {"uv": [5, 13, 6, 14], "texture": "#1_stem"},
				"south": {"uv": [5, 14, 7, 13], "rotation": 180, "texture": "#1_stem"},
				"west": {"uv": [6, 13, 7, 14], "texture": "#1_stem"},
				"up": {"uv": [7, 13, 5, 14], "texture": "#1_stem"},
				"down": {"uv": [5, 13, 7, 14], "rotation": 180, "texture": "#1_stem"}
			}
		},
		{
			"name": "big_dripleaf_stem_22",
			"from": [4.19932, 2, 12.03755],
			"to": [7.19932, 3, 12.53755],
			"rotation": {"angle": -45, "axis": "y", "origin": [7.96855, 8, 12.53755]},
			"faces": {
				"north": {"uv": [9, 13, 12, 14], "texture": "#1_stem"},
				"east": {"uv": [9, 13, 10, 14], "texture": "#1_stem"},
				"south": {"uv": [9, 14, 12, 13], "rotation": 180, "texture": "#1_stem"},
				"west": {"uv": [11, 13, 12, 14], "texture": "#1_stem"},
				"up": {"uv": [12, 13, 9, 14], "texture": "#1_stem"},
				"down": {"uv": [9, 13, 12, 14], "rotation": 180, "texture": "#1_stem"}
			}
		},
		{
			"name": "big_dripleaf_stem_23",
			"from": [9.19932, 1, 12.03755],
			"to": [11.19932, 2, 12.53755],
			"rotation": {"angle": -45, "axis": "y", "origin": [7.96855, 8, 12.53755]},
			"faces": {
				"north": {"uv": [5, 14, 7, 15], "texture": "#1_stem"},
				"east": {"uv": [5, 14, 6, 15], "texture": "#1_stem"},
				"south": {"uv": [5, 15, 7, 14], "rotation": 180, "texture": "#1_stem"},
				"west": {"uv": [6, 14, 7, 15], "texture": "#1_stem"},
				"up": {"uv": [7, 14, 5, 15], "texture": "#1_stem"},
				"down": {"uv": [5, 14, 7, 15], "rotation": 180, "texture": "#1_stem"}
			}
		},
		{
			"name": "big_dripleaf_stem_24",
			"from": [5.19932, 1, 12.03755],
			"to": [7.19932, 2, 12.53755],
			"rotation": {"angle": -45, "axis": "y", "origin": [7.96855, 8, 12.53755]},
			"faces": {
				"north": {"uv": [9, 14, 11, 15], "texture": "#1_stem"},
				"east": {"uv": [9, 14, 10, 15], "texture": "#1_stem"},
				"south": {"uv": [9, 15, 11, 14], "rotation": 180, "texture": "#1_stem"},
				"west": {"uv": [10, 14, 11, 15], "texture": "#1_stem"},
				"up": {"uv": [11, 14, 9, 15], "texture": "#1_stem"},
				"down": {"uv": [9, 14, 11, 15], "rotation": 180, "texture": "#1_stem"}
			}
		},
		{
			"name": "big_dripleaf_stem_25",
			"from": [9.19932, 0, 12.03755],
			"to": [11.19932, 1, 12.53755],
			"rotation": {"angle": -45, "axis": "y", "origin": [7.96855, 8, 12.53755]},
			"faces": {
				"north": {"uv": [5, 15, 7, 16], "texture": "#1_stem"},
				"east": {"uv": [5, 15, 6, 16], "texture": "#1_stem"},
				"south": {"uv": [5, 16, 7, 15], "rotation": 180, "texture": "#1_stem"},
				"west": {"uv": [6, 15, 7, 16], "texture": "#1_stem"},
				"up": {"uv": [7, 15, 5, 16], "texture": "#1_stem"},
				"down": {"uv": [5, 15, 7, 16], "rotation": 180, "texture": "#1_stem"}
			}
		},
		{
			"name": "big_dripleaf_stem_26",
			"from": [5.19932, 0, 12.03755],
			"to": [7.19932, 1, 12.53755],
			"rotation": {"angle": -45, "axis": "y", "origin": [7.96855, 8, 12.53755]},
			"faces": {
				"north": {"uv": [9, 15, 11, 16], "texture": "#1_stem"},
				"east": {"uv": [9, 15, 10, 16], "texture": "#1_stem"},
				"south": {"uv": [9, 16, 11, 15], "rotation": 180, "texture": "#1_stem"},
				"west": {"uv": [10, 15, 11, 16], "texture": "#1_stem"},
				"up": {"uv": [11, 15, 9, 16], "texture": "#1_stem"},
				"down": {"uv": [9, 15, 11, 16], "rotation": 180, "texture": "#1_stem"}
			}
		}
	],
	"groups": [
		{
			"name": "big_dripleaf",
			"origin": [8, 8, 8],
			"children": [
				{
					"name": "big_dripleaf_top",
					"origin": [8, 8, 8],
					"children": [0, 1, 2, 3, 4, 5, 6, 7, 8, 9, 10, 11, 12, 13, 14, 15]
				},
				{
					"name": "big_dripleaf_tip",
					"origin": [8, 8, 8],
					"children": [16, 17, 18, 19]
				},
				{
					"name": "big_dripleaf_stem",
					"origin": [8, 8, 8],
					"children": [
						{
							"name": "big_dripleaf_stem",
							"origin": [8, 8, 8],
							"children": [20, 21, 22, 23, 24, 25, 26, 27, 28, 29, 30, 31, 32, 33, 34, 35, 36, 37, 38]
						},
						{
							"name": "big_dripleaf_stem",
							"origin": [8, 8, 8],
							"children": [39, 40, 41, 42, 43, 44, 45, 46, 47, 48, 49, 50, 51, 52, 53, 54, 55, 56, 57]
						}
					]
				}
			]
		}
	]
}