{
	"credit": "Made with Blockbench",
	"parent": "minecraft:block/cross",
	"textures": {
		"2": "block/closed_eyeblossom",
		"particle": "block/closed_eyeblossom"
	},
	"elements": [
		{
			"from": [7, 0, 7],
			"to": [9, 7, 9],
			"rotation": {"angle": 0, "axis": "y", "origin": [7, 0, 7]},
			"faces": {
				"north": {"uv": [7, 9, 9, 16], "texture": "#2"},
				"east": {"uv": [9, 9, 7, 16], "texture": "#2"},
				"south": {"uv": [7, 9, 9, 16], "texture": "#2"},
				"west": {"uv": [9, 9, 7, 16], "texture": "#2"},
				"down": {"uv": [7, 14, 9, 16], "texture": "#2"}
			}
		},
		{
			"from": [6, 7, 6],
			"to": [10, 8, 10],
			"rotation": {"angle": 0, "axis": "y", "origin": [7, 7, 6]},
			"faces": {
				"north": {"uv": [6, 8, 10, 9], "texture": "#2"},
				"east": {"uv": [6, 8, 10, 9], "texture": "#2"},
				"south": {"uv": [6, 8, 10, 9], "texture": "#2"},
				"west": {"uv": [6, 8, 10, 9], "texture": "#2"},
				"down": {"uv": [6, 5, 10, 9], "texture": "#2"}
			}
		},
		{
			"from": [5, 8, 5],
			"to": [11, 11, 6],
			"rotation": {"angle": 0, "axis": "y", "origin": [5, 8, 5]},
			"faces": {
				"north": {"uv": [5, 5, 11, 8], "texture": "#2"},
				"east": {"uv": [5, 5, 6, 8], "texture": "#2"},
				"west": {"uv": [5, 5, 6, 8], "texture": "#2"},
				"up": {"uv": [11, 5, 5, 6], "texture": "#2"},
				"down": {"uv": [5, 7, 11, 8], "texture": "#2"}
			}
		},
		{
			"from": [6, 11, 6],
			"to": [10, 12, 7],
			"rotation": {"angle": 0, "axis": "y", "origin": [5, 11, 6]},
			"faces": {
				"north": {"uv": [6, 5, 10, 6], "texture": "#2"},
				"east": {"uv": [6, 5, 7, 6], "texture": "#2"},
				"west": {"uv": [9, 5, 10, 6], "texture": "#2"},
				"up": {"uv": [10, 5, 6, 6], "texture": "#2"},
				"down": {"uv": [5, 7, 9, 8], "texture": "#2"}
			}
		},
		{
			"from": [6, 11, 9],
			"to": [10, 12, 10],
			"rotation": {"angle": 0, "axis": "y", "origin": [5, 11, 10]},
			"faces": {
				"east": {"uv": [7, 5, 6, 6], "texture": "#2"},
				"south": {"uv": [10, 5, 6, 6], "texture": "#2"},
				"west": {"uv": [10, 5, 9, 6], "texture": "#2"},
				"up": {"uv": [10, 6, 6, 5], "texture": "#2"},
				"down": {"uv": [5, 8, 9, 7], "texture": "#2"}
			}
		},
		{
			"from": [5, 8, 10],
			"to": [11, 11, 11],
			"rotation": {"angle": 0, "axis": "y", "origin": [5, 8, 11]},
			"faces": {
				"east": {"uv": [6, 5, 5, 8], "texture": "#2"},
				"south": {"uv": [11, 5, 5, 8], "texture": "#2"},
				"west": {"uv": [6, 5, 5, 8], "texture": "#2"},
				"up": {"uv": [11, 6, 5, 5], "texture": "#2"},
				"down": {"uv": [5, 8, 11, 7], "texture": "#2"}
			}
		},
		{
			"from": [10, 8, 6],
			"to": [11, 11, 10],
			"rotation": {"angle": 0, "axis": "y", "origin": [11, 8, 10]},
			"faces": {
				"north": {"uv": [7, 5, 6, 8], "texture": "#2"},
				"east": {"uv": [10, 5, 6, 8], "texture": "#2"},
				"south": {"uv": [7, 5, 6, 8], "texture": "#2"},
				"up": {"uv": [10, 6, 6, 5], "rotation": 270, "texture": "#2"},
				"down": {"uv": [10, 8, 6, 7], "rotation": 90, "texture": "#2"}
			}
		},
		{
			"from": [5, 8, 6],
			"to": [6, 11, 10],
			"rotation": {"angle": 0, "axis": "y", "origin": [5, 8, 10]},
			"faces": {
				"north": {"uv": [6, 5, 7, 8], "texture": "#2"},
				"south": {"uv": [6, 5, 7, 8], "texture": "#2"},
				"west": {"uv": [6, 5, 10, 8], "texture": "#2"},
				"up": {"uv": [10, 5, 6, 6], "rotation": 270, "texture": "#2"},
				"down": {"uv": [10, 7, 6, 8], "rotation": 90, "texture": "#2"}
			}
		},
		{
			"from": [6, 11, 7],
			"to": [10, 12, 9],
			"rotation": {"angle": 0, "axis": "y", "origin": [6, 11, 7]},
			"faces": {
				"east": {"uv": [7, 4, 9, 5], "texture": "#2"},
				"south": {"uv": [0, 0, 4, 1], "texture": "#2"},
				"west": {"uv": [7, 4, 9, 5], "texture": "#2"},
				"up": {"uv": [6, 5, 10, 7], "texture": "#2"},
				"down": {"uv": [0, 0, 4, 2], "texture": "#2"}
			}
		},
		{
			"name": "closed_eyeblossom_6",
			"from": [4, 3, 7.75],
			"to": [5, 4, 8.25],
			"rotation": {"angle": 0, "axis": "y", "origin": [0, 0, 7.25]},
			"faces": {
				"north": {"uv": [5, 12, 4, 13], "texture": "#2"},
				"east": {"uv": [4, 12, 5, 13], "texture": "#2"},
				"south": {"uv": [4, 12, 5, 13], "texture": "#2"},
				"west": {"uv": [4, 12, 5, 13], "texture": "#2"},
				"up": {"uv": [4, 12, 5, 13], "texture": "#2"},
				"down": {"uv": [4, 12, 5, 13], "texture": "#2"}
			}
		},
		{
			"name": "closed_eyeblossom_7",
			"from": [5, 2, 7.75],
			"to": [6, 4, 8.25],
			"rotation": {"angle": 0, "axis": "y", "origin": [0, 0, 7.25]},
			"faces": {
				"north": {"uv": [6, 12, 5, 14], "texture": "#2"},
				"east": {"uv": [5, 12, 6, 14], "texture": "#2"},
				"south": {"uv": [5, 12, 6, 14], "texture": "#2"},
				"west": {"uv": [5, 12, 6, 14], "texture": "#2"},
				"up": {"uv": [5, 12, 6, 13], "texture": "#2"},
				"down": {"uv": [5, 13, 6, 14], "texture": "#2"}
			}
		},
		{
			"name": "closed_eyeblossom_8",
			"from": [6, 2, 7.75],
			"to": [7, 4, 8.25],
			"rotation": {"angle": 0, "axis": "y", "origin": [0, 0, 7.25]},
			"faces": {
				"north": {"uv": [7, 12, 6, 14], "texture": "#2"},
				"east": {"uv": [6, 12, 7, 14], "texture": "#2"},
				"south": {"uv": [6, 12, 7, 14], "texture": "#2"},
				"west": {"uv": [6, 12, 7, 14], "texture": "#2"},
				"up": {"uv": [6, 12, 7, 13], "texture": "#2"},
				"down": {"uv": [6, 13, 7, 14], "texture": "#2"}
			}
		},
		{
			"name": "closed_eyeblossom_9",
			"from": [10, 2, 7.75],
			"to": [11, 4, 8.25],
			"rotation": {"angle": 0, "axis": "y", "origin": [0, 0, 7.25]},
			"faces": {
				"north": {"uv": [11, 12, 10, 14], "texture": "#2"},
				"east": {"uv": [10, 12, 11, 14], "texture": "#2"},
				"south": {"uv": [10, 12, 11, 14], "texture": "#2"},
				"west": {"uv": [10, 12, 11, 14], "texture": "#2"},
				"up": {"uv": [10, 12, 11, 13], "texture": "#2"},
				"down": {"uv": [10, 13, 11, 14], "texture": "#2"}
			}
		},
		{
			"name": "closed_eyeblossom_10",
			"from": [11, 3, 7.75],
			"to": [12, 4, 8.25],
			"rotation": {"angle": 0, "axis": "y", "origin": [0, 0, 7.25]},
			"faces": {
				"north": {"uv": [12, 12, 11, 13], "texture": "#2"},
				"east": {"uv": [11, 12, 12, 13], "texture": "#2"},
				"south": {"uv": [11, 12, 12, 13], "texture": "#2"},
				"west": {"uv": [11, 12, 12, 13], "texture": "#2"},
				"up": {"uv": [11, 12, 12, 13], "texture": "#2"},
				"down": {"uv": [11, 12, 12, 13], "texture": "#2"}
			}
		},
		{
			"name": "closed_eyeblossom_11",
			"from": [9, 1, 7.75],
			"to": [10, 3, 8.25],
			"rotation": {"angle": 0, "axis": "y", "origin": [0, 0, 7.25]},
			"faces": {
				"north": {"uv": [10, 13, 9, 15], "texture": "#2"},
				"east": {"uv": [9, 13, 10, 15], "texture": "#2"},
				"south": {"uv": [9, 13, 10, 15], "texture": "#2"},
				"west": {"uv": [9, 13, 10, 15], "texture": "#2"},
				"up": {"uv": [9, 13, 10, 14], "texture": "#2"},
				"down": {"uv": [9, 14, 10, 15], "texture": "#2"}
			}
		},
		{
			"name": "closed_eyeblossom_7",
			"from": [7.75, 3, 4],
			"to": [8.25, 4, 5],
			"rotation": {"angle": 0, "axis": "y", "origin": [8.75, 0, 0]},
			"faces": {
				"north": {"uv": [4, 12, 5, 13], "texture": "#2"},
				"east": {"uv": [5, 12, 4, 13], "texture": "#2"},
				"south": {"uv": [4, 12, 5, 13], "texture": "#2"},
				"west": {"uv": [4, 12, 5, 13], "texture": "#2"},
				"up": {"uv": [4, 12, 5, 13], "rotation": 90, "texture": "#2"},
				"down": {"uv": [4, 12, 5, 13], "rotation": 270, "texture": "#2"}
			}
		},
		{
			"name": "closed_eyeblossom_8",
			"from": [7.75, 2, 5],
			"to": [8.25, 4, 6],
			"rotation": {"angle": 0, "axis": "y", "origin": [8.75, 0, 0]},
			"faces": {
				"north": {"uv": [5, 12, 6, 14], "texture": "#2"},
				"east": {"uv": [6, 12, 5, 14], "texture": "#2"},
				"south": {"uv": [5, 12, 6, 14], "texture": "#2"},
				"west": {"uv": [5, 12, 6, 14], "texture": "#2"},
				"up": {"uv": [5, 12, 6, 13], "rotation": 90, "texture": "#2"},
				"down": {"uv": [5, 13, 6, 14], "rotation": 270, "texture": "#2"}
			}
		},
		{
			"name": "closed_eyeblossom_9",
			"from": [7.75, 2, 6],
			"to": [8.25, 4, 7],
			"rotation": {"angle": 0, "axis": "y", "origin": [8.75, 0, 0]},
			"faces": {
				"north": {"uv": [6, 12, 7, 14], "texture": "#2"},
				"east": {"uv": [7, 12, 6, 14], "texture": "#2"},
				"south": {"uv": [6, 12, 7, 14], "texture": "#2"},
				"west": {"uv": [6, 12, 7, 14], "texture": "#2"},
				"up": {"uv": [6, 12, 7, 13], "rotation": 90, "texture": "#2"},
				"down": {"uv": [6, 13, 7, 14], "rotation": 270, "texture": "#2"}
			}
		},
		{
			"name": "closed_eyeblossom_10",
			"from": [7.75, 2, 10],
			"to": [8.25, 4, 11],
			"rotation": {"angle": 0, "axis": "y", "origin": [8.75, 0, 0]},
			"faces": {
				"north": {"uv": [10, 12, 11, 14], "texture": "#2"},
				"east": {"uv": [11, 12, 10, 14], "texture": "#2"},
				"south": {"uv": [10, 12, 11, 14], "texture": "#2"},
				"west": {"uv": [10, 12, 11, 14], "texture": "#2"},
				"up": {"uv": [10, 12, 11, 13], "rotation": 90, "texture": "#2"},
				"down": {"uv": [10, 13, 11, 14], "rotation": 270, "texture": "#2"}
			}
		},
		{
			"name": "closed_eyeblossom_11",
			"from": [7.75, 3, 11],
			"to": [8.25, 4, 12],
			"rotation": {"angle": 0, "axis": "y", "origin": [8.75, 0, 0]},
			"faces": {
				"north": {"uv": [11, 12, 12, 13], "texture": "#2"},
				"east": {"uv": [12, 12, 11, 13], "texture": "#2"},
				"south": {"uv": [11, 12, 12, 13], "texture": "#2"},
				"west": {"uv": [11, 12, 12, 13], "texture": "#2"},
				"up": {"uv": [11, 12, 12, 13], "rotation": 90, "texture": "#2"},
				"down": {"uv": [11, 12, 12, 13], "rotation": 270, "texture": "#2"}
			}
		},
		{
			"name": "closed_eyeblossom_12",
			"from": [7.75, 1, 9],
			"to": [8.25, 3, 10],
			"rotation": {"angle": 0, "axis": "y", "origin": [8.75, 0, 0]},
			"faces": {
				"north": {"uv": [9, 13, 10, 15], "texture": "#2"},
				"east": {"uv": [10, 13, 9, 15], "texture": "#2"},
				"south": {"uv": [9, 13, 10, 15], "texture": "#2"},
				"west": {"uv": [9, 13, 10, 15], "texture": "#2"},
				"up": {"uv": [9, 13, 10, 14], "rotation": 90, "texture": "#2"},
				"down": {"uv": [9, 14, 10, 15], "rotation": 270, "texture": "#2"}
			}
		}
	],
	"groups": [
		0,
		1,
		2,
		3,
		4,
		5,
		6,
		7,
		8,
		{
			"name": "closed_eyeblossom",
			"origin": [8, 8, 8],
			"color": 0,
			"children": [9, 10, 11, 12, 13, 14]
		},
		{
			"name": "closed_eyeblossom",
			"origin": [8, 8, 8],
			"color": 0,
			"children": [15, 16, 17, 18, 19, 20]
		}
	]
}