{
	"credit": "Made with Blockbench",
	"ambientocclusion": false,
	"textures": {
		"particle": "block/frogspawn",
		"texture": "block/frogspawn"
	},
	"elements": [
		{
			"name": "frogspawn_0",
			"from": [5, 0, 0],
			"to": [8, 1, 3],
			"faces": {
				"north": {"uv": [8, 0, 5, 1], "texture": "#texture"},
				"east": {"uv": [7, 0, 8, 3], "rotation": 90, "texture": "#texture"},
				"south": {"uv": [5, 2, 8, 3], "texture": "#texture"},
				"west": {"uv": [5, 0, 6, 3], "rotation": 270, "texture": "#texture"},
				"up": {"uv": [5, 0, 8, 3], "texture": "#texture"},
				"down": {"uv": [5, 3, 8, 0], "texture": "#texture"}
			}
		},
		{
			"name": "frogspawn_1",
			"from": [11, 0, 2],
			"to": [14, 1, 5],
			"faces": {
				"north": {"uv": [14, 2, 11, 3], "texture": "#texture"},
				"east": {"uv": [13, 2, 14, 5], "rotation": 90, "texture": "#texture"},
				"south": {"uv": [11, 4, 14, 5], "texture": "#texture"},
				"west": {"uv": [11, 2, 12, 5], "rotation": 270, "texture": "#texture"},
				"up": {"uv": [11, 2, 14, 5], "texture": "#texture"},
				"down": {"uv": [11, 5, 14, 2], "texture": "#texture"}
			}
		},
		{
			"name": "frogspawn_2",
			"from": [0, 0, 3],
			"to": [3, 1, 6],
			"faces": {
				"north": {"uv": [3, 3, 0, 4], "texture": "#texture"},
				"east": {"uv": [2, 3, 3, 6], "rotation": 90, "texture": "#texture"},
				"south": {"uv": [0, 5, 3, 6], "texture": "#texture"},
				"west": {"uv": [0, 3, 1, 6], "rotation": 270, "texture": "#texture"},
				"up": {"uv": [0, 3, 3, 6], "texture": "#texture"},
				"down": {"uv": [0, 6, 3, 3], "texture": "#texture"}
			}
		},
		{
			"name": "frogspawn_3",
			"from": [9, 0, 6],
			"to": [12, 1, 9],
			"faces": {
				"north": {"uv": [12, 6, 9, 7], "texture": "#texture"},
				"east": {"uv": [11, 6, 12, 9], "rotation": 90, "texture": "#texture"},
				"south": {"uv": [9, 8, 12, 9], "texture": "#texture"},
				"west": {"uv": [9, 6, 10, 9], "rotation": 270, "texture": "#texture"},
				"up": {"uv": [9, 6, 12, 9], "texture": "#texture"},
				"down": {"uv": [9, 9, 12, 6], "texture": "#texture"}
			}
		},
		{
			"name": "frogspawn_4",
			"from": [3, 0, 7],
			"to": [6, 1, 10],
			"faces": {
				"north": {"uv": [6, 7, 3, 8], "texture": "#texture"},
				"east": {"uv": [5, 7, 6, 10], "rotation": 90, "texture": "#texture"},
				"south": {"uv": [3, 9, 6, 10], "texture": "#texture"},
				"west": {"uv": [3, 7, 4, 10], "rotation": 270, "texture": "#texture"},
				"up": {"uv": [3, 7, 6, 10], "texture": "#texture"},
				"down": {"uv": [3, 10, 6, 7], "texture": "#texture"}
			}
		},
		{
			"name": "frogspawn_5",
			"from": [13, 0, 9],
			"to": [16, 1, 12],
			"faces": {
				"north": {"uv": [16, 9, 13, 10], "texture": "#texture"},
				"east": {"uv": [15, 9, 16, 12], "rotation": 90, "texture": "#texture"},
				"south": {"uv": [13, 11, 16, 12], "texture": "#texture"},
				"west": {"uv": [13, 9, 14, 12], "rotation": 270, "texture": "#texture"},
				"up": {"uv": [13, 9, 16, 12], "texture": "#texture"},
				"down": {"uv": [13, 12, 16, 9], "texture": "#texture"}
			}
		},
		{
			"name": "frogspawn_6",
			"from": [6, 0, 11],
			"to": [9, 1, 14],
			"faces": {
				"north": {"uv": [9, 11, 6, 12], "texture": "#texture"},
				"east": {"uv": [8, 11, 9, 14], "rotation": 90, "texture": "#texture"},
				"south": {"uv": [6, 13, 9, 14], "texture": "#texture"},
				"west": {"uv": [6, 11, 7, 14], "rotation": 270, "texture": "#texture"},
				"up": {"uv": [6, 11, 9, 14], "texture": "#texture"},
				"down": {"uv": [6, 14, 9, 11], "texture": "#texture"}
			}
		},
		{
			"name": "frogspawn_7",
			"from": [1, 0, 12],
			"to": [4, 1, 15],
			"faces": {
				"north": {"uv": [4, 12, 1, 13], "texture": "#texture"},
				"east": {"uv": [3, 12, 4, 15], "rotation": 90, "texture": "#texture"},
				"south": {"uv": [1, 14, 4, 15], "texture": "#texture"},
				"west": {"uv": [1, 12, 2, 15], "rotation": 270, "texture": "#texture"},
				"up": {"uv": [1, 12, 4, 15], "texture": "#texture"},
				"down": {"uv": [1, 15, 4, 12], "texture": "#texture"}
			}
		},
		{
			"name": "frogspawn_8",
			"from": [10, 0, 13],
			"to": [13, 1, 16],
			"faces": {
				"north": {"uv": [13, 13, 10, 14], "texture": "#texture"},
				"east": {"uv": [12, 13, 13, 16], "rotation": 90, "texture": "#texture"},
				"south": {"uv": [10, 15, 13, 16], "texture": "#texture"},
				"west": {"uv": [10, 13, 11, 16], "rotation": 270, "texture": "#texture"},
				"up": {"uv": [10, 13, 13, 16], "texture": "#texture"},
				"down": {"uv": [10, 16, 13, 13], "texture": "#texture"}
			}
		}
	],
	"groups": [
		{
			"name": "frogspawn",
			"origin": [8, 8, 8],
			"color": 0,
			"children": [0, 1, 2, 3, 4, 5, 6, 7, 8]
		}
	]
}