{
	"credit": "Made with Blockbench",
	"parent": "minecraft:block/stem_growth7",
	"ambientocclusion": false,
	"textures": {
		"stem": "block/melon_stem"
	},
	"elements": [
		{
			"name": "melon_stem_0",
			"from": [2.22503, 11, 6.27393],
			"to": [2.72503, 12, 7.27393],
			"rotation": {"angle": -45, "axis": "y", "origin": [5.47503, 4.21429, 15.03107]},
			"faces": {
				"north": {"uv": [6, 1, 7, 2], "texture": "#stem", "tintindex": 0},
				"east": {"uv": [6, 2, 7, 1], "rotation": 180, "texture": "#stem", "tintindex": 0},
				"south": {"uv": [6, 1, 7, 2], "texture": "#stem", "tintindex": 0},
				"west": {"uv": [6, 1, 7, 2], "texture": "#stem", "tintindex": 0},
				"up": {"uv": [7, 1, 6, 2], "rotation": 270, "texture": "#stem", "tintindex": 0},
				"down": {"uv": [6, 1, 7, 2], "rotation": 270, "texture": "#stem", "tintindex": 0}
			}
		},
		{
			"name": "melon_stem_1",
			"from": [2.22503, 10, 6.27393],
			"to": [2.72503, 11, 7.27393],
			"rotation": {"angle": -45, "axis": "y", "origin": [5.47503, 4.21429, 15.03107]},
			"faces": {
				"north": {"uv": [6, 2, 7, 3], "texture": "#stem", "tintindex": 0},
				"east": {"uv": [6, 3, 7, 2], "rotation": 180, "texture": "#stem", "tintindex": 0},
				"south": {"uv": [6, 2, 7, 3], "texture": "#stem", "tintindex": 0},
				"west": {"uv": [6, 2, 7, 3], "texture": "#stem", "tintindex": 0},
				"up": {"uv": [7, 2, 6, 3], "rotation": 270, "texture": "#stem", "tintindex": 0},
				"down": {"uv": [6, 2, 7, 3], "rotation": 270, "texture": "#stem", "tintindex": 0}
			}
		},
		{
			"name": "melon_stem_2",
			"from": [2.22503, 10, 7.27393],
			"to": [2.72503, 11, 8.27393],
			"rotation": {"angle": -45, "axis": "y", "origin": [5.47503, 4.21429, 15.03107]},
			"faces": {
				"north": {"uv": [7, 2, 8, 3], "texture": "#stem", "tintindex": 0},
				"east": {"uv": [7, 3, 8, 2], "rotation": 180, "texture": "#stem", "tintindex": 0},
				"south": {"uv": [7, 2, 8, 3], "texture": "#stem", "tintindex": 0},
				"west": {"uv": [7, 2, 8, 3], "texture": "#stem", "tintindex": 0},
				"up": {"uv": [8, 2, 7, 3], "rotation": 270, "texture": "#stem", "tintindex": 0},
				"down": {"uv": [7, 2, 8, 3], "rotation": 270, "texture": "#stem", "tintindex": 0}
			}
		},
		{
			"name": "melon_stem_3",
			"from": [2.22503, 9, 6.27393],
			"to": [2.72503, 10, 7.27393],
			"rotation": {"angle": -45, "axis": "y", "origin": [5.47503, 4.21429, 15.03107]},
			"faces": {
				"north": {"uv": [6, 3, 7, 4], "texture": "#stem", "tintindex": 0},
				"east": {"uv": [6, 4, 7, 3], "rotation": 180, "texture": "#stem", "tintindex": 0},
				"south": {"uv": [6, 3, 7, 4], "texture": "#stem", "tintindex": 0},
				"west": {"uv": [6, 3, 7, 4], "texture": "#stem", "tintindex": 0},
				"up": {"uv": [7, 3, 6, 4], "rotation": 270, "texture": "#stem", "tintindex": 0},
				"down": {"uv": [6, 3, 7, 4], "rotation": 270, "texture": "#stem", "tintindex": 0}
			}
		},
		{
			"name": "melon_stem_4",
			"from": [2.22503, 9, 7.27393],
			"to": [2.72503, 10, 8.27393],
			"rotation": {"angle": -45, "axis": "y", "origin": [5.47503, 4.21429, 15.03107]},
			"faces": {
				"north": {"uv": [7, 3, 8, 4], "texture": "#stem", "tintindex": 0},
				"east": {"uv": [7, 4, 8, 3], "rotation": 180, "texture": "#stem", "tintindex": 0},
				"south": {"uv": [7, 3, 8, 4], "texture": "#stem", "tintindex": 0},
				"west": {"uv": [7, 3, 8, 4], "texture": "#stem", "tintindex": 0},
				"up": {"uv": [8, 3, 7, 4], "rotation": 270, "texture": "#stem", "tintindex": 0},
				"down": {"uv": [7, 3, 8, 4], "rotation": 270, "texture": "#stem", "tintindex": 0}
			}
		},
		{
			"name": "melon_stem_5",
			"from": [2.22503, 8, 7.27393],
			"to": [2.72503, 9, 8.27393],
			"rotation": {"angle": -45, "axis": "y", "origin": [5.47503, 4.21429, 15.03107]},
			"faces": {
				"north": {"uv": [7, 4, 8, 5], "texture": "#stem", "tintindex": 0},
				"east": {"uv": [7, 5, 8, 4], "rotation": 180, "texture": "#stem", "tintindex": 0},
				"south": {"uv": [7, 4, 8, 5], "texture": "#stem", "tintindex": 0},
				"west": {"uv": [7, 4, 8, 5], "texture": "#stem", "tintindex": 0},
				"up": {"uv": [8, 4, 7, 5], "rotation": 270, "texture": "#stem", "tintindex": 0},
				"down": {"uv": [7, 4, 8, 5], "rotation": 270, "texture": "#stem", "tintindex": 0}
			}
		},
		{
			"name": "melon_stem_6",
			"from": [2.22503, 7, 7.27393],
			"to": [2.72503, 8, 8.27393],
			"rotation": {"angle": -45, "axis": "y", "origin": [5.47503, 4.21429, 15.03107]},
			"faces": {
				"north": {"uv": [7, 5, 8, 6], "texture": "#stem", "tintindex": 0},
				"east": {"uv": [7, 6, 8, 5], "rotation": 180, "texture": "#stem", "tintindex": 0},
				"south": {"uv": [7, 5, 8, 6], "texture": "#stem", "tintindex": 0},
				"west": {"uv": [7, 5, 8, 6], "texture": "#stem", "tintindex": 0},
				"up": {"uv": [8, 5, 7, 6], "rotation": 270, "texture": "#stem", "tintindex": 0},
				"down": {"uv": [7, 5, 8, 6], "rotation": 270, "texture": "#stem", "tintindex": 0}
			}
		},
		{
			"name": "melon_stem_7",
			"from": [2.22503, 7, 8.27393],
			"to": [2.72503, 8, 9.27393],
			"rotation": {"angle": -45, "axis": "y", "origin": [5.47503, 4.21429, 15.03107]},
			"faces": {
				"north": {"uv": [8, 5, 9, 6], "texture": "#stem", "tintindex": 0},
				"east": {"uv": [8, 6, 9, 5], "rotation": 180, "texture": "#stem", "tintindex": 0},
				"south": {"uv": [8, 5, 9, 6], "texture": "#stem", "tintindex": 0},
				"west": {"uv": [8, 5, 9, 6], "texture": "#stem", "tintindex": 0},
				"up": {"uv": [9, 5, 8, 6], "rotation": 270, "texture": "#stem", "tintindex": 0},
				"down": {"uv": [8, 5, 9, 6], "rotation": 270, "texture": "#stem", "tintindex": 0}
			}
		},
		{
			"name": "melon_stem_8",
			"from": [2.22503, 6, 5.27393],
			"to": [2.72503, 7, 6.27393],
			"rotation": {"angle": -45, "axis": "y", "origin": [5.47503, 4.21429, 15.03107]},
			"faces": {
				"north": {"uv": [5, 6, 6, 7], "texture": "#stem", "tintindex": 0},
				"east": {"uv": [5, 7, 6, 6], "rotation": 180, "texture": "#stem", "tintindex": 0},
				"south": {"uv": [5, 6, 6, 7], "texture": "#stem", "tintindex": 0},
				"west": {"uv": [5, 6, 6, 7], "texture": "#stem", "tintindex": 0},
				"up": {"uv": [6, 6, 5, 7], "rotation": 270, "texture": "#stem", "tintindex": 0},
				"down": {"uv": [5, 6, 6, 7], "rotation": 270, "texture": "#stem", "tintindex": 0}
			}
		},
		{
			"name": "melon_stem_9",
			"from": [2.22503, 6, 7.27393],
			"to": [2.72503, 7, 8.27393],
			"rotation": {"angle": -45, "axis": "y", "origin": [5.47503, 4.21429, 15.03107]},
			"faces": {
				"north": {"uv": [7, 6, 8, 7], "texture": "#stem", "tintindex": 0},
				"east": {"uv": [7, 7, 8, 6], "rotation": 180, "texture": "#stem", "tintindex": 0},
				"south": {"uv": [7, 6, 8, 7], "texture": "#stem", "tintindex": 0},
				"west": {"uv": [7, 6, 8, 7], "texture": "#stem", "tintindex": 0},
				"up": {"uv": [8, 6, 7, 7], "rotation": 270, "texture": "#stem", "tintindex": 0},
				"down": {"uv": [7, 6, 8, 7], "rotation": 270, "texture": "#stem", "tintindex": 0}
			}
		},
		{
			"name": "melon_stem_10",
			"from": [2.22503, 6, 8.27393],
			"to": [2.72503, 7, 9.27393],
			"rotation": {"angle": -45, "axis": "y", "origin": [5.47503, 4.21429, 15.03107]},
			"faces": {
				"north": {"uv": [8, 6, 9, 7], "texture": "#stem", "tintindex": 0},
				"east": {"uv": [8, 7, 9, 6], "rotation": 180, "texture": "#stem", "tintindex": 0},
				"south": {"uv": [8, 6, 9, 7], "texture": "#stem", "tintindex": 0},
				"west": {"uv": [8, 6, 9, 7], "texture": "#stem", "tintindex": 0},
				"up": {"uv": [9, 6, 8, 7], "rotation": 270, "texture": "#stem", "tintindex": 0},
				"down": {"uv": [8, 6, 9, 7], "rotation": 270, "texture": "#stem", "tintindex": 0}
			}
		},
		{
			"name": "melon_stem_11",
			"from": [2.22503, 5, 5.27393],
			"to": [2.72503, 6, 6.27393],
			"rotation": {"angle": -45, "axis": "y", "origin": [5.47503, 4.21429, 15.03107]},
			"faces": {
				"north": {"uv": [5, 7, 6, 8], "texture": "#stem", "tintindex": 0},
				"east": {"uv": [5, 8, 6, 7], "rotation": 180, "texture": "#stem", "tintindex": 0},
				"south": {"uv": [5, 7, 6, 8], "texture": "#stem", "tintindex": 0},
				"west": {"uv": [5, 7, 6, 8], "texture": "#stem", "tintindex": 0},
				"up": {"uv": [6, 7, 5, 8], "rotation": 270, "texture": "#stem", "tintindex": 0},
				"down": {"uv": [5, 7, 6, 8], "rotation": 270, "texture": "#stem", "tintindex": 0}
			}
		},
		{
			"name": "melon_stem_12",
			"from": [2.22503, 5, 6.27393],
			"to": [2.72503, 6, 7.27393],
			"rotation": {"angle": -45, "axis": "y", "origin": [5.47503, 4.21429, 15.03107]},
			"faces": {
				"north": {"uv": [6, 7, 7, 8], "texture": "#stem", "tintindex": 0},
				"east": {"uv": [6, 8, 7, 7], "rotation": 180, "texture": "#stem", "tintindex": 0},
				"south": {"uv": [6, 7, 7, 8], "texture": "#stem", "tintindex": 0},
				"west": {"uv": [6, 7, 7, 8], "texture": "#stem", "tintindex": 0},
				"up": {"uv": [7, 7, 6, 8], "rotation": 270, "texture": "#stem", "tintindex": 0},
				"down": {"uv": [6, 7, 7, 8], "rotation": 270, "texture": "#stem", "tintindex": 0}
			}
		},
		{
			"name": "melon_stem_13",
			"from": [2.22503, 5, 7.27393],
			"to": [2.72503, 6, 8.27393],
			"rotation": {"angle": -45, "axis": "y", "origin": [5.47503, 4.21429, 15.03107]},
			"faces": {
				"north": {"uv": [7, 7, 8, 8], "texture": "#stem", "tintindex": 0},
				"east": {"uv": [7, 8, 8, 7], "rotation": 180, "texture": "#stem", "tintindex": 0},
				"south": {"uv": [7, 7, 8, 8], "texture": "#stem", "tintindex": 0},
				"west": {"uv": [7, 7, 8, 8], "texture": "#stem", "tintindex": 0},
				"up": {"uv": [8, 7, 7, 8], "rotation": 270, "texture": "#stem", "tintindex": 0},
				"down": {"uv": [7, 7, 8, 8], "rotation": 270, "texture": "#stem", "tintindex": 0}
			}
		},
		{
			"name": "melon_stem_14",
			"from": [2.22503, 5, 8.27393],
			"to": [2.72503, 6, 9.27393],
			"rotation": {"angle": -45, "axis": "y", "origin": [5.47503, 4.21429, 15.03107]},
			"faces": {
				"north": {"uv": [8, 7, 9, 8], "texture": "#stem", "tintindex": 0},
				"east": {"uv": [8, 8, 9, 7], "rotation": 180, "texture": "#stem", "tintindex": 0},
				"south": {"uv": [8, 7, 9, 8], "texture": "#stem", "tintindex": 0},
				"west": {"uv": [8, 7, 9, 8], "texture": "#stem", "tintindex": 0},
				"up": {"uv": [9, 7, 8, 8], "rotation": 270, "texture": "#stem", "tintindex": 0},
				"down": {"uv": [8, 7, 9, 8], "rotation": 270, "texture": "#stem", "tintindex": 0}
			}
		},
		{
			"name": "melon_stem_15",
			"from": [2.22503, 4, 6.27393],
			"to": [2.72503, 5, 7.27393],
			"rotation": {"angle": -45, "axis": "y", "origin": [5.47503, 4.21429, 15.03107]},
			"faces": {
				"north": {"uv": [6, 8, 7, 9], "texture": "#stem", "tintindex": 0},
				"east": {"uv": [6, 9, 7, 8], "rotation": 180, "texture": "#stem", "tintindex": 0},
				"south": {"uv": [6, 8, 7, 9], "texture": "#stem", "tintindex": 0},
				"west": {"uv": [6, 8, 7, 9], "texture": "#stem", "tintindex": 0},
				"up": {"uv": [7, 8, 6, 9], "rotation": 270, "texture": "#stem", "tintindex": 0},
				"down": {"uv": [6, 8, 7, 9], "rotation": 270, "texture": "#stem", "tintindex": 0}
			}
		},
		{
			"name": "melon_stem_16",
			"from": [2.22503, 4, 7.27393],
			"to": [2.72503, 5, 8.27393],
			"rotation": {"angle": -45, "axis": "y", "origin": [5.47503, 4.21429, 15.03107]},
			"faces": {
				"north": {"uv": [7, 8, 8, 9], "texture": "#stem", "tintindex": 0},
				"east": {"uv": [7, 9, 8, 8], "rotation": 180, "texture": "#stem", "tintindex": 0},
				"south": {"uv": [7, 8, 8, 9], "texture": "#stem", "tintindex": 0},
				"west": {"uv": [7, 8, 8, 9], "texture": "#stem", "tintindex": 0},
				"up": {"uv": [8, 8, 7, 9], "rotation": 270, "texture": "#stem", "tintindex": 0},
				"down": {"uv": [7, 8, 8, 9], "rotation": 270, "texture": "#stem", "tintindex": 0}
			}
		},
		{
			"name": "melon_stem_17",
			"from": [2.22503, 4, 8.27393],
			"to": [2.72503, 5, 9.27393],
			"rotation": {"angle": -45, "axis": "y", "origin": [5.47503, 4.21429, 15.03107]},
			"faces": {
				"north": {"uv": [8, 8, 9, 9], "texture": "#stem", "tintindex": 0},
				"east": {"uv": [8, 9, 9, 8], "rotation": 180, "texture": "#stem", "tintindex": 0},
				"south": {"uv": [8, 8, 9, 9], "texture": "#stem", "tintindex": 0},
				"west": {"uv": [8, 8, 9, 9], "texture": "#stem", "tintindex": 0},
				"up": {"uv": [9, 8, 8, 9], "rotation": 270, "texture": "#stem", "tintindex": 0},
				"down": {"uv": [8, 8, 9, 9], "rotation": 270, "texture": "#stem", "tintindex": 0}
			}
		},
		{
			"name": "melon_stem_18",
			"from": [2.22503, 4, 10.27393],
			"to": [2.72503, 5, 11.27393],
			"rotation": {"angle": -45, "axis": "y", "origin": [5.47503, 4.21429, 15.03107]},
			"faces": {
				"north": {"uv": [10, 8, 11, 9], "texture": "#stem", "tintindex": 0},
				"east": {"uv": [10, 9, 11, 8], "rotation": 180, "texture": "#stem", "tintindex": 0},
				"south": {"uv": [10, 8, 11, 9], "texture": "#stem", "tintindex": 0},
				"west": {"uv": [10, 8, 11, 9], "texture": "#stem", "tintindex": 0},
				"up": {"uv": [11, 8, 10, 9], "rotation": 270, "texture": "#stem", "tintindex": 0},
				"down": {"uv": [10, 8, 11, 9], "rotation": 270, "texture": "#stem", "tintindex": 0}
			}
		},
		{
			"name": "melon_stem_19",
			"from": [2.22503, 3, 7.27393],
			"to": [2.72503, 4, 8.27393],
			"rotation": {"angle": -45, "axis": "y", "origin": [5.47503, 4.21429, 15.03107]},
			"faces": {
				"north": {"uv": [7, 9, 8, 10], "texture": "#stem", "tintindex": 0},
				"east": {"uv": [7, 10, 8, 9], "rotation": 180, "texture": "#stem", "tintindex": 0},
				"south": {"uv": [7, 9, 8, 10], "texture": "#stem", "tintindex": 0},
				"west": {"uv": [7, 9, 8, 10], "texture": "#stem", "tintindex": 0},
				"up": {"uv": [8, 9, 7, 10], "rotation": 270, "texture": "#stem", "tintindex": 0},
				"down": {"uv": [7, 9, 8, 10], "rotation": 270, "texture": "#stem", "tintindex": 0}
			}
		},
		{
			"name": "melon_stem_20",
			"from": [2.22503, 3, 8.27393],
			"to": [2.72503, 4, 9.27393],
			"rotation": {"angle": -45, "axis": "y", "origin": [5.47503, 4.21429, 15.03107]},
			"faces": {
				"north": {"uv": [8, 9, 9, 10], "texture": "#stem", "tintindex": 0},
				"east": {"uv": [8, 10, 9, 9], "rotation": 180, "texture": "#stem", "tintindex": 0},
				"south": {"uv": [8, 9, 9, 10], "texture": "#stem", "tintindex": 0},
				"west": {"uv": [8, 9, 9, 10], "texture": "#stem", "tintindex": 0},
				"up": {"uv": [9, 9, 8, 10], "rotation": 270, "texture": "#stem", "tintindex": 0},
				"down": {"uv": [8, 9, 9, 10], "rotation": 270, "texture": "#stem", "tintindex": 0}
			}
		},
		{
			"name": "melon_stem_21",
			"from": [2.22503, 3, 9.27393],
			"to": [2.72503, 4, 10.27393],
			"rotation": {"angle": -45, "axis": "y", "origin": [5.47503, 4.21429, 15.03107]},
			"faces": {
				"north": {"uv": [9, 9, 10, 10], "texture": "#stem", "tintindex": 0},
				"east": {"uv": [9, 10, 10, 9], "rotation": 180, "texture": "#stem", "tintindex": 0},
				"south": {"uv": [9, 9, 10, 10], "texture": "#stem", "tintindex": 0},
				"west": {"uv": [9, 9, 10, 10], "texture": "#stem", "tintindex": 0},
				"up": {"uv": [10, 9, 9, 10], "rotation": 270, "texture": "#stem", "tintindex": 0},
				"down": {"uv": [9, 9, 10, 10], "rotation": 270, "texture": "#stem", "tintindex": 0}
			}
		},
		{
			"name": "melon_stem_22",
			"from": [2.22503, 2, 7.27393],
			"to": [2.72503, 3, 8.27393],
			"rotation": {"angle": -45, "axis": "y", "origin": [5.47503, 4.21429, 15.03107]},
			"faces": {
				"north": {"uv": [7, 10, 8, 11], "texture": "#stem", "tintindex": 0},
				"east": {"uv": [7, 11, 8, 10], "rotation": 180, "texture": "#stem", "tintindex": 0},
				"south": {"uv": [7, 10, 8, 11], "texture": "#stem", "tintindex": 0},
				"west": {"uv": [7, 10, 8, 11], "texture": "#stem", "tintindex": 0},
				"up": {"uv": [8, 10, 7, 11], "rotation": 270, "texture": "#stem", "tintindex": 0},
				"down": {"uv": [7, 10, 8, 11], "rotation": 270, "texture": "#stem", "tintindex": 0}
			}
		},
		{
			"name": "melon_stem_23",
			"from": [2.22503, 2, 8.27393],
			"to": [2.72503, 3, 9.27393],
			"rotation": {"angle": -45, "axis": "y", "origin": [5.47503, 4.21429, 15.03107]},
			"faces": {
				"north": {"uv": [8, 10, 9, 11], "texture": "#stem", "tintindex": 0},
				"east": {"uv": [8, 11, 9, 10], "rotation": 180, "texture": "#stem", "tintindex": 0},
				"south": {"uv": [8, 10, 9, 11], "texture": "#stem", "tintindex": 0},
				"west": {"uv": [8, 10, 9, 11], "texture": "#stem", "tintindex": 0},
				"up": {"uv": [9, 10, 8, 11], "rotation": 270, "texture": "#stem", "tintindex": 0},
				"down": {"uv": [8, 10, 9, 11], "rotation": 270, "texture": "#stem", "tintindex": 0}
			}
		},
		{
			"name": "melon_stem_24",
			"from": [2.22503, 2, 9.27393],
			"to": [2.72503, 3, 10.27393],
			"rotation": {"angle": -45, "axis": "y", "origin": [5.47503, 4.21429, 15.03107]},
			"faces": {
				"north": {"uv": [9, 10, 10, 11], "texture": "#stem", "tintindex": 0},
				"east": {"uv": [9, 11, 10, 10], "rotation": 180, "texture": "#stem", "tintindex": 0},
				"south": {"uv": [9, 10, 10, 11], "texture": "#stem", "tintindex": 0},
				"west": {"uv": [9, 10, 10, 11], "texture": "#stem", "tintindex": 0},
				"up": {"uv": [10, 10, 9, 11], "rotation": 270, "texture": "#stem", "tintindex": 0},
				"down": {"uv": [9, 10, 10, 11], "rotation": 270, "texture": "#stem", "tintindex": 0}
			}
		},
		{
			"name": "melon_stem_25",
			"from": [2.22503, 1, 7.27393],
			"to": [2.72503, 2, 8.27393],
			"rotation": {"angle": -45, "axis": "y", "origin": [5.47503, 4.21429, 15.03107]},
			"faces": {
				"north": {"uv": [7, 11, 8, 12], "texture": "#stem", "tintindex": 0},
				"east": {"uv": [7, 12, 8, 11], "rotation": 180, "texture": "#stem", "tintindex": 0},
				"south": {"uv": [7, 11, 8, 12], "texture": "#stem", "tintindex": 0},
				"west": {"uv": [7, 11, 8, 12], "texture": "#stem", "tintindex": 0},
				"up": {"uv": [8, 11, 7, 12], "rotation": 270, "texture": "#stem", "tintindex": 0},
				"down": {"uv": [7, 11, 8, 12], "rotation": 270, "texture": "#stem", "tintindex": 0}
			}
		},
		{
			"name": "melon_stem_26",
			"from": [2.22503, 1, 8.27393],
			"to": [2.72503, 2, 9.27393],
			"rotation": {"angle": -45, "axis": "y", "origin": [5.47503, 4.21429, 15.03107]},
			"faces": {
				"north": {"uv": [8, 11, 9, 12], "texture": "#stem", "tintindex": 0},
				"east": {"uv": [8, 12, 9, 11], "rotation": 180, "texture": "#stem", "tintindex": 0},
				"south": {"uv": [8, 11, 9, 12], "texture": "#stem", "tintindex": 0},
				"west": {"uv": [8, 11, 9, 12], "texture": "#stem", "tintindex": 0},
				"up": {"uv": [9, 11, 8, 12], "rotation": 270, "texture": "#stem", "tintindex": 0},
				"down": {"uv": [8, 11, 9, 12], "rotation": 270, "texture": "#stem", "tintindex": 0}
			}
		},
		{
			"name": "melon_stem_27",
			"from": [2.22503, 0, 7.27393],
			"to": [2.72503, 1, 8.27393],
			"rotation": {"angle": -45, "axis": "y", "origin": [5.47503, 4.21429, 15.03107]},
			"faces": {
				"north": {"uv": [7, 12, 8, 13], "texture": "#stem", "tintindex": 0},
				"east": {"uv": [7, 13, 8, 12], "rotation": 180, "texture": "#stem", "tintindex": 0},
				"south": {"uv": [7, 12, 8, 13], "texture": "#stem", "tintindex": 0},
				"west": {"uv": [7, 12, 8, 13], "texture": "#stem", "tintindex": 0},
				"up": {"uv": [8, 12, 7, 13], "rotation": 270, "texture": "#stem", "tintindex": 0},
				"down": {"uv": [7, 12, 8, 13], "rotation": 270, "texture": "#stem", "tintindex": 0}
			}
		},
		{
			"name": "melon_stem_28",
			"from": [2.22503, 0, 8.27393],
			"to": [2.72503, 1, 9.27393],
			"rotation": {"angle": -45, "axis": "y", "origin": [5.47503, 4.21429, 15.03107]},
			"faces": {
				"north": {"uv": [8, 12, 9, 13], "texture": "#stem", "tintindex": 0},
				"east": {"uv": [8, 13, 9, 12], "rotation": 180, "texture": "#stem", "tintindex": 0},
				"south": {"uv": [8, 12, 9, 13], "texture": "#stem", "tintindex": 0},
				"west": {"uv": [8, 12, 9, 13], "texture": "#stem", "tintindex": 0},
				"up": {"uv": [9, 12, 8, 13], "rotation": 270, "texture": "#stem", "tintindex": 0},
				"down": {"uv": [8, 12, 9, 13], "rotation": 270, "texture": "#stem", "tintindex": 0}
			}
		},
		{
			"name": "melon_stem_29",
			"from": [2.22503, -1, 7.27393],
			"to": [2.72503, 0, 8.27393],
			"rotation": {"angle": -45, "axis": "y", "origin": [5.47503, 4.21429, 15.03107]},
			"faces": {
				"north": {"uv": [7, 13, 8, 14], "texture": "#stem", "tintindex": 0},
				"east": {"uv": [7, 14, 8, 13], "rotation": 180, "texture": "#stem", "tintindex": 0},
				"south": {"uv": [7, 13, 8, 14], "texture": "#stem", "tintindex": 0},
				"west": {"uv": [7, 13, 8, 14], "texture": "#stem", "tintindex": 0},
				"up": {"uv": [8, 13, 7, 14], "rotation": 270, "texture": "#stem", "tintindex": 0},
				"down": {"uv": [7, 13, 8, 14], "rotation": 270, "texture": "#stem", "tintindex": 0}
			}
		},
		{
			"name": "melon_stem_30",
			"from": [2.22503, -1, 8.27393],
			"to": [2.72503, 0, 9.27393],
			"rotation": {"angle": -45, "axis": "y", "origin": [5.47503, 4.21429, 15.03107]},
			"faces": {
				"north": {"uv": [8, 13, 9, 14], "texture": "#stem", "tintindex": 0},
				"east": {"uv": [8, 14, 9, 13], "rotation": 180, "texture": "#stem", "tintindex": 0},
				"south": {"uv": [8, 13, 9, 14], "texture": "#stem", "tintindex": 0},
				"west": {"uv": [8, 13, 9, 14], "texture": "#stem", "tintindex": 0},
				"up": {"uv": [9, 13, 8, 14], "rotation": 270, "texture": "#stem", "tintindex": 0},
				"down": {"uv": [8, 13, 9, 14], "rotation": 270, "texture": "#stem", "tintindex": 0}
			}
		},
		{
			"name": "melon_stem_1",
			"from": [13.27497, 11, 6.27393],
			"to": [13.77497, 12, 7.27393],
			"rotation": {"angle": 45, "axis": "y", "origin": [10.52497, 4.21429, 15.03107]},
			"faces": {
				"north": {"uv": [7, 1, 6, 2], "texture": "#stem", "tintindex": 0},
				"east": {"uv": [7, 1, 6, 2], "texture": "#stem", "tintindex": 0},
				"south": {"uv": [7, 1, 6, 2], "texture": "#stem", "tintindex": 0},
				"west": {"uv": [7, 2, 6, 1], "rotation": 180, "texture": "#stem", "tintindex": 0},
				"up": {"uv": [7, 2, 6, 1], "rotation": 270, "texture": "#stem", "tintindex": 0},
				"down": {"uv": [6, 2, 7, 1], "rotation": 270, "texture": "#stem", "tintindex": 0}
			}
		},
		{
			"name": "melon_stem_2",
			"from": [13.27497, 10, 6.27393],
			"to": [13.77497, 11, 7.27393],
			"rotation": {"angle": 45, "axis": "y", "origin": [10.52497, 4.21429, 15.03107]},
			"faces": {
				"north": {"uv": [7, 2, 6, 3], "texture": "#stem", "tintindex": 0},
				"east": {"uv": [7, 2, 6, 3], "texture": "#stem", "tintindex": 0},
				"south": {"uv": [7, 2, 6, 3], "texture": "#stem", "tintindex": 0},
				"west": {"uv": [7, 3, 6, 2], "rotation": 180, "texture": "#stem", "tintindex": 0},
				"up": {"uv": [7, 3, 6, 2], "rotation": 270, "texture": "#stem", "tintindex": 0},
				"down": {"uv": [6, 3, 7, 2], "rotation": 270, "texture": "#stem", "tintindex": 0}
			}
		},
		{
			"name": "melon_stem_3",
			"from": [13.27497, 10, 7.27393],
			"to": [13.77497, 11, 8.27393],
			"rotation": {"angle": 45, "axis": "y", "origin": [10.52497, 4.21429, 15.03107]},
			"faces": {
				"north": {"uv": [8, 2, 7, 3], "texture": "#stem", "tintindex": 0},
				"east": {"uv": [8, 2, 7, 3], "texture": "#stem", "tintindex": 0},
				"south": {"uv": [8, 2, 7, 3], "texture": "#stem", "tintindex": 0},
				"west": {"uv": [8, 3, 7, 2], "rotation": 180, "texture": "#stem", "tintindex": 0},
				"up": {"uv": [8, 3, 7, 2], "rotation": 270, "texture": "#stem", "tintindex": 0},
				"down": {"uv": [7, 3, 8, 2], "rotation": 270, "texture": "#stem", "tintindex": 0}
			}
		},
		{
			"name": "melon_stem_4",
			"from": [13.27497, 9, 6.27393],
			"to": [13.77497, 10, 7.27393],
			"rotation": {"angle": 45, "axis": "y", "origin": [10.52497, 4.21429, 15.03107]},
			"faces": {
				"north": {"uv": [7, 3, 6, 4], "texture": "#stem", "tintindex": 0},
				"east": {"uv": [7, 3, 6, 4], "texture": "#stem", "tintindex": 0},
				"south": {"uv": [7, 3, 6, 4], "texture": "#stem", "tintindex": 0},
				"west": {"uv": [7, 4, 6, 3], "rotation": 180, "texture": "#stem", "tintindex": 0},
				"up": {"uv": [7, 4, 6, 3], "rotation": 270, "texture": "#stem", "tintindex": 0},
				"down": {"uv": [6, 4, 7, 3], "rotation": 270, "texture": "#stem", "tintindex": 0}
			}
		},
		{
			"name": "melon_stem_5",
			"from": [13.27497, 9, 7.27393],
			"to": [13.77497, 10, 8.27393],
			"rotation": {"angle": 45, "axis": "y", "origin": [10.52497, 4.21429, 15.03107]},
			"faces": {
				"north": {"uv": [8, 3, 7, 4], "texture": "#stem", "tintindex": 0},
				"east": {"uv": [8, 3, 7, 4], "texture": "#stem", "tintindex": 0},
				"south": {"uv": [8, 3, 7, 4], "texture": "#stem", "tintindex": 0},
				"west": {"uv": [8, 4, 7, 3], "rotation": 180, "texture": "#stem", "tintindex": 0},
				"up": {"uv": [8, 4, 7, 3], "rotation": 270, "texture": "#stem", "tintindex": 0},
				"down": {"uv": [7, 4, 8, 3], "rotation": 270, "texture": "#stem", "tintindex": 0}
			}
		},
		{
			"name": "melon_stem_6",
			"from": [13.27497, 8, 7.27393],
			"to": [13.77497, 9, 8.27393],
			"rotation": {"angle": 45, "axis": "y", "origin": [10.52497, 4.21429, 15.03107]},
			"faces": {
				"north": {"uv": [8, 4, 7, 5], "texture": "#stem", "tintindex": 0},
				"east": {"uv": [8, 4, 7, 5], "texture": "#stem", "tintindex": 0},
				"south": {"uv": [8, 4, 7, 5], "texture": "#stem", "tintindex": 0},
				"west": {"uv": [8, 5, 7, 4], "rotation": 180, "texture": "#stem", "tintindex": 0},
				"up": {"uv": [8, 5, 7, 4], "rotation": 270, "texture": "#stem", "tintindex": 0},
				"down": {"uv": [7, 5, 8, 4], "rotation": 270, "texture": "#stem", "tintindex": 0}
			}
		},
		{
			"name": "melon_stem_7",
			"from": [13.27497, 7, 7.27393],
			"to": [13.77497, 8, 8.27393],
			"rotation": {"angle": 45, "axis": "y", "origin": [10.52497, 4.21429, 15.03107]},
			"faces": {
				"north": {"uv": [8, 5, 7, 6], "texture": "#stem", "tintindex": 0},
				"east": {"uv": [8, 5, 7, 6], "texture": "#stem", "tintindex": 0},
				"south": {"uv": [8, 5, 7, 6], "texture": "#stem", "tintindex": 0},
				"west": {"uv": [8, 6, 7, 5], "rotation": 180, "texture": "#stem", "tintindex": 0},
				"up": {"uv": [8, 6, 7, 5], "rotation": 270, "texture": "#stem", "tintindex": 0},
				"down": {"uv": [7, 6, 8, 5], "rotation": 270, "texture": "#stem", "tintindex": 0}
			}
		},
		{
			"name": "melon_stem_8",
			"from": [13.27497, 7, 8.27393],
			"to": [13.77497, 8, 9.27393],
			"rotation": {"angle": 45, "axis": "y", "origin": [10.52497, 4.21429, 15.03107]},
			"faces": {
				"north": {"uv": [9, 5, 8, 6], "texture": "#stem", "tintindex": 0},
				"east": {"uv": [9, 5, 8, 6], "texture": "#stem", "tintindex": 0},
				"south": {"uv": [9, 5, 8, 6], "texture": "#stem", "tintindex": 0},
				"west": {"uv": [9, 6, 8, 5], "rotation": 180, "texture": "#stem", "tintindex": 0},
				"up": {"uv": [9, 6, 8, 5], "rotation": 270, "texture": "#stem", "tintindex": 0},
				"down": {"uv": [8, 6, 9, 5], "rotation": 270, "texture": "#stem", "tintindex": 0}
			}
		},
		{
			"name": "melon_stem_9",
			"from": [13.27497, 6, 5.27393],
			"to": [13.77497, 7, 6.27393],
			"rotation": {"angle": 45, "axis": "y", "origin": [10.52497, 4.21429, 15.03107]},
			"faces": {
				"north": {"uv": [6, 6, 5, 7], "texture": "#stem", "tintindex": 0},
				"east": {"uv": [6, 6, 5, 7], "texture": "#stem", "tintindex": 0},
				"south": {"uv": [6, 6, 5, 7], "texture": "#stem", "tintindex": 0},
				"west": {"uv": [6, 7, 5, 6], "rotation": 180, "texture": "#stem", "tintindex": 0},
				"up": {"uv": [6, 7, 5, 6], "rotation": 270, "texture": "#stem", "tintindex": 0},
				"down": {"uv": [5, 7, 6, 6], "rotation": 270, "texture": "#stem", "tintindex": 0}
			}
		},
		{
			"name": "melon_stem_10",
			"from": [13.27497, 6, 7.27393],
			"to": [13.77497, 7, 8.27393],
			"rotation": {"angle": 45, "axis": "y", "origin": [10.52497, 4.21429, 15.03107]},
			"faces": {
				"north": {"uv": [8, 6, 7, 7], "texture": "#stem", "tintindex": 0},
				"east": {"uv": [8, 6, 7, 7], "texture": "#stem", "tintindex": 0},
				"south": {"uv": [8, 6, 7, 7], "texture": "#stem", "tintindex": 0},
				"west": {"uv": [8, 7, 7, 6], "rotation": 180, "texture": "#stem", "tintindex": 0},
				"up": {"uv": [8, 7, 7, 6], "rotation": 270, "texture": "#stem", "tintindex": 0},
				"down": {"uv": [7, 7, 8, 6], "rotation": 270, "texture": "#stem", "tintindex": 0}
			}
		},
		{
			"name": "melon_stem_11",
			"from": [13.27497, 6, 8.27393],
			"to": [13.77497, 7, 9.27393],
			"rotation": {"angle": 45, "axis": "y", "origin": [10.52497, 4.21429, 15.03107]},
			"faces": {
				"north": {"uv": [9, 6, 8, 7], "texture": "#stem", "tintindex": 0},
				"east": {"uv": [9, 6, 8, 7], "texture": "#stem", "tintindex": 0},
				"south": {"uv": [9, 6, 8, 7], "texture": "#stem", "tintindex": 0},
				"west": {"uv": [9, 7, 8, 6], "rotation": 180, "texture": "#stem", "tintindex": 0},
				"up": {"uv": [9, 7, 8, 6], "rotation": 270, "texture": "#stem", "tintindex": 0},
				"down": {"uv": [8, 7, 9, 6], "rotation": 270, "texture": "#stem", "tintindex": 0}
			}
		},
		{
			"name": "melon_stem_12",
			"from": [13.27497, 5, 5.27393],
			"to": [13.77497, 6, 6.27393],
			"rotation": {"angle": 45, "axis": "y", "origin": [10.52497, 4.21429, 15.03107]},
			"faces": {
				"north": {"uv": [6, 7, 5, 8], "texture": "#stem", "tintindex": 0},
				"east": {"uv": [6, 7, 5, 8], "texture": "#stem", "tintindex": 0},
				"south": {"uv": [6, 7, 5, 8], "texture": "#stem", "tintindex": 0},
				"west": {"uv": [6, 8, 5, 7], "rotation": 180, "texture": "#stem", "tintindex": 0},
				"up": {"uv": [6, 8, 5, 7], "rotation": 270, "texture": "#stem", "tintindex": 0},
				"down": {"uv": [5, 8, 6, 7], "rotation": 270, "texture": "#stem", "tintindex": 0}
			}
		},
		{
			"name": "melon_stem_13",
			"from": [13.27497, 5, 6.27393],
			"to": [13.77497, 6, 7.27393],
			"rotation": {"angle": 45, "axis": "y", "origin": [10.52497, 4.21429, 15.03107]},
			"faces": {
				"north": {"uv": [7, 7, 6, 8], "texture": "#stem", "tintindex": 0},
				"east": {"uv": [7, 7, 6, 8], "texture": "#stem", "tintindex": 0},
				"south": {"uv": [7, 7, 6, 8], "texture": "#stem", "tintindex": 0},
				"west": {"uv": [7, 8, 6, 7], "rotation": 180, "texture": "#stem", "tintindex": 0},
				"up": {"uv": [7, 8, 6, 7], "rotation": 270, "texture": "#stem", "tintindex": 0},
				"down": {"uv": [6, 8, 7, 7], "rotation": 270, "texture": "#stem", "tintindex": 0}
			}
		},
		{
			"name": "melon_stem_14",
			"from": [13.27497, 5, 7.27393],
			"to": [13.77497, 6, 8.27393],
			"rotation": {"angle": 45, "axis": "y", "origin": [10.52497, 4.21429, 15.03107]},
			"faces": {
				"north": {"uv": [8, 7, 7, 8], "texture": "#stem", "tintindex": 0},
				"east": {"uv": [8, 7, 7, 8], "texture": "#stem", "tintindex": 0},
				"south": {"uv": [8, 7, 7, 8], "texture": "#stem", "tintindex": 0},
				"west": {"uv": [8, 8, 7, 7], "rotation": 180, "texture": "#stem", "tintindex": 0},
				"up": {"uv": [8, 8, 7, 7], "rotation": 270, "texture": "#stem", "tintindex": 0},
				"down": {"uv": [7, 8, 8, 7], "rotation": 270, "texture": "#stem", "tintindex": 0}
			}
		},
		{
			"name": "melon_stem_15",
			"from": [13.27497, 5, 8.27393],
			"to": [13.77497, 6, 9.27393],
			"rotation": {"angle": 45, "axis": "y", "origin": [10.52497, 4.21429, 15.03107]},
			"faces": {
				"north": {"uv": [9, 7, 8, 8], "texture": "#stem", "tintindex": 0},
				"east": {"uv": [9, 7, 8, 8], "texture": "#stem", "tintindex": 0},
				"south": {"uv": [9, 7, 8, 8], "texture": "#stem", "tintindex": 0},
				"west": {"uv": [9, 8, 8, 7], "rotation": 180, "texture": "#stem", "tintindex": 0},
				"up": {"uv": [9, 8, 8, 7], "rotation": 270, "texture": "#stem", "tintindex": 0},
				"down": {"uv": [8, 8, 9, 7], "rotation": 270, "texture": "#stem", "tintindex": 0}
			}
		},
		{
			"name": "melon_stem_16",
			"from": [13.27497, 4, 6.27393],
			"to": [13.77497, 5, 7.27393],
			"rotation": {"angle": 45, "axis": "y", "origin": [10.52497, 4.21429, 15.03107]},
			"faces": {
				"north": {"uv": [7, 8, 6, 9], "texture": "#stem", "tintindex": 0},
				"east": {"uv": [7, 8, 6, 9], "texture": "#stem", "tintindex": 0},
				"south": {"uv": [7, 8, 6, 9], "texture": "#stem", "tintindex": 0},
				"west": {"uv": [7, 9, 6, 8], "rotation": 180, "texture": "#stem", "tintindex": 0},
				"up": {"uv": [7, 9, 6, 8], "rotation": 270, "texture": "#stem", "tintindex": 0},
				"down": {"uv": [6, 9, 7, 8], "rotation": 270, "texture": "#stem", "tintindex": 0}
			}
		},
		{
			"name": "melon_stem_17",
			"from": [13.27497, 4, 7.27393],
			"to": [13.77497, 5, 8.27393],
			"rotation": {"angle": 45, "axis": "y", "origin": [10.52497, 4.21429, 15.03107]},
			"faces": {
				"north": {"uv": [8, 8, 7, 9], "texture": "#stem", "tintindex": 0},
				"east": {"uv": [8, 8, 7, 9], "texture": "#stem", "tintindex": 0},
				"south": {"uv": [8, 8, 7, 9], "texture": "#stem", "tintindex": 0},
				"west": {"uv": [8, 9, 7, 8], "rotation": 180, "texture": "#stem", "tintindex": 0},
				"up": {"uv": [8, 9, 7, 8], "rotation": 270, "texture": "#stem", "tintindex": 0},
				"down": {"uv": [7, 9, 8, 8], "rotation": 270, "texture": "#stem", "tintindex": 0}
			}
		},
		{
			"name": "melon_stem_18",
			"from": [13.27497, 4, 8.27393],
			"to": [13.77497, 5, 9.27393],
			"rotation": {"angle": 45, "axis": "y", "origin": [10.52497, 4.21429, 15.03107]},
			"faces": {
				"north": {"uv": [9, 8, 8, 9], "texture": "#stem", "tintindex": 0},
				"east": {"uv": [9, 8, 8, 9], "texture": "#stem", "tintindex": 0},
				"south": {"uv": [9, 8, 8, 9], "texture": "#stem", "tintindex": 0},
				"west": {"uv": [9, 9, 8, 8], "rotation": 180, "texture": "#stem", "tintindex": 0},
				"up": {"uv": [9, 9, 8, 8], "rotation": 270, "texture": "#stem", "tintindex": 0},
				"down": {"uv": [8, 9, 9, 8], "rotation": 270, "texture": "#stem", "tintindex": 0}
			}
		},
		{
			"name": "melon_stem_19",
			"from": [13.27497, 4, 10.27393],
			"to": [13.77497, 5, 11.27393],
			"rotation": {"angle": 45, "axis": "y", "origin": [10.52497, 4.21429, 15.03107]},
			"faces": {
				"north": {"uv": [11, 8, 10, 9], "texture": "#stem", "tintindex": 0},
				"east": {"uv": [11, 8, 10, 9], "texture": "#stem", "tintindex": 0},
				"south": {"uv": [11, 8, 10, 9], "texture": "#stem", "tintindex": 0},
				"west": {"uv": [11, 9, 10, 8], "rotation": 180, "texture": "#stem", "tintindex": 0},
				"up": {"uv": [11, 9, 10, 8], "rotation": 270, "texture": "#stem", "tintindex": 0},
				"down": {"uv": [10, 9, 11, 8], "rotation": 270, "texture": "#stem", "tintindex": 0}
			}
		},
		{
			"name": "melon_stem_20",
			"from": [13.27497, 3, 7.27393],
			"to": [13.77497, 4, 8.27393],
			"rotation": {"angle": 45, "axis": "y", "origin": [10.52497, 4.21429, 15.03107]},
			"faces": {
				"north": {"uv": [8, 9, 7, 10], "texture": "#stem", "tintindex": 0},
				"east": {"uv": [8, 9, 7, 10], "texture": "#stem", "tintindex": 0},
				"south": {"uv": [8, 9, 7, 10], "texture": "#stem", "tintindex": 0},
				"west": {"uv": [8, 10, 7, 9], "rotation": 180, "texture": "#stem", "tintindex": 0},
				"up": {"uv": [8, 10, 7, 9], "rotation": 270, "texture": "#stem", "tintindex": 0},
				"down": {"uv": [7, 10, 8, 9], "rotation": 270, "texture": "#stem", "tintindex": 0}
			}
		},
		{
			"name": "melon_stem_21",
			"from": [13.27497, 3, 8.27393],
			"to": [13.77497, 4, 9.27393],
			"rotation": {"angle": 45, "axis": "y", "origin": [10.52497, 4.21429, 15.03107]},
			"faces": {
				"north": {"uv": [9, 9, 8, 10], "texture": "#stem", "tintindex": 0},
				"east": {"uv": [9, 9, 8, 10], "texture": "#stem", "tintindex": 0},
				"south": {"uv": [9, 9, 8, 10], "texture": "#stem", "tintindex": 0},
				"west": {"uv": [9, 10, 8, 9], "rotation": 180, "texture": "#stem", "tintindex": 0},
				"up": {"uv": [9, 10, 8, 9], "rotation": 270, "texture": "#stem", "tintindex": 0},
				"down": {"uv": [8, 10, 9, 9], "rotation": 270, "texture": "#stem", "tintindex": 0}
			}
		},
		{
			"name": "melon_stem_22",
			"from": [13.27497, 3, 9.27393],
			"to": [13.77497, 4, 10.27393],
			"rotation": {"angle": 45, "axis": "y", "origin": [10.52497, 4.21429, 15.03107]},
			"faces": {
				"north": {"uv": [10, 9, 9, 10], "texture": "#stem", "tintindex": 0},
				"east": {"uv": [10, 9, 9, 10], "texture": "#stem", "tintindex": 0},
				"south": {"uv": [10, 9, 9, 10], "texture": "#stem", "tintindex": 0},
				"west": {"uv": [10, 10, 9, 9], "rotation": 180, "texture": "#stem", "tintindex": 0},
				"up": {"uv": [10, 10, 9, 9], "rotation": 270, "texture": "#stem", "tintindex": 0},
				"down": {"uv": [9, 10, 10, 9], "rotation": 270, "texture": "#stem", "tintindex": 0}
			}
		},
		{
			"name": "melon_stem_23",
			"from": [13.27497, 2, 7.27393],
			"to": [13.77497, 3, 8.27393],
			"rotation": {"angle": 45, "axis": "y", "origin": [10.52497, 4.21429, 15.03107]},
			"faces": {
				"north": {"uv": [8, 10, 7, 11], "texture": "#stem", "tintindex": 0},
				"east": {"uv": [8, 10, 7, 11], "texture": "#stem", "tintindex": 0},
				"south": {"uv": [8, 10, 7, 11], "texture": "#stem", "tintindex": 0},
				"west": {"uv": [8, 11, 7, 10], "rotation": 180, "texture": "#stem", "tintindex": 0},
				"up": {"uv": [8, 11, 7, 10], "rotation": 270, "texture": "#stem", "tintindex": 0},
				"down": {"uv": [7, 11, 8, 10], "rotation": 270, "texture": "#stem", "tintindex": 0}
			}
		},
		{
			"name": "melon_stem_24",
			"from": [13.27497, 2, 8.27393],
			"to": [13.77497, 3, 9.27393],
			"rotation": {"angle": 45, "axis": "y", "origin": [10.52497, 4.21429, 15.03107]},
			"faces": {
				"north": {"uv": [9, 10, 8, 11], "texture": "#stem", "tintindex": 0},
				"east": {"uv": [9, 10, 8, 11], "texture": "#stem", "tintindex": 0},
				"south": {"uv": [9, 10, 8, 11], "texture": "#stem", "tintindex": 0},
				"west": {"uv": [9, 11, 8, 10], "rotation": 180, "texture": "#stem", "tintindex": 0},
				"up": {"uv": [9, 11, 8, 10], "rotation": 270, "texture": "#stem", "tintindex": 0},
				"down": {"uv": [8, 11, 9, 10], "rotation": 270, "texture": "#stem", "tintindex": 0}
			}
		},
		{
			"name": "melon_stem_25",
			"from": [13.27497, 2, 9.27393],
			"to": [13.77497, 3, 10.27393],
			"rotation": {"angle": 45, "axis": "y", "origin": [10.52497, 4.21429, 15.03107]},
			"faces": {
				"north": {"uv": [10, 10, 9, 11], "texture": "#stem", "tintindex": 0},
				"east": {"uv": [10, 10, 9, 11], "texture": "#stem", "tintindex": 0},
				"south": {"uv": [10, 10, 9, 11], "texture": "#stem", "tintindex": 0},
				"west": {"uv": [10, 11, 9, 10], "rotation": 180, "texture": "#stem", "tintindex": 0},
				"up": {"uv": [10, 11, 9, 10], "rotation": 270, "texture": "#stem", "tintindex": 0},
				"down": {"uv": [9, 11, 10, 10], "rotation": 270, "texture": "#stem", "tintindex": 0}
			}
		},
		{
			"name": "melon_stem_26",
			"from": [13.27497, 1, 7.27393],
			"to": [13.77497, 2, 8.27393],
			"rotation": {"angle": 45, "axis": "y", "origin": [10.52497, 4.21429, 15.03107]},
			"faces": {
				"north": {"uv": [8, 11, 7, 12], "texture": "#stem", "tintindex": 0},
				"east": {"uv": [8, 11, 7, 12], "texture": "#stem", "tintindex": 0},
				"south": {"uv": [8, 11, 7, 12], "texture": "#stem", "tintindex": 0},
				"west": {"uv": [8, 12, 7, 11], "rotation": 180, "texture": "#stem", "tintindex": 0},
				"up": {"uv": [8, 12, 7, 11], "rotation": 270, "texture": "#stem", "tintindex": 0},
				"down": {"uv": [7, 12, 8, 11], "rotation": 270, "texture": "#stem", "tintindex": 0}
			}
		},
		{
			"name": "melon_stem_27",
			"from": [13.27497, 1, 8.27393],
			"to": [13.77497, 2, 9.27393],
			"rotation": {"angle": 45, "axis": "y", "origin": [10.52497, 4.21429, 15.03107]},
			"faces": {
				"north": {"uv": [9, 11, 8, 12], "texture": "#stem", "tintindex": 0},
				"east": {"uv": [9, 11, 8, 12], "texture": "#stem", "tintindex": 0},
				"south": {"uv": [9, 11, 8, 12], "texture": "#stem", "tintindex": 0},
				"west": {"uv": [9, 12, 8, 11], "rotation": 180, "texture": "#stem", "tintindex": 0},
				"up": {"uv": [9, 12, 8, 11], "rotation": 270, "texture": "#stem", "tintindex": 0},
				"down": {"uv": [8, 12, 9, 11], "rotation": 270, "texture": "#stem", "tintindex": 0}
			}
		},
		{
			"name": "melon_stem_28",
			"from": [13.27497, 0, 7.27393],
			"to": [13.77497, 1, 8.27393],
			"rotation": {"angle": 45, "axis": "y", "origin": [10.52497, 4.21429, 15.03107]},
			"faces": {
				"north": {"uv": [8, 12, 7, 13], "texture": "#stem", "tintindex": 0},
				"east": {"uv": [8, 12, 7, 13], "texture": "#stem", "tintindex": 0},
				"south": {"uv": [8, 12, 7, 13], "texture": "#stem", "tintindex": 0},
				"west": {"uv": [8, 13, 7, 12], "rotation": 180, "texture": "#stem", "tintindex": 0},
				"up": {"uv": [8, 13, 7, 12], "rotation": 270, "texture": "#stem", "tintindex": 0},
				"down": {"uv": [7, 13, 8, 12], "rotation": 270, "texture": "#stem", "tintindex": 0}
			}
		},
		{
			"name": "melon_stem_29",
			"from": [13.27497, 0, 8.27393],
			"to": [13.77497, 1, 9.27393],
			"rotation": {"angle": 45, "axis": "y", "origin": [10.52497, 4.21429, 15.03107]},
			"faces": {
				"north": {"uv": [9, 12, 8, 13], "texture": "#stem", "tintindex": 0},
				"east": {"uv": [9, 12, 8, 13], "texture": "#stem", "tintindex": 0},
				"south": {"uv": [9, 12, 8, 13], "texture": "#stem", "tintindex": 0},
				"west": {"uv": [9, 13, 8, 12], "rotation": 180, "texture": "#stem", "tintindex": 0},
				"up": {"uv": [9, 13, 8, 12], "rotation": 270, "texture": "#stem", "tintindex": 0},
				"down": {"uv": [8, 13, 9, 12], "rotation": 270, "texture": "#stem", "tintindex": 0}
			}
		},
		{
			"name": "melon_stem_30",
			"from": [13.27497, -1, 7.27393],
			"to": [13.77497, 0, 8.27393],
			"rotation": {"angle": 45, "axis": "y", "origin": [10.52497, 4.21429, 15.03107]},
			"faces": {
				"north": {"uv": [8, 13, 7, 14], "texture": "#stem", "tintindex": 0},
				"east": {"uv": [8, 13, 7, 14], "texture": "#stem", "tintindex": 0},
				"south": {"uv": [8, 13, 7, 14], "texture": "#stem", "tintindex": 0},
				"west": {"uv": [8, 14, 7, 13], "rotation": 180, "texture": "#stem", "tintindex": 0},
				"up": {"uv": [8, 14, 7, 13], "rotation": 270, "texture": "#stem", "tintindex": 0},
				"down": {"uv": [7, 14, 8, 13], "rotation": 270, "texture": "#stem", "tintindex": 0}
			}
		},
		{
			"name": "melon_stem_31",
			"from": [13.27497, -1, 8.27393],
			"to": [13.77497, 0, 9.27393],
			"rotation": {"angle": 45, "axis": "y", "origin": [10.52497, 4.21429, 15.03107]},
			"faces": {
				"north": {"uv": [9, 13, 8, 14], "texture": "#stem", "tintindex": 0},
				"east": {"uv": [9, 13, 8, 14], "texture": "#stem", "tintindex": 0},
				"south": {"uv": [9, 13, 8, 14], "texture": "#stem", "tintindex": 0},
				"west": {"uv": [9, 14, 8, 13], "rotation": 180, "texture": "#stem", "tintindex": 0},
				"up": {"uv": [9, 14, 8, 13], "rotation": 270, "texture": "#stem", "tintindex": 0},
				"down": {"uv": [8, 14, 9, 13], "rotation": 270, "texture": "#stem", "tintindex": 0}
			}
		}
	],
	"groups": [
		{
			"name": "melon_stem_stage7",
			"origin": [8, 8, 8],
			"color": 0,
			"children": [
				{
					"name": "melon_stem",
					"origin": [8, 8, 8],
					"color": 0,
					"children": [0, 1, 2, 3, 4, 5, 6, 7, 8, 9, 10, 11, 12, 13, 14, 15, 16, 17, 18, 19, 20, 21, 22, 23, 24, 25, 26, 27, 28, 29, 30]
				},
				{
					"name": "melon_stem",
					"origin": [8, 8, 8],
					"color": 0,
					"children": [31, 32, 33, 34, 35, 36, 37, 38, 39, 40, 41, 42, 43, 44, 45, 46, 47, 48, 49, 50, 51, 52, 53, 54, 55, 56, 57, 58, 59, 60, 61]
				}
			]
		}
	]
}