{
	"credit": "Made with Blockbench",
	"parent": "minecraft:block/stem_growth2",
	"ambientocclusion": false,
	"textures": {
		"stem": "block/melon_stem"
	},
	"elements": [
		{
			"name": "melon_stem_0",
			"from": [2.22503, 3, 6.27393],
			"to": [2.72503, 4, 7.27393],
			"rotation": {"angle": -45, "axis": "y", "origin": [5.47503, -3.78571, 15.03107]},
			"faces": {
				"north": {"uv": [6, 1, 7, 2], "texture": "#stem", "tintindex": 0},
				"east": {"uv": [6, 2, 7, 1], "rotation": 180, "texture": "#stem", "tintindex": 0},
				"south": {"uv": [6, 1, 7, 2], "texture": "#stem", "tintindex": 0},
				"west": {"uv": [6, 1, 7, 2], "texture": "#stem", "tintindex": 0},
				"up": {"uv": [7, 1, 6, 2], "rotation": 270, "texture": "#stem", "tintindex": 0},
				"down": {"uv": [6, 1, 7, 2], "rotation": 270, "texture": "#stem", "tintindex": 0}
			}
		},
		{
			"name": "melon_stem_1",
			"from": [2.22503, 2, 6.27393],
			"to": [2.72503, 3, 7.27393],
			"rotation": {"angle": -45, "axis": "y", "origin": [5.47503, -3.78571, 15.03107]},
			"faces": {
				"north": {"uv": [6, 2, 7, 3], "texture": "#stem", "tintindex": 0},
				"east": {"uv": [6, 3, 7, 2], "rotation": 180, "texture": "#stem", "tintindex": 0},
				"south": {"uv": [6, 2, 7, 3], "texture": "#stem", "tintindex": 0},
				"west": {"uv": [6, 2, 7, 3], "texture": "#stem", "tintindex": 0},
				"up": {"uv": [7, 2, 6, 3], "rotation": 270, "texture": "#stem", "tintindex": 0},
				"down": {"uv": [6, 2, 7, 3], "rotation": 270, "texture": "#stem", "tintindex": 0}
			}
		},
		{
			"name": "melon_stem_2",
			"from": [2.22503, 2, 7.27393],
			"to": [2.72503, 3, 8.27393],
			"rotation": {"angle": -45, "axis": "y", "origin": [5.47503, -3.78571, 15.03107]},
			"faces": {
				"north": {"uv": [7, 2, 8, 3], "texture": "#stem", "tintindex": 0},
				"east": {"uv": [7, 3, 8, 2], "rotation": 180, "texture": "#stem", "tintindex": 0},
				"south": {"uv": [7, 2, 8, 3], "texture": "#stem", "tintindex": 0},
				"west": {"uv": [7, 2, 8, 3], "texture": "#stem", "tintindex": 0},
				"up": {"uv": [8, 2, 7, 3], "rotation": 270, "texture": "#stem", "tintindex": 0},
				"down": {"uv": [7, 2, 8, 3], "rotation": 270, "texture": "#stem", "tintindex": 0}
			}
		},
		{
			"name": "melon_stem_3",
			"from": [2.22503, 1, 6.27393],
			"to": [2.72503, 2, 7.27393],
			"rotation": {"angle": -45, "axis": "y", "origin": [5.47503, -3.78571, 15.03107]},
			"faces": {
				"north": {"uv": [6, 3, 7, 4], "texture": "#stem", "tintindex": 0},
				"east": {"uv": [6, 4, 7, 3], "rotation": 180, "texture": "#stem", "tintindex": 0},
				"south": {"uv": [6, 3, 7, 4], "texture": "#stem", "tintindex": 0},
				"west": {"uv": [6, 3, 7, 4], "texture": "#stem", "tintindex": 0},
				"up": {"uv": [7, 3, 6, 4], "rotation": 270, "texture": "#stem", "tintindex": 0},
				"down": {"uv": [6, 3, 7, 4], "rotation": 270, "texture": "#stem", "tintindex": 0}
			}
		},
		{
			"name": "melon_stem_4",
			"from": [2.22503, 1, 7.27393],
			"to": [2.72503, 2, 8.27393],
			"rotation": {"angle": -45, "axis": "y", "origin": [5.47503, -3.78571, 15.03107]},
			"faces": {
				"north": {"uv": [7, 3, 8, 4], "texture": "#stem", "tintindex": 0},
				"east": {"uv": [7, 4, 8, 3], "rotation": 180, "texture": "#stem", "tintindex": 0},
				"south": {"uv": [7, 3, 8, 4], "texture": "#stem", "tintindex": 0},
				"west": {"uv": [7, 3, 8, 4], "texture": "#stem", "tintindex": 0},
				"up": {"uv": [8, 3, 7, 4], "rotation": 270, "texture": "#stem", "tintindex": 0},
				"down": {"uv": [7, 3, 8, 4], "rotation": 270, "texture": "#stem", "tintindex": 0}
			}
		},
		{
			"name": "melon_stem_5",
			"from": [2.22503, 0, 7.27393],
			"to": [2.72503, 1, 8.27393],
			"rotation": {"angle": -45, "axis": "y", "origin": [5.47503, -3.78571, 15.03107]},
			"faces": {
				"north": {"uv": [7, 4, 8, 5], "texture": "#stem", "tintindex": 0},
				"east": {"uv": [7, 5, 8, 4], "rotation": 180, "texture": "#stem", "tintindex": 0},
				"south": {"uv": [7, 4, 8, 5], "texture": "#stem", "tintindex": 0},
				"west": {"uv": [7, 4, 8, 5], "texture": "#stem", "tintindex": 0},
				"up": {"uv": [8, 4, 7, 5], "rotation": 270, "texture": "#stem", "tintindex": 0},
				"down": {"uv": [7, 4, 8, 5], "rotation": 270, "texture": "#stem", "tintindex": 0}
			}
		},
		{
			"name": "melon_stem_6",
			"from": [2.22503, -1, 7.27393],
			"to": [2.72503, 0, 8.27393],
			"rotation": {"angle": -45, "axis": "y", "origin": [5.47503, -3.78571, 15.03107]},
			"faces": {
				"north": {"uv": [7, 5, 8, 6], "texture": "#stem", "tintindex": 0},
				"east": {"uv": [7, 6, 8, 5], "rotation": 180, "texture": "#stem", "tintindex": 0},
				"south": {"uv": [7, 5, 8, 6], "texture": "#stem", "tintindex": 0},
				"west": {"uv": [7, 5, 8, 6], "texture": "#stem", "tintindex": 0},
				"up": {"uv": [8, 5, 7, 6], "rotation": 270, "texture": "#stem", "tintindex": 0},
				"down": {"uv": [7, 5, 8, 6], "rotation": 270, "texture": "#stem", "tintindex": 0}
			}
		},
		{
			"name": "melon_stem_7",
			"from": [2.22503, -1, 8.27393],
			"to": [2.72503, 0, 9.27393],
			"rotation": {"angle": -45, "axis": "y", "origin": [5.47503, -3.78571, 15.03107]},
			"faces": {
				"north": {"uv": [8, 5, 9, 6], "texture": "#stem", "tintindex": 0},
				"east": {"uv": [8, 6, 9, 5], "rotation": 180, "texture": "#stem", "tintindex": 0},
				"south": {"uv": [8, 5, 9, 6], "texture": "#stem", "tintindex": 0},
				"west": {"uv": [8, 5, 9, 6], "texture": "#stem", "tintindex": 0},
				"up": {"uv": [9, 5, 8, 6], "rotation": 270, "texture": "#stem", "tintindex": 0},
				"down": {"uv": [8, 5, 9, 6], "rotation": 270, "texture": "#stem", "tintindex": 0}
			}
		},
		{
			"name": "melon_stem_1",
			"from": [13.27497, 3, 6.27393],
			"to": [13.77497, 4, 7.27393],
			"rotation": {"angle": 45, "axis": "y", "origin": [10.52497, -3.78571, 15.03107]},
			"faces": {
				"north": {"uv": [7, 1, 6, 2], "texture": "#stem", "tintindex": 0},
				"east": {"uv": [7, 1, 6, 2], "texture": "#stem", "tintindex": 0},
				"south": {"uv": [7, 1, 6, 2], "texture": "#stem", "tintindex": 0},
				"west": {"uv": [7, 2, 6, 1], "rotation": 180, "texture": "#stem", "tintindex": 0},
				"up": {"uv": [7, 2, 6, 1], "rotation": 270, "texture": "#stem", "tintindex": 0},
				"down": {"uv": [6, 2, 7, 1], "rotation": 270, "texture": "#stem", "tintindex": 0}
			}
		},
		{
			"name": "melon_stem_2",
			"from": [13.27497, 2, 6.27393],
			"to": [13.77497, 3, 7.27393],
			"rotation": {"angle": 45, "axis": "y", "origin": [10.52497, -3.78571, 15.03107]},
			"faces": {
				"north": {"uv": [7, 2, 6, 3], "texture": "#stem", "tintindex": 0},
				"east": {"uv": [7, 2, 6, 3], "texture": "#stem", "tintindex": 0},
				"south": {"uv": [7, 2, 6, 3], "texture": "#stem", "tintindex": 0},
				"west": {"uv": [7, 3, 6, 2], "rotation": 180, "texture": "#stem", "tintindex": 0},
				"up": {"uv": [7, 3, 6, 2], "rotation": 270, "texture": "#stem", "tintindex": 0},
				"down": {"uv": [6, 3, 7, 2], "rotation": 270, "texture": "#stem", "tintindex": 0}
			}
		},
		{
			"name": "melon_stem_3",
			"from": [13.27497, 2, 7.27393],
			"to": [13.77497, 3, 8.27393],
			"rotation": {"angle": 45, "axis": "y", "origin": [10.52497, -3.78571, 15.03107]},
			"faces": {
				"north": {"uv": [8, 2, 7, 3], "texture": "#stem", "tintindex": 0},
				"east": {"uv": [8, 2, 7, 3], "texture": "#stem", "tintindex": 0},
				"south": {"uv": [8, 2, 7, 3], "texture": "#stem", "tintindex": 0},
				"west": {"uv": [8, 3, 7, 2], "rotation": 180, "texture": "#stem", "tintindex": 0},
				"up": {"uv": [8, 3, 7, 2], "rotation": 270, "texture": "#stem", "tintindex": 0},
				"down": {"uv": [7, 3, 8, 2], "rotation": 270, "texture": "#stem", "tintindex": 0}
			}
		},
		{
			"name": "melon_stem_4",
			"from": [13.27497, 1, 6.27393],
			"to": [13.77497, 2, 7.27393],
			"rotation": {"angle": 45, "axis": "y", "origin": [10.52497, -3.78571, 15.03107]},
			"faces": {
				"north": {"uv": [7, 3, 6, 4], "texture": "#stem", "tintindex": 0},
				"east": {"uv": [7, 3, 6, 4], "texture": "#stem", "tintindex": 0},
				"south": {"uv": [7, 3, 6, 4], "texture": "#stem", "tintindex": 0},
				"west": {"uv": [7, 4, 6, 3], "rotation": 180, "texture": "#stem", "tintindex": 0},
				"up": {"uv": [7, 4, 6, 3], "rotation": 270, "texture": "#stem", "tintindex": 0},
				"down": {"uv": [6, 4, 7, 3], "rotation": 270, "texture": "#stem", "tintindex": 0}
			}
		},
		{
			"name": "melon_stem_5",
			"from": [13.27497, 1, 7.27393],
			"to": [13.77497, 2, 8.27393],
			"rotation": {"angle": 45, "axis": "y", "origin": [10.52497, -3.78571, 15.03107]},
			"faces": {
				"north": {"uv": [8, 3, 7, 4], "texture": "#stem", "tintindex": 0},
				"east": {"uv": [8, 3, 7, 4], "texture": "#stem", "tintindex": 0},
				"south": {"uv": [8, 3, 7, 4], "texture": "#stem", "tintindex": 0},
				"west": {"uv": [8, 4, 7, 3], "rotation": 180, "texture": "#stem", "tintindex": 0},
				"up": {"uv": [8, 4, 7, 3], "rotation": 270, "texture": "#stem", "tintindex": 0},
				"down": {"uv": [7, 4, 8, 3], "rotation": 270, "texture": "#stem", "tintindex": 0}
			}
		},
		{
			"name": "melon_stem_6",
			"from": [13.27497, 0, 7.27393],
			"to": [13.77497, 1, 8.27393],
			"rotation": {"angle": 45, "axis": "y", "origin": [10.52497, -3.78571, 15.03107]},
			"faces": {
				"north": {"uv": [8, 4, 7, 5], "texture": "#stem", "tintindex": 0},
				"east": {"uv": [8, 4, 7, 5], "texture": "#stem", "tintindex": 0},
				"south": {"uv": [8, 4, 7, 5], "texture": "#stem", "tintindex": 0},
				"west": {"uv": [8, 5, 7, 4], "rotation": 180, "texture": "#stem", "tintindex": 0},
				"up": {"uv": [8, 5, 7, 4], "rotation": 270, "texture": "#stem", "tintindex": 0},
				"down": {"uv": [7, 5, 8, 4], "rotation": 270, "texture": "#stem", "tintindex": 0}
			}
		},
		{
			"name": "melon_stem_7",
			"from": [13.27497, -1, 7.27393],
			"to": [13.77497, 0, 8.27393],
			"rotation": {"angle": 45, "axis": "y", "origin": [10.52497, -3.78571, 15.03107]},
			"faces": {
				"north": {"uv": [8, 5, 7, 6], "texture": "#stem", "tintindex": 0},
				"east": {"uv": [8, 5, 7, 6], "texture": "#stem", "tintindex": 0},
				"south": {"uv": [8, 5, 7, 6], "texture": "#stem", "tintindex": 0},
				"west": {"uv": [8, 6, 7, 5], "rotation": 180, "texture": "#stem", "tintindex": 0},
				"up": {"uv": [8, 6, 7, 5], "rotation": 270, "texture": "#stem", "tintindex": 0},
				"down": {"uv": [7, 6, 8, 5], "rotation": 270, "texture": "#stem", "tintindex": 0}
			}
		},
		{
			"name": "melon_stem_8",
			"from": [13.27497, -1, 8.27393],
			"to": [13.77497, 0, 9.27393],
			"rotation": {"angle": 45, "axis": "y", "origin": [10.52497, -3.78571, 15.03107]},
			"faces": {
				"north": {"uv": [9, 5, 8, 6], "texture": "#stem", "tintindex": 0},
				"east": {"uv": [9, 5, 8, 6], "texture": "#stem", "tintindex": 0},
				"south": {"uv": [9, 5, 8, 6], "texture": "#stem", "tintindex": 0},
				"west": {"uv": [9, 6, 8, 5], "rotation": 180, "texture": "#stem", "tintindex": 0},
				"up": {"uv": [9, 6, 8, 5], "rotation": 270, "texture": "#stem", "tintindex": 0},
				"down": {"uv": [8, 6, 9, 5], "rotation": 270, "texture": "#stem", "tintindex": 0}
			}
		}
	],
	"groups": [
		{
			"name": "melon_stem_stage7",
			"origin": [8, 8, 8],
			"color": 0,
			"children": [
				{
					"name": "melon_stem",
					"origin": [8, 8, 8],
					"color": 0,
					"children": [0, 1, 2, 3, 4, 5, 6, 7]
				},
				{
					"name": "melon_stem",
					"origin": [8, 8, 8],
					"color": 0,
					"children": [8, 9, 10, 11, 12, 13, 14, 15]
				}
			]
		}
	]
}