{
	"credit": "Made with Blockbench",
	"parent": "minecraft:block/cross_emissive",
	"textures": {
		"2": "block/open_eyeblossom",
		"3": "block/open_eyeblossom_emissive",
		"particle": "block/open_eyeblossom"
	},
	"elements": [
		{
			"from": [7, 0, 7],
			"to": [9, 10, 9],
			"rotation": {"angle": 0, "axis": "y", "origin": [7, 0, 7]},
			"faces": {
				"north": {"uv": [7, 6, 9, 16], "texture": "#2"},
				"east": {"uv": [9, 6, 7, 16], "texture": "#2"},
				"south": {"uv": [7, 6, 9, 16], "texture": "#2"},
				"west": {"uv": [9, 6, 7, 16], "texture": "#2"},
				"down": {"uv": [7, 14, 9, 16], "texture": "#2"}
			}
		},
		{
			"name": "closed_eyeblossom_6",
			"from": [4, 3, 7.75],
			"to": [5, 4, 8.25],
			"rotation": {"angle": 0, "axis": "y", "origin": [0, 0, 7.25]},
			"faces": {
				"north": {"uv": [5, 12, 4, 13], "texture": "#2"},
				"east": {"uv": [4, 12, 5, 13], "texture": "#2"},
				"south": {"uv": [4, 12, 5, 13], "texture": "#2"},
				"west": {"uv": [4, 12, 5, 13], "texture": "#2"},
				"up": {"uv": [4, 12, 5, 13], "texture": "#2"},
				"down": {"uv": [4, 12, 5, 13], "texture": "#2"}
			}
		},
		{
			"name": "closed_eyeblossom_7",
			"from": [5, 2, 7.75],
			"to": [6, 4, 8.25],
			"rotation": {"angle": 0, "axis": "y", "origin": [0, 0, 7.25]},
			"faces": {
				"north": {"uv": [6, 12, 5, 14], "texture": "#2"},
				"east": {"uv": [5, 12, 6, 14], "texture": "#2"},
				"south": {"uv": [5, 12, 6, 14], "texture": "#2"},
				"west": {"uv": [5, 12, 6, 14], "texture": "#2"},
				"up": {"uv": [5, 12, 6, 13], "texture": "#2"},
				"down": {"uv": [5, 13, 6, 14], "texture": "#2"}
			}
		},
		{
			"name": "closed_eyeblossom_8",
			"from": [6, 2, 7.75],
			"to": [7, 4, 8.25],
			"rotation": {"angle": 0, "axis": "y", "origin": [0, 0, 7.25]},
			"faces": {
				"north": {"uv": [7, 12, 6, 14], "texture": "#2"},
				"east": {"uv": [6, 12, 7, 14], "texture": "#2"},
				"south": {"uv": [6, 12, 7, 14], "texture": "#2"},
				"west": {"uv": [6, 12, 7, 14], "texture": "#2"},
				"up": {"uv": [6, 12, 7, 13], "texture": "#2"},
				"down": {"uv": [6, 13, 7, 14], "texture": "#2"}
			}
		},
		{
			"name": "closed_eyeblossom_9",
			"from": [10, 2, 7.75],
			"to": [11, 4, 8.25],
			"rotation": {"angle": 0, "axis": "y", "origin": [0, 0, 7.25]},
			"faces": {
				"north": {"uv": [11, 12, 10, 14], "texture": "#2"},
				"east": {"uv": [10, 12, 11, 14], "texture": "#2"},
				"south": {"uv": [10, 12, 11, 14], "texture": "#2"},
				"west": {"uv": [10, 12, 11, 14], "texture": "#2"},
				"up": {"uv": [10, 12, 11, 13], "texture": "#2"},
				"down": {"uv": [10, 13, 11, 14], "texture": "#2"}
			}
		},
		{
			"name": "closed_eyeblossom_10",
			"from": [11, 3, 7.75],
			"to": [12, 4, 8.25],
			"rotation": {"angle": 0, "axis": "y", "origin": [0, 0, 7.25]},
			"faces": {
				"north": {"uv": [12, 12, 11, 13], "texture": "#2"},
				"east": {"uv": [11, 12, 12, 13], "texture": "#2"},
				"south": {"uv": [11, 12, 12, 13], "texture": "#2"},
				"west": {"uv": [11, 12, 12, 13], "texture": "#2"},
				"up": {"uv": [11, 12, 12, 13], "texture": "#2"},
				"down": {"uv": [11, 12, 12, 13], "texture": "#2"}
			}
		},
		{
			"name": "closed_eyeblossom_11",
			"from": [9, 1, 7.75],
			"to": [10, 3, 8.25],
			"rotation": {"angle": 0, "axis": "y", "origin": [0, 0, 7.25]},
			"faces": {
				"north": {"uv": [10, 13, 9, 15], "texture": "#2"},
				"east": {"uv": [9, 13, 10, 15], "texture": "#2"},
				"south": {"uv": [9, 13, 10, 15], "texture": "#2"},
				"west": {"uv": [9, 13, 10, 15], "texture": "#2"},
				"up": {"uv": [9, 13, 10, 14], "texture": "#2"},
				"down": {"uv": [9, 14, 10, 15], "texture": "#2"}
			}
		},
		{
			"name": "closed_eyeblossom_7",
			"from": [7.75, 3, 4],
			"to": [8.25, 4, 5],
			"rotation": {"angle": 0, "axis": "y", "origin": [8.75, 0, 0]},
			"faces": {
				"north": {"uv": [4, 12, 5, 13], "texture": "#2"},
				"east": {"uv": [5, 12, 4, 13], "texture": "#2"},
				"south": {"uv": [4, 12, 5, 13], "texture": "#2"},
				"west": {"uv": [4, 12, 5, 13], "texture": "#2"},
				"up": {"uv": [4, 12, 5, 13], "rotation": 90, "texture": "#2"},
				"down": {"uv": [4, 12, 5, 13], "rotation": 270, "texture": "#2"}
			}
		},
		{
			"name": "closed_eyeblossom_8",
			"from": [7.75, 2, 5],
			"to": [8.25, 4, 6],
			"rotation": {"angle": 0, "axis": "y", "origin": [8.75, 0, 0]},
			"faces": {
				"north": {"uv": [5, 12, 6, 14], "texture": "#2"},
				"east": {"uv": [6, 12, 5, 14], "texture": "#2"},
				"south": {"uv": [5, 12, 6, 14], "texture": "#2"},
				"west": {"uv": [5, 12, 6, 14], "texture": "#2"},
				"up": {"uv": [5, 12, 6, 13], "rotation": 90, "texture": "#2"},
				"down": {"uv": [5, 13, 6, 14], "rotation": 270, "texture": "#2"}
			}
		},
		{
			"name": "closed_eyeblossom_9",
			"from": [7.75, 2, 6],
			"to": [8.25, 4, 7],
			"rotation": {"angle": 0, "axis": "y", "origin": [8.75, 0, 0]},
			"faces": {
				"north": {"uv": [6, 12, 7, 14], "texture": "#2"},
				"east": {"uv": [7, 12, 6, 14], "texture": "#2"},
				"south": {"uv": [6, 12, 7, 14], "texture": "#2"},
				"west": {"uv": [6, 12, 7, 14], "texture": "#2"},
				"up": {"uv": [6, 12, 7, 13], "rotation": 90, "texture": "#2"},
				"down": {"uv": [6, 13, 7, 14], "rotation": 270, "texture": "#2"}
			}
		},
		{
			"name": "closed_eyeblossom_10",
			"from": [7.75, 2, 10],
			"to": [8.25, 4, 11],
			"rotation": {"angle": 0, "axis": "y", "origin": [8.75, 0, 0]},
			"faces": {
				"north": {"uv": [10, 12, 11, 14], "texture": "#2"},
				"east": {"uv": [11, 12, 10, 14], "texture": "#2"},
				"south": {"uv": [10, 12, 11, 14], "texture": "#2"},
				"west": {"uv": [10, 12, 11, 14], "texture": "#2"},
				"up": {"uv": [10, 12, 11, 13], "rotation": 90, "texture": "#2"},
				"down": {"uv": [10, 13, 11, 14], "rotation": 270, "texture": "#2"}
			}
		},
		{
			"name": "closed_eyeblossom_11",
			"from": [7.75, 3, 11],
			"to": [8.25, 4, 12],
			"rotation": {"angle": 0, "axis": "y", "origin": [8.75, 0, 0]},
			"faces": {
				"north": {"uv": [11, 12, 12, 13], "texture": "#2"},
				"east": {"uv": [12, 12, 11, 13], "texture": "#2"},
				"south": {"uv": [11, 12, 12, 13], "texture": "#2"},
				"west": {"uv": [11, 12, 12, 13], "texture": "#2"},
				"up": {"uv": [11, 12, 12, 13], "rotation": 90, "texture": "#2"},
				"down": {"uv": [11, 12, 12, 13], "rotation": 270, "texture": "#2"}
			}
		},
		{
			"name": "closed_eyeblossom_12",
			"from": [7.75, 1, 9],
			"to": [8.25, 3, 10],
			"rotation": {"angle": 0, "axis": "y", "origin": [8.75, 0, 0]},
			"faces": {
				"north": {"uv": [9, 13, 10, 15], "texture": "#2"},
				"east": {"uv": [10, 13, 9, 15], "texture": "#2"},
				"south": {"uv": [9, 13, 10, 15], "texture": "#2"},
				"west": {"uv": [9, 13, 10, 15], "texture": "#2"},
				"up": {"uv": [9, 13, 10, 14], "rotation": 90, "texture": "#2"},
				"down": {"uv": [9, 14, 10, 15], "rotation": 270, "texture": "#2"}
			}
		},
		{
			"from": [6, 10, 6],
			"to": [10, 11, 7],
			"rotation": {"angle": 0, "axis": "y", "origin": [6, 10, 6]},
                        "light_emission": 15,
			"faces": {
				"north": {"uv": [6, 5, 10, 6], "texture": "#3"},
				"east": {"uv": [6, 5, 7, 6], "texture": "#3"},
				"west": {"uv": [9, 5, 10, 6], "texture": "#3"},
				"up": {"uv": [6, 5, 10, 6], "texture": "#3"},
				"down": {"uv": [6, 5, 10, 6], "texture": "#3"}
			}
		},
		{
			"from": [6, 10, 7],
			"to": [7, 11, 9],
			"rotation": {"angle": 0, "axis": "y", "origin": [6, 10, 7]},
                        "light_emission": 15,
			"faces": {
				"east": {"uv": [7, 5, 9, 6], "texture": "#3"},
				"west": {"uv": [7, 5, 9, 6], "texture": "#3"},
				"up": {"uv": [7, 5, 9, 6], "texture": "#3"},
				"down": {"uv": [7, 5, 9, 6], "texture": "#3"}
			}
		},
		{
			"from": [9, 10, 7],
			"to": [10, 11, 9],
			"rotation": {"angle": 0, "axis": "y", "origin": [9, 10, 7]},
                        "light_emission": 15,
			"faces": {
				"east": {"uv": [7, 5, 9, 6], "texture": "#3"},
				"west": {"uv": [7, 5, 9, 6], "texture": "#3"},
				"up": {"uv": [7, 5, 9, 6], "texture": "#3"},
				"down": {"uv": [7, 5, 9, 6], "texture": "#3"}
			}
		},
		{
			"from": [6, 10, 9],
			"to": [10, 11, 10],
			"rotation": {"angle": 0, "axis": "y", "origin": [6, 10, 9]},
                        "light_emission": 15,
			"faces": {
				"east": {"uv": [6, 5, 7, 6], "texture": "#3"},
				"south": {"uv": [6, 5, 10, 6], "texture": "#3"},
				"west": {"uv": [9, 5, 10, 6], "texture": "#3"},
				"up": {"uv": [6, 5, 10, 6], "texture": "#3"},
				"down": {"uv": [6, 5, 10, 6], "texture": "#3"}
			}
		},
		{
			"from": [7, 10, 7],
			"to": [9, 11.5, 9],
			"rotation": {"angle": 0, "axis": "y", "origin": [8, 10, 7]},
                        "light_emission": 15,
			"faces": {
				"north": {"uv": [7, 5, 9, 6], "texture": "#3"},
				"east": {"uv": [7, 5, 9, 6], "texture": "#3"},
				"south": {"uv": [7, 5, 9, 6], "texture": "#3"},
				"west": {"uv": [7, 5, 9, 6], "texture": "#3"},
				"up": {"uv": [7, 5, 9, 6], "texture": "#3"}
			}
		},
		{
			"from": [7, 7, 11],
			"to": [9, 10, 13],
			"rotation": {"angle": 0, "axis": "y", "origin": [7, 7, 11]},
			"faces": {
				"north": {"uv": [11, 6, 13, 9], "texture": "#2"},
				"east": {"uv": [11, 6, 13, 9], "texture": "#2"},
				"south": {"uv": [11, 6, 13, 9], "texture": "#2"},
				"west": {"uv": [11, 6, 13, 9], "texture": "#2"},
				"up": {"uv": [11, 6, 13, 8], "texture": "#2"},
				"down": {"uv": [7, 6, 9, 8], "texture": "#2"}
			}
		},
		{
			"from": [7, 6, 9],
			"to": [9, 8, 10],
			"rotation": {"angle": 0, "axis": "y", "origin": [7, 6, 9]},
			"faces": {
				"north": {"uv": [9, 8, 11, 10], "texture": "#2"},
				"east": {"uv": [5, 8, 6, 10], "texture": "#2"},
				"south": {"uv": [9, 8, 11, 10], "texture": "#2"},
				"west": {"uv": [9, 8, 10, 10], "texture": "#2"},
				"up": {"uv": [10, 7, 11, 9], "rotation": 90, "texture": "#2"},
				"down": {"uv": [7, 6, 9, 7], "texture": "#2"}
			}
		},
		{
			"from": [7, 6, 10],
			"to": [9, 9, 11],
			"rotation": {"angle": 0, "axis": "y", "origin": [7, 6, 9]},
			"faces": {
				"north": {"uv": [10, 7, 11, 10], "texture": "#2"},
				"east": {"uv": [10, 7, 11, 10], "texture": "#2"},
				"south": {"uv": [9, 7, 11, 10], "texture": "#2"},
				"west": {"uv": [10, 7, 11, 10], "texture": "#2"},
				"up": {"uv": [10, 7, 11, 9], "rotation": 90, "texture": "#2"},
				"down": {"uv": [7, 6, 9, 7], "texture": "#2"}
			}
		},
		{
			"from": [7, 7, 3],
			"to": [9, 10, 5],
			"rotation": {"angle": 0, "axis": "y", "origin": [7, 7, 5]},
			"faces": {
				"north": {"uv": [13, 6, 11, 9], "texture": "#2"},
				"east": {"uv": [13, 6, 11, 9], "texture": "#2"},
				"south": {"uv": [13, 6, 11, 9], "texture": "#2"},
				"west": {"uv": [13, 6, 11, 9], "texture": "#2"},
				"up": {"uv": [11, 8, 13, 6], "texture": "#2"},
				"down": {"uv": [7, 8, 9, 6], "texture": "#2"}
			}
		},
		{
			"from": [7, 6, 6],
			"to": [9, 8, 7],
			"rotation": {"angle": 0, "axis": "y", "origin": [7, 6, 7]},
			"faces": {
				"north": {"uv": [11, 8, 9, 10], "texture": "#2"},
				"east": {"uv": [6, 8, 5, 10], "texture": "#2"},
				"south": {"uv": [11, 8, 9, 10], "texture": "#2"},
				"west": {"uv": [10, 8, 9, 10], "texture": "#2"},
				"up": {"uv": [11, 7, 10, 9], "rotation": 90, "texture": "#2"},
				"down": {"uv": [7, 7, 9, 6], "texture": "#2"}
			}
		},
		{
			"from": [7, 6, 5],
			"to": [9, 9, 6],
			"rotation": {"angle": 0, "axis": "y", "origin": [7, 6, 7]},
			"faces": {
				"north": {"uv": [11, 7, 9, 10], "texture": "#2"},
				"east": {"uv": [11, 7, 10, 10], "texture": "#2"},
				"south": {"uv": [11, 7, 10, 10], "texture": "#2"},
				"west": {"uv": [11, 7, 10, 10], "texture": "#2"},
				"up": {"uv": [11, 7, 10, 9], "rotation": 90, "texture": "#2"},
				"down": {"uv": [7, 7, 9, 6], "texture": "#2"}
			}
		},
		{
			"from": [11, 7, 7],
			"to": [13, 10, 9],
			"rotation": {"angle": 0, "axis": "y", "origin": [11, 7, 7]},
			"faces": {
				"north": {"uv": [13, 6, 11, 9], "texture": "#2"},
				"east": {"uv": [13, 6, 11, 9], "texture": "#2"},
				"south": {"uv": [13, 6, 11, 9], "texture": "#2"},
				"west": {"uv": [13, 6, 11, 9], "texture": "#2"},
				"up": {"uv": [11, 8, 13, 6], "rotation": 90, "texture": "#2"},
				"down": {"uv": [7, 8, 9, 6], "rotation": 270, "texture": "#2"}
			}
		},
		{
			"from": [9, 6, 7],
			"to": [10, 8, 9],
			"rotation": {"angle": 0, "axis": "y", "origin": [9, 6, 7]},
			"faces": {
				"north": {"uv": [10, 8, 9, 10], "texture": "#2"},
				"east": {"uv": [11, 8, 9, 10], "texture": "#2"},
				"south": {"uv": [6, 8, 5, 10], "texture": "#2"},
				"west": {"uv": [11, 8, 9, 10], "texture": "#2"},
				"up": {"uv": [11, 7, 10, 9], "rotation": 180, "texture": "#2"},
				"down": {"uv": [7, 7, 9, 6], "rotation": 270, "texture": "#2"}
			}
		},
		{
			"from": [10, 6, 7],
			"to": [11, 9, 9],
			"rotation": {"angle": 0, "axis": "y", "origin": [9, 6, 7]},
			"faces": {
				"north": {"uv": [11, 7, 10, 10], "texture": "#2"},
				"east": {"uv": [11, 7, 9, 10], "texture": "#2"},
				"south": {"uv": [11, 7, 10, 10], "texture": "#2"},
				"west": {"uv": [11, 7, 10, 10], "texture": "#2"},
				"up": {"uv": [11, 7, 10, 9], "rotation": 180, "texture": "#2"},
				"down": {"uv": [7, 7, 9, 6], "rotation": 270, "texture": "#2"}
			}
		},
		{
			"from": [3, 7, 7],
			"to": [5, 10, 9],
			"rotation": {"angle": 0, "axis": "y", "origin": [5, 7, 7]},
			"faces": {
				"north": {"uv": [11, 6, 13, 9], "texture": "#2"},
				"east": {"uv": [11, 6, 13, 9], "texture": "#2"},
				"south": {"uv": [11, 6, 13, 9], "texture": "#2"},
				"west": {"uv": [11, 6, 13, 9], "texture": "#2"},
				"up": {"uv": [11, 6, 13, 8], "rotation": 90, "texture": "#2"},
				"down": {"uv": [7, 6, 9, 8], "rotation": 270, "texture": "#2"}
			}
		},
		{
			"from": [6, 6, 7],
			"to": [7, 8, 9],
			"rotation": {"angle": 0, "axis": "y", "origin": [7, 6, 7]},
			"faces": {
				"north": {"uv": [9, 8, 10, 10], "texture": "#2"},
				"east": {"uv": [9, 8, 11, 10], "texture": "#2"},
				"south": {"uv": [5, 8, 6, 10], "texture": "#2"},
				"west": {"uv": [9, 8, 11, 10], "texture": "#2"},
				"up": {"uv": [10, 7, 11, 9], "rotation": 180, "texture": "#2"},
				"down": {"uv": [7, 6, 9, 7], "rotation": 270, "texture": "#2"}
			}
		},
		{
			"from": [5, 6, 7],
			"to": [6, 9, 9],
			"rotation": {"angle": 0, "axis": "y", "origin": [7, 6, 7]},
			"faces": {
				"north": {"uv": [10, 7, 11, 10], "texture": "#2"},
				"east": {"uv": [10, 7, 11, 10], "texture": "#2"},
				"south": {"uv": [10, 7, 11, 10], "texture": "#2"},
				"west": {"uv": [9, 7, 11, 10], "texture": "#2"},
				"up": {"uv": [10, 7, 11, 9], "rotation": 180, "texture": "#2"},
				"down": {"uv": [7, 6, 9, 7], "rotation": 270, "texture": "#2"}
			}
		}
	],
	"groups": [
		0,
		{
			"name": "closed_eyeblossom",
			"origin": [8, 8, 8],
			"color": 0,
			"children": [1, 2, 3, 4, 5, 6]
		},
		{
			"name": "closed_eyeblossom",
			"origin": [8, 8, 8],
			"color": 0,
			"children": [7, 8, 9, 10, 11, 12]
		},
		{
			"name": "glow",
			"origin": [6, 10, 9],
			"color": 0,
			"children": [13, 14, 15, 16, 17]
		},
		{
			"name": "petals",
			"origin": [8, 8, 8],
			"color": 0,
			"children": [18, 19, 20]
		},
		{
			"name": "petals",
			"origin": [8, 8, 8],
			"color": 0,
			"children": [21, 22, 23]
		},
		{
			"name": "petals",
			"origin": [8, 8, 8],
			"color": 0,
			"children": [24, 25, 26]
		},
		{
			"name": "petals",
			"origin": [8, 8, 8],
			"color": 0,
			"children": [27, 28, 29]
		}
	]
}