{
	"credit": "Made with Blockbench",
	"parent": "minecraft:block/mossy_carpet_side",
	"textures": {
		"side": "block/pale_moss_carpet_side_small"
	},
	"elements": [
		{
			"name": "pale_moss_carpet_side_small_0",
			"from": [8, 9, 0],
			"to": [9, 10, 0.75],
			"faces": {
				"north": {"uv": [9, 6, 8, 7], "texture": "#side"},
				"east": {"uv": [8, 6, 9, 7], "texture": "#side"},
				"south": {"uv": [8, 6, 9, 7], "texture": "#side"},
				"west": {"uv": [8, 6, 9, 7], "texture": "#side"},
				"up": {"uv": [8, 6, 9, 7], "texture": "#side"},
				"down": {"uv": [8, 6, 9, 7], "texture": "#side"}
			}
		},
		{
			"name": "pale_moss_carpet_side_small_1",
			"from": [7, 0, 0],
			"to": [8, 9, 0.75],
			"faces": {
				"north": {"uv": [8, 7, 7, 16], "texture": "#side"},
				"east": {"uv": [7, 7, 8, 16], "texture": "#side"},
				"south": {"uv": [7, 7, 8, 16], "texture": "#side"},
				"west": {"uv": [7, 7, 8, 16], "texture": "#side"},
				"up": {"uv": [7, 7, 8, 8], "texture": "#side"},
				"down": {"uv": [7, 15, 8, 16], "texture": "#side"}
			}
		},
		{
			"name": "pale_moss_carpet_side_small_2",
			"from": [9, 8, 0],
			"to": [10, 9, 0.75],
			"faces": {
				"north": {"uv": [10, 7, 9, 8], "texture": "#side"},
				"east": {"uv": [9, 7, 10, 8], "texture": "#side"},
				"south": {"uv": [9, 7, 10, 8], "texture": "#side"},
				"west": {"uv": [9, 7, 10, 8], "texture": "#side"},
				"up": {"uv": [9, 7, 10, 8], "texture": "#side"},
				"down": {"uv": [9, 7, 10, 8], "texture": "#side"}
			}
		},
		{
			"name": "pale_moss_carpet_side_small_3",
			"from": [2, 7, 0],
			"to": [4, 8, 0.75],
			"faces": {
				"north": {"uv": [4, 8, 2, 9], "texture": "#side"},
				"east": {"uv": [3, 8, 4, 9], "texture": "#side"},
				"south": {"uv": [2, 8, 4, 9], "texture": "#side"},
				"west": {"uv": [2, 8, 3, 9], "texture": "#side"},
				"up": {"uv": [2, 8, 4, 9], "texture": "#side"},
				"down": {"uv": [2, 8, 4, 9], "texture": "#side"}
			}
		},
		{
			"name": "pale_moss_carpet_side_small_4",
			"from": [12, 7, 0],
			"to": [14, 8, 0.75],
			"faces": {
				"north": {"uv": [14, 8, 12, 9], "texture": "#side"},
				"east": {"uv": [13, 8, 14, 9], "texture": "#side"},
				"south": {"uv": [12, 8, 14, 9], "texture": "#side"},
				"west": {"uv": [12, 8, 13, 9], "texture": "#side"},
				"up": {"uv": [12, 8, 14, 9], "texture": "#side"},
				"down": {"uv": [12, 8, 14, 9], "texture": "#side"}
			}
		},
		{
			"name": "pale_moss_carpet_side_small_5",
			"from": [1, 6, 0],
			"to": [2, 7, 0.75],
			"faces": {
				"north": {"uv": [2, 9, 1, 10], "texture": "#side"},
				"east": {"uv": [1, 9, 2, 10], "texture": "#side"},
				"south": {"uv": [1, 9, 2, 10], "texture": "#side"},
				"west": {"uv": [1, 9, 2, 10], "texture": "#side"},
				"up": {"uv": [1, 9, 2, 10], "texture": "#side"},
				"down": {"uv": [1, 9, 2, 10], "texture": "#side"}
			}
		},
		{
			"name": "pale_moss_carpet_side_small_6",
			"from": [4, 4, 0],
			"to": [5, 7, 0.75],
			"faces": {
				"north": {"uv": [5, 9, 4, 12], "texture": "#side"},
				"east": {"uv": [4, 9, 5, 12], "texture": "#side"},
				"south": {"uv": [4, 9, 5, 12], "texture": "#side"},
				"west": {"uv": [4, 9, 5, 12], "texture": "#side"},
				"up": {"uv": [4, 9, 5, 10], "texture": "#side"},
				"down": {"uv": [4, 11, 5, 12], "texture": "#side"}
			}
		},
		{
			"name": "pale_moss_carpet_side_small_7",
			"from": [6, 6, 0],
			"to": [7, 7, 0.75],
			"faces": {
				"north": {"uv": [7, 9, 6, 10], "texture": "#side"},
				"east": {"uv": [6, 9, 7, 10], "texture": "#side"},
				"south": {"uv": [6, 9, 7, 10], "texture": "#side"},
				"west": {"uv": [6, 9, 7, 10], "texture": "#side"},
				"up": {"uv": [6, 9, 7, 10], "texture": "#side"},
				"down": {"uv": [6, 9, 7, 10], "texture": "#side"}
			}
		},
		{
			"name": "pale_moss_carpet_side_small_8",
			"from": [10, 6, 0],
			"to": [12, 7, 0.75],
			"faces": {
				"north": {"uv": [12, 9, 10, 10], "texture": "#side"},
				"east": {"uv": [11, 9, 12, 10], "texture": "#side"},
				"south": {"uv": [10, 9, 12, 10], "texture": "#side"},
				"west": {"uv": [10, 9, 11, 10], "texture": "#side"},
				"up": {"uv": [10, 9, 12, 10], "texture": "#side"},
				"down": {"uv": [10, 9, 12, 10], "texture": "#side"}
			}
		},
		{
			"name": "pale_moss_carpet_side_small_9",
			"from": [14, 5, 0],
			"to": [15, 7, 0.75],
			"faces": {
				"north": {"uv": [15, 9, 14, 11], "texture": "#side"},
				"east": {"uv": [14, 9, 15, 11], "texture": "#side"},
				"south": {"uv": [14, 9, 15, 11], "texture": "#side"},
				"west": {"uv": [14, 9, 15, 11], "texture": "#side"},
				"up": {"uv": [14, 9, 15, 10], "texture": "#side"},
				"down": {"uv": [14, 10, 15, 11], "texture": "#side"}
			}
		},
		{
			"name": "pale_moss_carpet_side_small_10",
			"from": [10, 2, 0],
			"to": [11, 6, 0.75],
			"faces": {
				"north": {"uv": [11, 10, 10, 14], "texture": "#side"},
				"east": {"uv": [10, 10, 11, 14], "texture": "#side"},
				"south": {"uv": [10, 10, 11, 14], "texture": "#side"},
				"west": {"uv": [10, 10, 11, 14], "texture": "#side"},
				"up": {"uv": [10, 10, 11, 11], "texture": "#side"},
				"down": {"uv": [10, 13, 11, 14], "texture": "#side"}
			}
		},
		{
			"name": "pale_moss_carpet_side_small_11",
			"from": [8, 4, 0],
			"to": [10, 5, 0.75],
			"faces": {
				"north": {"uv": [10, 11, 8, 12], "texture": "#side"},
				"east": {"uv": [9, 11, 10, 12], "texture": "#side"},
				"south": {"uv": [8, 11, 10, 12], "texture": "#side"},
				"west": {"uv": [8, 11, 9, 12], "texture": "#side"},
				"up": {"uv": [8, 11, 10, 12], "texture": "#side"},
				"down": {"uv": [8, 11, 10, 12], "texture": "#side"}
			}
		},
		{
			"name": "pale_moss_carpet_side_small_12",
			"from": [2, 2, 0],
			"to": [4, 4, 0.75],
			"faces": {
				"north": {"uv": [4, 12, 2, 14], "texture": "#side"},
				"east": {"uv": [3, 12, 4, 14], "texture": "#side"},
				"south": {"uv": [2, 12, 4, 14], "texture": "#side"},
				"west": {"uv": [2, 12, 3, 14], "texture": "#side"},
				"up": {"uv": [2, 12, 4, 13], "texture": "#side"},
				"down": {"uv": [2, 13, 4, 14], "texture": "#side"}
			}
		},
		{
			"name": "pale_moss_carpet_side_small_13",
			"from": [1, 2, 0],
			"to": [2, 3, 0.75],
			"faces": {
				"north": {"uv": [2, 13, 1, 14], "texture": "#side"},
				"east": {"uv": [1, 13, 2, 14], "texture": "#side"},
				"south": {"uv": [1, 13, 2, 14], "texture": "#side"},
				"west": {"uv": [1, 13, 2, 14], "texture": "#side"},
				"up": {"uv": [1, 13, 2, 14], "texture": "#side"},
				"down": {"uv": [1, 13, 2, 14], "texture": "#side"}
			}
		},
		{
			"name": "pale_moss_carpet_side_small_14",
			"from": [5, 2, 0],
			"to": [7, 3, 0.75],
			"faces": {
				"north": {"uv": [7, 13, 5, 14], "texture": "#side"},
				"east": {"uv": [6, 13, 7, 14], "texture": "#side"},
				"south": {"uv": [5, 13, 7, 14], "texture": "#side"},
				"west": {"uv": [5, 13, 6, 14], "texture": "#side"},
				"up": {"uv": [5, 13, 7, 14], "texture": "#side"},
				"down": {"uv": [5, 13, 7, 14], "texture": "#side"}
			}
		},
		{
			"name": "pale_moss_carpet_side_small_15",
			"from": [13, 2, 0],
			"to": [14, 3, 0.75],
			"faces": {
				"north": {"uv": [14, 13, 13, 14], "texture": "#side"},
				"east": {"uv": [13, 13, 14, 14], "texture": "#side"},
				"south": {"uv": [13, 13, 14, 14], "texture": "#side"},
				"west": {"uv": [13, 13, 14, 14], "texture": "#side"},
				"up": {"uv": [13, 13, 14, 14], "texture": "#side"},
				"down": {"uv": [13, 13, 14, 14], "texture": "#side"}
			}
		},
		{
			"name": "pale_moss_carpet_side_small_16",
			"from": [0, 1, 0],
			"to": [1, 2, 0.75],
			"faces": {
				"north": {"uv": [1, 14, 0, 15], "texture": "#side"},
				"east": {"uv": [0, 14, 1, 15], "texture": "#side"},
				"south": {"uv": [0, 14, 1, 15], "texture": "#side"},
				"west": {"uv": [0, 14, 1, 15], "texture": "#side"},
				"up": {"uv": [0, 14, 1, 15], "texture": "#side"},
				"down": {"uv": [0, 14, 1, 15], "texture": "#side"}
			}
		},
		{
			"name": "pale_moss_carpet_side_small_17",
			"from": [3, 1, 0],
			"to": [4, 2, 0.75],
			"faces": {
				"north": {"uv": [4, 14, 3, 15], "texture": "#side"},
				"east": {"uv": [3, 14, 4, 15], "texture": "#side"},
				"south": {"uv": [3, 14, 4, 15], "texture": "#side"},
				"west": {"uv": [3, 14, 4, 15], "texture": "#side"},
				"up": {"uv": [3, 14, 4, 15], "texture": "#side"},
				"down": {"uv": [3, 14, 4, 15], "texture": "#side"}
			}
		},
		{
			"name": "pale_moss_carpet_side_small_18",
			"from": [5, 1, 0],
			"to": [6, 2, 0.75],
			"faces": {
				"north": {"uv": [6, 14, 5, 15], "texture": "#side"},
				"east": {"uv": [5, 14, 6, 15], "texture": "#side"},
				"south": {"uv": [5, 14, 6, 15], "texture": "#side"},
				"west": {"uv": [5, 14, 6, 15], "texture": "#side"},
				"up": {"uv": [5, 14, 6, 15], "texture": "#side"},
				"down": {"uv": [5, 14, 6, 15], "texture": "#side"}
			}
		},
		{
			"name": "pale_moss_carpet_side_small_19",
			"from": [8, 1, 0],
			"to": [10, 2, 0.75],
			"faces": {
				"north": {"uv": [10, 14, 8, 15], "texture": "#side"},
				"east": {"uv": [9, 14, 10, 15], "texture": "#side"},
				"south": {"uv": [8, 14, 10, 15], "texture": "#side"},
				"west": {"uv": [8, 14, 9, 15], "texture": "#side"},
				"up": {"uv": [8, 14, 10, 15], "texture": "#side"},
				"down": {"uv": [8, 14, 10, 15], "texture": "#side"}
			}
		},
		{
			"name": "pale_moss_carpet_side_small_20",
			"from": [11, 1, 0],
			"to": [13, 2, 0.75],
			"faces": {
				"north": {"uv": [13, 14, 11, 15], "texture": "#side"},
				"east": {"uv": [12, 14, 13, 15], "texture": "#side"},
				"south": {"uv": [11, 14, 13, 15], "texture": "#side"},
				"west": {"uv": [11, 14, 12, 15], "texture": "#side"},
				"up": {"uv": [11, 14, 13, 15], "texture": "#side"},
				"down": {"uv": [11, 14, 13, 15], "texture": "#side"}
			}
		},
		{
			"name": "pale_moss_carpet_side_small_21",
			"from": [14, 1, 0],
			"to": [15, 2, 0.75],
			"faces": {
				"north": {"uv": [15, 14, 14, 15], "texture": "#side"},
				"east": {"uv": [14, 14, 15, 15], "texture": "#side"},
				"south": {"uv": [14, 14, 15, 15], "texture": "#side"},
				"west": {"uv": [14, 14, 15, 15], "texture": "#side"},
				"up": {"uv": [14, 14, 15, 15], "texture": "#side"},
				"down": {"uv": [14, 14, 15, 15], "texture": "#side"}
			}
		},
		{
			"name": "pale_moss_carpet_side_small_22",
			"from": [4, 0, 0],
			"to": [5, 1, 0.75],
			"faces": {
				"north": {"uv": [5, 15, 4, 16], "texture": "#side"},
				"east": {"uv": [4, 15, 5, 16], "texture": "#side"},
				"south": {"uv": [4, 15, 5, 16], "texture": "#side"},
				"west": {"uv": [4, 15, 5, 16], "texture": "#side"},
				"up": {"uv": [4, 15, 5, 16], "texture": "#side"},
				"down": {"uv": [4, 15, 5, 16], "texture": "#side"}
			}
		},
		{
			"name": "pale_moss_carpet_side_small_23",
			"from": [8, 0, 0],
			"to": [9, 1, 0.75],
			"faces": {
				"north": {"uv": [9, 15, 8, 16], "texture": "#side"},
				"east": {"uv": [8, 15, 9, 16], "texture": "#side"},
				"south": {"uv": [8, 15, 9, 16], "texture": "#side"},
				"west": {"uv": [8, 15, 9, 16], "texture": "#side"},
				"up": {"uv": [8, 15, 9, 16], "texture": "#side"},
				"down": {"uv": [8, 15, 9, 16], "texture": "#side"}
			}
		},
		{
			"name": "pale_moss_carpet_side_small_24",
			"from": [10, 0, 0],
			"to": [12, 1, 0.75],
			"faces": {
				"north": {"uv": [12, 15, 10, 16], "texture": "#side"},
				"east": {"uv": [11, 15, 12, 16], "texture": "#side"},
				"south": {"uv": [10, 15, 12, 16], "texture": "#side"},
				"west": {"uv": [10, 15, 11, 16], "texture": "#side"},
				"up": {"uv": [10, 15, 12, 16], "texture": "#side"},
				"down": {"uv": [10, 15, 12, 16], "texture": "#side"}
			}
		}
	],
	"groups": [
		{
			"name": "pale_moss_carpet_side_small",
			"origin": [8, 8, 8],
			"color": 0,
			"children": [0, 1, 2, 3, 4, 5, 6, 7, 8, 9, 10, 11, 12, 13, 14, 15, 16, 17, 18, 19, 20, 21, 22, 23, 24]
		}
	]
}