{
	"credit": "Made with Blockbench",
	"parent": "minecraft:block/mossy_carpet_side",
	"textures": {
		"side": "block/pale_moss_carpet_side_tall"
	},
	"elements": [
		{
			"name": "pale_moss_carpet_side_tall_0",
			"from": [2, 15, 0],
			"to": [5, 16, 0.75],
			"faces": {
				"north": {"uv": [5, 0, 2, 1], "texture": "#side"},
				"east": {"uv": [4, 0, 5, 1], "texture": "#side"},
				"south": {"uv": [2, 0, 5, 1], "texture": "#side"},
				"west": {"uv": [2, 0, 3, 1], "texture": "#side"},
				"up": {"uv": [2, 0, 5, 1], "texture": "#side"},
				"down": {"uv": [2, 0, 5, 1], "texture": "#side"}
			}
		},
		{
			"name": "pale_moss_carpet_side_tall_1",
			"from": [7, 15, 0],
			"to": [8, 16, 0.75],
			"faces": {
				"north": {"uv": [8, 0, 7, 1], "texture": "#side"},
				"east": {"uv": [7, 0, 8, 1], "texture": "#side"},
				"south": {"uv": [7, 0, 8, 1], "texture": "#side"},
				"west": {"uv": [7, 0, 8, 1], "texture": "#side"},
				"up": {"uv": [7, 0, 8, 1], "texture": "#side"},
				"down": {"uv": [7, 0, 8, 1], "texture": "#side"}
			}
		},
		{
			"name": "pale_moss_carpet_side_tall_2",
			"from": [12, 9, 0],
			"to": [13, 16, 0.75],
			"faces": {
				"north": {"uv": [13, 0, 12, 7], "texture": "#side"},
				"east": {"uv": [12, 0, 13, 7], "texture": "#side"},
				"south": {"uv": [12, 0, 13, 7], "texture": "#side"},
				"west": {"uv": [12, 0, 13, 7], "texture": "#side"},
				"up": {"uv": [12, 0, 13, 1], "texture": "#side"},
				"down": {"uv": [12, 6, 13, 7], "texture": "#side"}
			}
		},
		{
			"name": "pale_moss_carpet_side_tall_3",
			"from": [3, 14, 0],
			"to": [5, 15, 0.75],
			"faces": {
				"north": {"uv": [5, 1, 3, 2], "texture": "#side"},
				"east": {"uv": [4, 1, 5, 2], "texture": "#side"},
				"south": {"uv": [3, 1, 5, 2], "texture": "#side"},
				"west": {"uv": [3, 1, 4, 2], "texture": "#side"},
				"up": {"uv": [3, 1, 5, 2], "texture": "#side"},
				"down": {"uv": [3, 1, 5, 2], "texture": "#side"}
			}
		},
		{
			"name": "pale_moss_carpet_side_tall_4",
			"from": [8, 14, 0],
			"to": [9, 15, 0.75],
			"faces": {
				"north": {"uv": [9, 1, 8, 2], "texture": "#side"},
				"east": {"uv": [8, 1, 9, 2], "texture": "#side"},
				"south": {"uv": [8, 1, 9, 2], "texture": "#side"},
				"west": {"uv": [8, 1, 9, 2], "texture": "#side"},
				"up": {"uv": [8, 1, 9, 2], "texture": "#side"},
				"down": {"uv": [8, 1, 9, 2], "texture": "#side"}
			}
		},
		{
			"name": "pale_moss_carpet_side_tall_5",
			"from": [10, 14, 0],
			"to": [12, 15, 0.75],
			"faces": {
				"north": {"uv": [12, 1, 10, 2], "texture": "#side"},
				"east": {"uv": [11, 1, 12, 2], "texture": "#side"},
				"south": {"uv": [10, 1, 12, 2], "texture": "#side"},
				"west": {"uv": [10, 1, 11, 2], "texture": "#side"},
				"up": {"uv": [10, 1, 12, 2], "texture": "#side"},
				"down": {"uv": [10, 1, 12, 2], "texture": "#side"}
			}
		},
		{
			"name": "pale_moss_carpet_side_tall_6",
			"from": [13, 14, 0],
			"to": [14, 15, 0.75],
			"faces": {
				"north": {"uv": [14, 1, 13, 2], "texture": "#side"},
				"east": {"uv": [13, 1, 14, 2], "texture": "#side"},
				"south": {"uv": [13, 1, 14, 2], "texture": "#side"},
				"west": {"uv": [13, 1, 14, 2], "texture": "#side"},
				"up": {"uv": [13, 1, 14, 2], "texture": "#side"},
				"down": {"uv": [13, 1, 14, 2], "texture": "#side"}
			}
		},
		{
			"name": "pale_moss_carpet_side_tall_7",
			"from": [1, 13, 0],
			"to": [2, 14, 0.75],
			"faces": {
				"north": {"uv": [2, 2, 1, 3], "texture": "#side"},
				"east": {"uv": [1, 2, 2, 3], "texture": "#side"},
				"south": {"uv": [1, 2, 2, 3], "texture": "#side"},
				"west": {"uv": [1, 2, 2, 3], "texture": "#side"},
				"up": {"uv": [1, 2, 2, 3], "texture": "#side"},
				"down": {"uv": [1, 2, 2, 3], "texture": "#side"}
			}
		},
		{
			"name": "pale_moss_carpet_side_tall_8",
			"from": [4, 11, 0],
			"to": [5, 14, 0.75],
			"faces": {
				"north": {"uv": [5, 2, 4, 5], "texture": "#side"},
				"east": {"uv": [4, 2, 5, 5], "texture": "#side"},
				"south": {"uv": [4, 2, 5, 5], "texture": "#side"},
				"west": {"uv": [4, 2, 5, 5], "texture": "#side"},
				"up": {"uv": [4, 2, 5, 3], "texture": "#side"},
				"down": {"uv": [4, 4, 5, 5], "texture": "#side"}
			}
		},
		{
			"name": "pale_moss_carpet_side_tall_9",
			"from": [6, 13, 0],
			"to": [8, 14, 0.75],
			"faces": {
				"north": {"uv": [8, 2, 6, 3], "texture": "#side"},
				"east": {"uv": [7, 2, 8, 3], "texture": "#side"},
				"south": {"uv": [6, 2, 8, 3], "texture": "#side"},
				"west": {"uv": [6, 2, 7, 3], "texture": "#side"},
				"up": {"uv": [6, 2, 8, 3], "texture": "#side"},
				"down": {"uv": [6, 2, 8, 3], "texture": "#side"}
			}
		},
		{
			"name": "pale_moss_carpet_side_tall_10",
			"from": [9, 13, 0],
			"to": [11, 14, 0.75],
			"faces": {
				"north": {"uv": [11, 2, 9, 3], "texture": "#side"},
				"east": {"uv": [10, 2, 11, 3], "texture": "#side"},
				"south": {"uv": [9, 2, 11, 3], "texture": "#side"},
				"west": {"uv": [9, 2, 10, 3], "texture": "#side"},
				"up": {"uv": [9, 2, 11, 3], "texture": "#side"},
				"down": {"uv": [9, 2, 11, 3], "texture": "#side"}
			}
		},
		{
			"name": "pale_moss_carpet_side_tall_11",
			"from": [14, 13, 0],
			"to": [15, 14, 0.75],
			"faces": {
				"north": {"uv": [15, 2, 14, 3], "texture": "#side"},
				"east": {"uv": [14, 2, 15, 3], "texture": "#side"},
				"south": {"uv": [14, 2, 15, 3], "texture": "#side"},
				"west": {"uv": [14, 2, 15, 3], "texture": "#side"},
				"up": {"uv": [14, 2, 15, 3], "texture": "#side"},
				"down": {"uv": [14, 2, 15, 3], "texture": "#side"}
			}
		},
		{
			"name": "pale_moss_carpet_side_tall_12",
			"from": [0, 12, 0],
			"to": [1, 13, 0.75],
			"faces": {
				"north": {"uv": [1, 3, 0, 4], "texture": "#side"},
				"east": {"uv": [0, 3, 1, 4], "texture": "#side"},
				"south": {"uv": [0, 3, 1, 4], "texture": "#side"},
				"west": {"uv": [0, 3, 1, 4], "texture": "#side"},
				"up": {"uv": [0, 3, 1, 4], "texture": "#side"},
				"down": {"uv": [0, 3, 1, 4], "texture": "#side"}
			}
		},
		{
			"name": "pale_moss_carpet_side_tall_13",
			"from": [2, 11, 0],
			"to": [3, 13, 0.75],
			"faces": {
				"north": {"uv": [3, 3, 2, 5], "texture": "#side"},
				"east": {"uv": [2, 3, 3, 5], "texture": "#side"},
				"south": {"uv": [2, 3, 3, 5], "texture": "#side"},
				"west": {"uv": [2, 3, 3, 5], "texture": "#side"},
				"up": {"uv": [2, 3, 3, 4], "texture": "#side"},
				"down": {"uv": [2, 4, 3, 5], "texture": "#side"}
			}
		},
		{
			"name": "pale_moss_carpet_side_tall_14",
			"from": [6, 12, 0],
			"to": [7, 13, 0.75],
			"faces": {
				"north": {"uv": [7, 3, 6, 4], "texture": "#side"},
				"east": {"uv": [6, 3, 7, 4], "texture": "#side"},
				"south": {"uv": [6, 3, 7, 4], "texture": "#side"},
				"west": {"uv": [6, 3, 7, 4], "texture": "#side"},
				"up": {"uv": [6, 3, 7, 4], "texture": "#side"},
				"down": {"uv": [6, 3, 7, 4], "texture": "#side"}
			}
		},
		{
			"name": "pale_moss_carpet_side_tall_15",
			"from": [8, 12, 0],
			"to": [10, 13, 0.75],
			"faces": {
				"north": {"uv": [10, 3, 8, 4], "texture": "#side"},
				"east": {"uv": [9, 3, 10, 4], "texture": "#side"},
				"south": {"uv": [8, 3, 10, 4], "texture": "#side"},
				"west": {"uv": [8, 3, 9, 4], "texture": "#side"},
				"up": {"uv": [8, 3, 10, 4], "texture": "#side"},
				"down": {"uv": [8, 3, 10, 4], "texture": "#side"}
			}
		},
		{
			"name": "pale_moss_carpet_side_tall_16",
			"from": [9, 11, 0],
			"to": [10, 12, 0.75],
			"faces": {
				"north": {"uv": [10, 4, 9, 5], "texture": "#side"},
				"east": {"uv": [9, 4, 10, 5], "texture": "#side"},
				"south": {"uv": [9, 4, 10, 5], "texture": "#side"},
				"west": {"uv": [9, 4, 10, 5], "texture": "#side"},
				"up": {"uv": [9, 4, 10, 5], "texture": "#side"},
				"down": {"uv": [9, 4, 10, 5], "texture": "#side"}
			}
		},
		{
			"name": "pale_moss_carpet_side_tall_17",
			"from": [11, 11, 0],
			"to": [12, 12, 0.75],
			"faces": {
				"north": {"uv": [12, 4, 11, 5], "texture": "#side"},
				"east": {"uv": [11, 4, 12, 5], "texture": "#side"},
				"south": {"uv": [11, 4, 12, 5], "texture": "#side"},
				"west": {"uv": [11, 4, 12, 5], "texture": "#side"},
				"up": {"uv": [11, 4, 12, 5], "texture": "#side"},
				"down": {"uv": [11, 4, 12, 5], "texture": "#side"}
			}
		},
		{
			"name": "pale_moss_carpet_side_tall_18",
			"from": [1, 10, 0],
			"to": [2, 11, 0.75],
			"faces": {
				"north": {"uv": [2, 5, 1, 6], "texture": "#side"},
				"east": {"uv": [1, 5, 2, 6], "texture": "#side"},
				"south": {"uv": [1, 5, 2, 6], "texture": "#side"},
				"west": {"uv": [1, 5, 2, 6], "texture": "#side"},
				"up": {"uv": [1, 5, 2, 6], "texture": "#side"},
				"down": {"uv": [1, 5, 2, 6], "texture": "#side"}
			}
		},
		{
			"name": "pale_moss_carpet_side_tall_19",
			"from": [3, 10, 0],
			"to": [4, 11, 0.75],
			"faces": {
				"north": {"uv": [4, 5, 3, 6], "texture": "#side"},
				"east": {"uv": [3, 5, 4, 6], "texture": "#side"},
				"south": {"uv": [3, 5, 4, 6], "texture": "#side"},
				"west": {"uv": [3, 5, 4, 6], "texture": "#side"},
				"up": {"uv": [3, 5, 4, 6], "texture": "#side"},
				"down": {"uv": [3, 5, 4, 6], "texture": "#side"}
			}
		},
		{
			"name": "pale_moss_carpet_side_tall_20",
			"from": [5, 10, 0],
			"to": [7, 11, 0.75],
			"faces": {
				"north": {"uv": [7, 5, 5, 6], "texture": "#side"},
				"east": {"uv": [6, 5, 7, 6], "texture": "#side"},
				"south": {"uv": [5, 5, 7, 6], "texture": "#side"},
				"west": {"uv": [5, 5, 6, 6], "texture": "#side"},
				"up": {"uv": [5, 5, 7, 6], "texture": "#side"},
				"down": {"uv": [5, 5, 7, 6], "texture": "#side"}
			}
		},
		{
			"name": "pale_moss_carpet_side_tall_21",
			"from": [8, 10, 0],
			"to": [9, 11, 0.75],
			"faces": {
				"north": {"uv": [9, 5, 8, 6], "texture": "#side"},
				"east": {"uv": [8, 5, 9, 6], "texture": "#side"},
				"south": {"uv": [8, 5, 9, 6], "texture": "#side"},
				"west": {"uv": [8, 5, 9, 6], "texture": "#side"},
				"up": {"uv": [8, 5, 9, 6], "texture": "#side"},
				"down": {"uv": [8, 5, 9, 6], "texture": "#side"}
			}
		},
		{
			"name": "pale_moss_carpet_side_tall_22",
			"from": [13, 10, 0],
			"to": [15, 11, 0.75],
			"faces": {
				"north": {"uv": [15, 5, 13, 6], "texture": "#side"},
				"east": {"uv": [14, 5, 15, 6], "texture": "#side"},
				"south": {"uv": [13, 5, 15, 6], "texture": "#side"},
				"west": {"uv": [13, 5, 14, 6], "texture": "#side"},
				"up": {"uv": [13, 5, 15, 6], "texture": "#side"},
				"down": {"uv": [13, 5, 15, 6], "texture": "#side"}
			}
		},
		{
			"name": "pale_moss_carpet_side_tall_23",
			"from": [2, 7, 0],
			"to": [3, 10, 0.75],
			"faces": {
				"north": {"uv": [3, 6, 2, 9], "texture": "#side"},
				"east": {"uv": [2, 6, 3, 9], "texture": "#side"},
				"south": {"uv": [2, 6, 3, 9], "texture": "#side"},
				"west": {"uv": [2, 6, 3, 9], "texture": "#side"},
				"up": {"uv": [2, 6, 3, 7], "texture": "#side"},
				"down": {"uv": [2, 8, 3, 9], "texture": "#side"}
			}
		},
		{
			"name": "pale_moss_carpet_side_tall_24",
			"from": [4, 9, 0],
			"to": [6, 10, 0.75],
			"faces": {
				"north": {"uv": [6, 6, 4, 7], "texture": "#side"},
				"east": {"uv": [5, 6, 6, 7], "texture": "#side"},
				"south": {"uv": [4, 6, 6, 7], "texture": "#side"},
				"west": {"uv": [4, 6, 5, 7], "texture": "#side"},
				"up": {"uv": [4, 6, 6, 7], "texture": "#side"},
				"down": {"uv": [4, 6, 6, 7], "texture": "#side"}
			}
		},
		{
			"name": "pale_moss_carpet_side_tall_25",
			"from": [7, 1, 0],
			"to": [8, 10, 0.75],
			"faces": {
				"north": {"uv": [8, 6, 7, 15], "texture": "#side"},
				"east": {"uv": [7, 6, 8, 15], "texture": "#side"},
				"south": {"uv": [7, 6, 8, 15], "texture": "#side"},
				"west": {"uv": [7, 6, 8, 15], "texture": "#side"},
				"up": {"uv": [7, 6, 8, 7], "texture": "#side"},
				"down": {"uv": [7, 14, 8, 15], "texture": "#side"}
			}
		},
		{
			"name": "pale_moss_carpet_side_tall_26",
			"from": [9, 9, 0],
			"to": [11, 10, 0.75],
			"faces": {
				"north": {"uv": [11, 6, 9, 7], "texture": "#side"},
				"east": {"uv": [10, 6, 11, 7], "texture": "#side"},
				"south": {"uv": [9, 6, 11, 7], "texture": "#side"},
				"west": {"uv": [9, 6, 10, 7], "texture": "#side"},
				"up": {"uv": [9, 6, 11, 7], "texture": "#side"},
				"down": {"uv": [9, 6, 11, 7], "texture": "#side"}
			}
		},
		{
			"name": "pale_moss_carpet_side_tall_27",
			"from": [15, 8, 0],
			"to": [16, 10, 0.75],
			"faces": {
				"north": {"uv": [16, 6, 15, 8], "texture": "#side"},
				"east": {"uv": [15, 6, 16, 8], "texture": "#side"},
				"south": {"uv": [15, 6, 16, 8], "texture": "#side"},
				"west": {"uv": [15, 6, 16, 8], "texture": "#side"},
				"up": {"uv": [15, 6, 16, 7], "texture": "#side"},
				"down": {"uv": [15, 7, 16, 8], "texture": "#side"}
			}
		},
		{
			"name": "pale_moss_carpet_side_tall_28",
			"from": [3, 8, 0],
			"to": [4, 9, 0.75],
			"faces": {
				"north": {"uv": [4, 7, 3, 8], "texture": "#side"},
				"east": {"uv": [3, 7, 4, 8], "texture": "#side"},
				"south": {"uv": [3, 7, 4, 8], "texture": "#side"},
				"west": {"uv": [3, 7, 4, 8], "texture": "#side"},
				"up": {"uv": [3, 7, 4, 8], "texture": "#side"},
				"down": {"uv": [3, 7, 4, 8], "texture": "#side"}
			}
		},
		{
			"name": "pale_moss_carpet_side_tall_29",
			"from": [6, 8, 0],
			"to": [7, 9, 0.75],
			"faces": {
				"north": {"uv": [7, 7, 6, 8], "texture": "#side"},
				"east": {"uv": [6, 7, 7, 8], "texture": "#side"},
				"south": {"uv": [6, 7, 7, 8], "texture": "#side"},
				"west": {"uv": [6, 7, 7, 8], "texture": "#side"},
				"up": {"uv": [6, 7, 7, 8], "texture": "#side"},
				"down": {"uv": [6, 7, 7, 8], "texture": "#side"}
			}
		},
		{
			"name": "pale_moss_carpet_side_tall_30",
			"from": [8, 8, 0],
			"to": [9, 9, 0.75],
			"faces": {
				"north": {"uv": [9, 7, 8, 8], "texture": "#side"},
				"east": {"uv": [8, 7, 9, 8], "texture": "#side"},
				"south": {"uv": [8, 7, 9, 8], "texture": "#side"},
				"west": {"uv": [8, 7, 9, 8], "texture": "#side"},
				"up": {"uv": [8, 7, 9, 8], "texture": "#side"},
				"down": {"uv": [8, 7, 9, 8], "texture": "#side"}
			}
		},
		{
			"name": "pale_moss_carpet_side_tall_31",
			"from": [11, 7, 0],
			"to": [12, 9, 0.75],
			"faces": {
				"north": {"uv": [12, 7, 11, 9], "texture": "#side"},
				"east": {"uv": [11, 7, 12, 9], "texture": "#side"},
				"south": {"uv": [11, 7, 12, 9], "texture": "#side"},
				"west": {"uv": [11, 7, 12, 9], "texture": "#side"},
				"up": {"uv": [11, 7, 12, 8], "texture": "#side"},
				"down": {"uv": [11, 8, 12, 9], "texture": "#side"}
			}
		},
		{
			"name": "pale_moss_carpet_side_tall_32",
			"from": [13, 6, 0],
			"to": [14, 9, 0.75],
			"faces": {
				"north": {"uv": [14, 7, 13, 10], "texture": "#side"},
				"east": {"uv": [13, 7, 14, 10], "texture": "#side"},
				"south": {"uv": [13, 7, 14, 10], "texture": "#side"},
				"west": {"uv": [13, 7, 14, 10], "texture": "#side"},
				"up": {"uv": [13, 7, 14, 8], "texture": "#side"},
				"down": {"uv": [13, 9, 14, 10], "texture": "#side"}
			}
		},
		{
			"name": "pale_moss_carpet_side_tall_33",
			"from": [1, 7, 0],
			"to": [2, 8, 0.75],
			"faces": {
				"north": {"uv": [2, 8, 1, 9], "texture": "#side"},
				"east": {"uv": [1, 8, 2, 9], "texture": "#side"},
				"south": {"uv": [1, 8, 2, 9], "texture": "#side"},
				"west": {"uv": [1, 8, 2, 9], "texture": "#side"},
				"up": {"uv": [1, 8, 2, 9], "texture": "#side"},
				"down": {"uv": [1, 8, 2, 9], "texture": "#side"}
			}
		},
		{
			"name": "pale_moss_carpet_side_tall_34",
			"from": [5, 5, 0],
			"to": [6, 8, 0.75],
			"faces": {
				"north": {"uv": [6, 8, 5, 11], "texture": "#side"},
				"east": {"uv": [5, 8, 6, 11], "texture": "#side"},
				"south": {"uv": [5, 8, 6, 11], "texture": "#side"},
				"west": {"uv": [5, 8, 6, 11], "texture": "#side"},
				"up": {"uv": [5, 8, 6, 9], "texture": "#side"},
				"down": {"uv": [5, 10, 6, 11], "texture": "#side"}
			}
		},
		{
			"name": "pale_moss_carpet_side_tall_35",
			"from": [10, 5, 0],
			"to": [11, 8, 0.75],
			"faces": {
				"north": {"uv": [11, 8, 10, 11], "texture": "#side"},
				"east": {"uv": [10, 8, 11, 11], "texture": "#side"},
				"south": {"uv": [10, 8, 11, 11], "texture": "#side"},
				"west": {"uv": [10, 8, 11, 11], "texture": "#side"},
				"up": {"uv": [10, 8, 11, 9], "texture": "#side"},
				"down": {"uv": [10, 10, 11, 11], "texture": "#side"}
			}
		},
		{
			"name": "pale_moss_carpet_side_tall_36",
			"from": [0, 6, 0],
			"to": [1, 7, 0.75],
			"faces": {
				"north": {"uv": [1, 9, 0, 10], "texture": "#side"},
				"east": {"uv": [0, 9, 1, 10], "texture": "#side"},
				"south": {"uv": [0, 9, 1, 10], "texture": "#side"},
				"west": {"uv": [0, 9, 1, 10], "texture": "#side"},
				"up": {"uv": [0, 9, 1, 10], "texture": "#side"},
				"down": {"uv": [0, 9, 1, 10], "texture": "#side"}
			}
		},
		{
			"name": "pale_moss_carpet_side_tall_37",
			"from": [3, 6, 0],
			"to": [4, 7, 0.75],
			"faces": {
				"north": {"uv": [4, 9, 3, 10], "texture": "#side"},
				"east": {"uv": [3, 9, 4, 10], "texture": "#side"},
				"south": {"uv": [3, 9, 4, 10], "texture": "#side"},
				"west": {"uv": [3, 9, 4, 10], "texture": "#side"},
				"up": {"uv": [3, 9, 4, 10], "texture": "#side"},
				"down": {"uv": [3, 9, 4, 10], "texture": "#side"}
			}
		},
		{
			"name": "pale_moss_carpet_side_tall_38",
			"from": [6, 6, 0],
			"to": [7, 7, 0.75],
			"faces": {
				"north": {"uv": [7, 9, 6, 10], "texture": "#side"},
				"east": {"uv": [6, 9, 7, 10], "texture": "#side"},
				"south": {"uv": [6, 9, 7, 10], "texture": "#side"},
				"west": {"uv": [6, 9, 7, 10], "texture": "#side"},
				"up": {"uv": [6, 9, 7, 10], "texture": "#side"},
				"down": {"uv": [6, 9, 7, 10], "texture": "#side"}
			}
		},
		{
			"name": "pale_moss_carpet_side_tall_39",
			"from": [8, 6, 0],
			"to": [10, 7, 0.75],
			"faces": {
				"north": {"uv": [10, 9, 8, 10], "texture": "#side"},
				"east": {"uv": [9, 9, 10, 10], "texture": "#side"},
				"south": {"uv": [8, 9, 10, 10], "texture": "#side"},
				"west": {"uv": [8, 9, 9, 10], "texture": "#side"},
				"up": {"uv": [8, 9, 10, 10], "texture": "#side"},
				"down": {"uv": [8, 9, 10, 10], "texture": "#side"}
			}
		},
		{
			"name": "pale_moss_carpet_side_tall_40",
			"from": [12, 0, 0],
			"to": [13, 7, 0.75],
			"faces": {
				"north": {"uv": [13, 9, 12, 16], "texture": "#side"},
				"east": {"uv": [12, 9, 13, 16], "texture": "#side"},
				"south": {"uv": [12, 9, 13, 16], "texture": "#side"},
				"west": {"uv": [12, 9, 13, 16], "texture": "#side"},
				"up": {"uv": [12, 9, 13, 10], "texture": "#side"},
				"down": {"uv": [12, 15, 13, 16], "texture": "#side"}
			}
		},
		{
			"name": "pale_moss_carpet_side_tall_41",
			"from": [4, 0, 0],
			"to": [5, 6, 0.75],
			"faces": {
				"north": {"uv": [5, 10, 4, 16], "texture": "#side"},
				"east": {"uv": [4, 10, 5, 16], "texture": "#side"},
				"south": {"uv": [4, 10, 5, 16], "texture": "#side"},
				"west": {"uv": [4, 10, 5, 16], "texture": "#side"},
				"up": {"uv": [4, 10, 5, 11], "texture": "#side"},
				"down": {"uv": [4, 15, 5, 16], "texture": "#side"}
			}
		},
		{
			"name": "pale_moss_carpet_side_tall_42",
			"from": [8, 5, 0],
			"to": [9, 6, 0.75],
			"faces": {
				"north": {"uv": [9, 10, 8, 11], "texture": "#side"},
				"east": {"uv": [8, 10, 9, 11], "texture": "#side"},
				"south": {"uv": [8, 10, 9, 11], "texture": "#side"},
				"west": {"uv": [8, 10, 9, 11], "texture": "#side"},
				"up": {"uv": [8, 10, 9, 11], "texture": "#side"},
				"down": {"uv": [8, 10, 9, 11], "texture": "#side"}
			}
		},
		{
			"name": "pale_moss_carpet_side_tall_43",
			"from": [11, 5, 0],
			"to": [12, 6, 0.75],
			"faces": {
				"north": {"uv": [12, 10, 11, 11], "texture": "#side"},
				"east": {"uv": [11, 10, 12, 11], "texture": "#side"},
				"south": {"uv": [11, 10, 12, 11], "texture": "#side"},
				"west": {"uv": [11, 10, 12, 11], "texture": "#side"},
				"up": {"uv": [11, 10, 12, 11], "texture": "#side"},
				"down": {"uv": [11, 10, 12, 11], "texture": "#side"}
			}
		},
		{
			"name": "pale_moss_carpet_side_tall_44",
			"from": [14, 5, 0],
			"to": [15, 6, 0.75],
			"faces": {
				"north": {"uv": [15, 10, 14, 11], "texture": "#side"},
				"east": {"uv": [14, 10, 15, 11], "texture": "#side"},
				"south": {"uv": [14, 10, 15, 11], "texture": "#side"},
				"west": {"uv": [14, 10, 15, 11], "texture": "#side"},
				"up": {"uv": [14, 10, 15, 11], "texture": "#side"},
				"down": {"uv": [14, 10, 15, 11], "texture": "#side"}
			}
		},
		{
			"name": "pale_moss_carpet_side_tall_45",
			"from": [2, 4, 0],
			"to": [4, 5, 0.75],
			"faces": {
				"north": {"uv": [4, 11, 2, 12], "texture": "#side"},
				"east": {"uv": [3, 11, 4, 12], "texture": "#side"},
				"south": {"uv": [2, 11, 4, 12], "texture": "#side"},
				"west": {"uv": [2, 11, 3, 12], "texture": "#side"},
				"up": {"uv": [2, 11, 4, 12], "texture": "#side"},
				"down": {"uv": [2, 11, 4, 12], "texture": "#side"}
			}
		},
		{
			"name": "pale_moss_carpet_side_tall_46",
			"from": [6, 0, 0],
			"to": [7, 5, 0.75],
			"faces": {
				"north": {"uv": [7, 11, 6, 16], "texture": "#side"},
				"east": {"uv": [6, 11, 7, 16], "texture": "#side"},
				"south": {"uv": [6, 11, 7, 16], "texture": "#side"},
				"west": {"uv": [6, 11, 7, 16], "texture": "#side"},
				"up": {"uv": [6, 11, 7, 12], "texture": "#side"},
				"down": {"uv": [6, 15, 7, 16], "texture": "#side"}
			}
		},
		{
			"name": "pale_moss_carpet_side_tall_47",
			"from": [9, 0, 0],
			"to": [10, 5, 0.75],
			"faces": {
				"north": {"uv": [10, 11, 9, 16], "texture": "#side"},
				"east": {"uv": [9, 11, 10, 16], "texture": "#side"},
				"south": {"uv": [9, 11, 10, 16], "texture": "#side"},
				"west": {"uv": [9, 11, 10, 16], "texture": "#side"},
				"up": {"uv": [9, 11, 10, 12], "texture": "#side"},
				"down": {"uv": [9, 15, 10, 16], "texture": "#side"}
			}
		},
		{
			"name": "pale_moss_carpet_side_tall_48",
			"from": [15, 4, 0],
			"to": [16, 5, 0.75],
			"faces": {
				"north": {"uv": [16, 11, 15, 12], "texture": "#side"},
				"east": {"uv": [15, 11, 16, 12], "texture": "#side"},
				"south": {"uv": [15, 11, 16, 12], "texture": "#side"},
				"west": {"uv": [15, 11, 16, 12], "texture": "#side"},
				"up": {"uv": [15, 11, 16, 12], "texture": "#side"},
				"down": {"uv": [15, 11, 16, 12], "texture": "#side"}
			}
		},
		{
			"name": "pale_moss_carpet_side_tall_49",
			"from": [1, 2, 0],
			"to": [2, 4, 0.75],
			"faces": {
				"north": {"uv": [2, 12, 1, 14], "texture": "#side"},
				"east": {"uv": [1, 12, 2, 14], "texture": "#side"},
				"south": {"uv": [1, 12, 2, 14], "texture": "#side"},
				"west": {"uv": [1, 12, 2, 14], "texture": "#side"},
				"up": {"uv": [1, 12, 2, 13], "texture": "#side"},
				"down": {"uv": [1, 13, 2, 14], "texture": "#side"}
			}
		},
		{
			"name": "pale_moss_carpet_side_tall_50",
			"from": [10, 3, 0],
			"to": [11, 4, 0.75],
			"faces": {
				"north": {"uv": [11, 12, 10, 13], "texture": "#side"},
				"east": {"uv": [10, 12, 11, 13], "texture": "#side"},
				"south": {"uv": [10, 12, 11, 13], "texture": "#side"},
				"west": {"uv": [10, 12, 11, 13], "texture": "#side"},
				"up": {"uv": [10, 12, 11, 13], "texture": "#side"},
				"down": {"uv": [10, 12, 11, 13], "texture": "#side"}
			}
		},
		{
			"name": "pale_moss_carpet_side_tall_51",
			"from": [14, 0, 0],
			"to": [15, 4, 0.75],
			"faces": {
				"north": {"uv": [15, 12, 14, 16], "texture": "#side"},
				"east": {"uv": [14, 12, 15, 16], "texture": "#side"},
				"south": {"uv": [14, 12, 15, 16], "texture": "#side"},
				"west": {"uv": [14, 12, 15, 16], "texture": "#side"},
				"up": {"uv": [14, 12, 15, 13], "texture": "#side"},
				"down": {"uv": [14, 15, 15, 16], "texture": "#side"}
			}
		},
		{
			"name": "pale_moss_carpet_side_tall_52",
			"from": [2, 0, 0],
			"to": [3, 3, 0.75],
			"faces": {
				"north": {"uv": [3, 13, 2, 16], "texture": "#side"},
				"east": {"uv": [2, 13, 3, 16], "texture": "#side"},
				"south": {"uv": [2, 13, 3, 16], "texture": "#side"},
				"west": {"uv": [2, 13, 3, 16], "texture": "#side"},
				"up": {"uv": [2, 13, 3, 14], "texture": "#side"},
				"down": {"uv": [2, 15, 3, 16], "texture": "#side"}
			}
		},
		{
			"name": "pale_moss_carpet_side_tall_53",
			"from": [5, 0, 0],
			"to": [6, 3, 0.75],
			"faces": {
				"north": {"uv": [6, 13, 5, 16], "texture": "#side"},
				"east": {"uv": [5, 13, 6, 16], "texture": "#side"},
				"south": {"uv": [5, 13, 6, 16], "texture": "#side"},
				"west": {"uv": [5, 13, 6, 16], "texture": "#side"},
				"up": {"uv": [5, 13, 6, 14], "texture": "#side"},
				"down": {"uv": [5, 15, 6, 16], "texture": "#side"}
			}
		},
		{
			"name": "pale_moss_carpet_side_tall_54",
			"from": [8, 0, 0],
			"to": [9, 3, 0.75],
			"faces": {
				"north": {"uv": [9, 13, 8, 16], "texture": "#side"},
				"east": {"uv": [8, 13, 9, 16], "texture": "#side"},
				"south": {"uv": [8, 13, 9, 16], "texture": "#side"},
				"west": {"uv": [8, 13, 9, 16], "texture": "#side"},
				"up": {"uv": [8, 13, 9, 14], "texture": "#side"},
				"down": {"uv": [8, 15, 9, 16], "texture": "#side"}
			}
		},
		{
			"name": "pale_moss_carpet_side_tall_55",
			"from": [11, 2, 0],
			"to": [12, 3, 0.75],
			"faces": {
				"north": {"uv": [12, 13, 11, 14], "texture": "#side"},
				"east": {"uv": [11, 13, 12, 14], "texture": "#side"},
				"south": {"uv": [11, 13, 12, 14], "texture": "#side"},
				"west": {"uv": [11, 13, 12, 14], "texture": "#side"},
				"up": {"uv": [11, 13, 12, 14], "texture": "#side"},
				"down": {"uv": [11, 13, 12, 14], "texture": "#side"}
			}
		},
		{
			"name": "pale_moss_carpet_side_tall_56",
			"from": [13, 2, 0],
			"to": [14, 3, 0.75],
			"faces": {
				"north": {"uv": [14, 13, 13, 14], "texture": "#side"},
				"east": {"uv": [13, 13, 14, 14], "texture": "#side"},
				"south": {"uv": [13, 13, 14, 14], "texture": "#side"},
				"west": {"uv": [13, 13, 14, 14], "texture": "#side"},
				"up": {"uv": [13, 13, 14, 14], "texture": "#side"},
				"down": {"uv": [13, 13, 14, 14], "texture": "#side"}
			}
		},
		{
			"name": "pale_moss_carpet_side_tall_57",
			"from": [0, 0, 0],
			"to": [1, 2, 0.75],
			"faces": {
				"north": {"uv": [1, 14, 0, 16], "texture": "#side"},
				"east": {"uv": [0, 14, 1, 16], "texture": "#side"},
				"south": {"uv": [0, 14, 1, 16], "texture": "#side"},
				"west": {"uv": [0, 14, 1, 16], "texture": "#side"},
				"up": {"uv": [0, 14, 1, 15], "texture": "#side"},
				"down": {"uv": [0, 15, 1, 16], "texture": "#side"}
			}
		},
		{
			"name": "pale_moss_carpet_side_tall_58",
			"from": [3, 1, 0],
			"to": [4, 2, 0.75],
			"faces": {
				"north": {"uv": [4, 14, 3, 15], "texture": "#side"},
				"east": {"uv": [3, 14, 4, 15], "texture": "#side"},
				"south": {"uv": [3, 14, 4, 15], "texture": "#side"},
				"west": {"uv": [3, 14, 4, 15], "texture": "#side"},
				"up": {"uv": [3, 14, 4, 15], "texture": "#side"},
				"down": {"uv": [3, 14, 4, 15], "texture": "#side"}
			}
		},
		{
			"name": "pale_moss_carpet_side_tall_59",
			"from": [10, 0, 0],
			"to": [11, 2, 0.75],
			"faces": {
				"north": {"uv": [11, 14, 10, 16], "texture": "#side"},
				"east": {"uv": [10, 14, 11, 16], "texture": "#side"},
				"south": {"uv": [10, 14, 11, 16], "texture": "#side"},
				"west": {"uv": [10, 14, 11, 16], "texture": "#side"},
				"up": {"uv": [10, 14, 11, 15], "texture": "#side"},
				"down": {"uv": [10, 15, 11, 16], "texture": "#side"}
			}
		},
		{
			"name": "pale_moss_carpet_side_tall_60",
			"from": [15, 1, 0],
			"to": [16, 2, 0.75],
			"faces": {
				"north": {"uv": [16, 14, 15, 15], "texture": "#side"},
				"east": {"uv": [15, 14, 16, 15], "texture": "#side"},
				"south": {"uv": [15, 14, 16, 15], "texture": "#side"},
				"west": {"uv": [15, 14, 16, 15], "texture": "#side"},
				"up": {"uv": [15, 14, 16, 15], "texture": "#side"},
				"down": {"uv": [15, 14, 16, 15], "texture": "#side"}
			}
		},
		{
			"name": "pale_moss_carpet_side_tall_61",
			"from": [1, 0, 0],
			"to": [2, 1, 0.75],
			"faces": {
				"north": {"uv": [2, 15, 1, 16], "texture": "#side"},
				"east": {"uv": [1, 15, 2, 16], "texture": "#side"},
				"south": {"uv": [1, 15, 2, 16], "texture": "#side"},
				"west": {"uv": [1, 15, 2, 16], "texture": "#side"},
				"up": {"uv": [1, 15, 2, 16], "texture": "#side"},
				"down": {"uv": [1, 15, 2, 16], "texture": "#side"}
			}
		},
		{
			"name": "pale_moss_carpet_side_tall_62",
			"from": [13, 0, 0],
			"to": [14, 1, 0.75],
			"faces": {
				"north": {"uv": [14, 15, 13, 16], "texture": "#side"},
				"east": {"uv": [13, 15, 14, 16], "texture": "#side"},
				"south": {"uv": [13, 15, 14, 16], "texture": "#side"},
				"west": {"uv": [13, 15, 14, 16], "texture": "#side"},
				"up": {"uv": [13, 15, 14, 16], "texture": "#side"},
				"down": {"uv": [13, 15, 14, 16], "texture": "#side"}
			}
		}
	],
	"groups": [
		{
			"name": "pale_moss_carpet_side_tall",
			"origin": [8, 8, 8],
			"color": 0,
			"children": [
				0,
				1,
				2,
				3,
				4,
				5,
				6,
				7,
				8,
				9,
				10,
				11,
				12,
				13,
				14,
				15,
				16,
				17,
				18,
				19,
				20,
				21,
				22,
				23,
				24,
				25,
				26,
				27,
				28,
				29,
				30,
				31,
				32,
				33,
				34,
				35,
				36,
				37,
				38,
				39,
				40,
				41,
				42,
				43,
				44,
				45,
				46,
				47,
				48,
				49,
				50,
				51,
				52,
				53,
				54,
				55,
				56,
				57,
				58,
				59,
				60,
				61,
				62
			]
		}
	]
}