{
	"credit": "Made with Blockbench",
	"parent": "minecraft:block/cross",
	"textures": {
		"cross": "block/pale_hanging_moss_tip"
	},
	"elements": [
		{
			"name": "pale_hanging_moss_tip_0",
			"from": [2.98959, 14, 13.3033],
			"to": [4.98959, 16, 14.3033],
			"rotation": {"angle": 45, "axis": "y", "origin": [1.98959, 0, 13.3033]},
			"faces": {
				"north": {"uv": [3, 0, 1, 2], "texture": "#cross"},
				"east": {"uv": [2, 0, 3, 2], "texture": "#cross"},
				"south": {"uv": [1, 0, 3, 2], "texture": "#cross"},
				"west": {"uv": [1, 0, 2, 2], "texture": "#cross"},
				"up": {"uv": [1, 0, 3, 1], "texture": "#cross"},
				"down": {"uv": [1, 1, 3, 2], "texture": "#cross"}
			}
		},
		{
			"name": "pale_hanging_moss_tip_1",
			"from": [5.98959, 15, 13.3033],
			"to": [9.98959, 16, 14.3033],
			"rotation": {"angle": 45, "axis": "y", "origin": [1.98959, 0, 13.3033]},
			"faces": {
				"north": {"uv": [8, 0, 4, 1], "texture": "#cross"},
				"east": {"uv": [7, 0, 8, 1], "texture": "#cross"},
				"south": {"uv": [4, 0, 8, 1], "texture": "#cross"},
				"west": {"uv": [4, 0, 5, 1], "texture": "#cross"},
				"up": {"uv": [4, 0, 8, 1], "texture": "#cross"},
				"down": {"uv": [4, 0, 8, 1], "texture": "#cross"}
			}
		},
		{
			"name": "pale_hanging_moss_tip_2",
			"from": [12.98959, 14, 13.3033],
			"to": [13.98959, 16, 14.3033],
			"rotation": {"angle": 45, "axis": "y", "origin": [1.98959, 0, 13.3033]},
			"faces": {
				"north": {"uv": [12, 0, 11, 2], "texture": "#cross"},
				"east": {"uv": [11, 0, 12, 2], "texture": "#cross"},
				"south": {"uv": [11, 0, 12, 2], "texture": "#cross"},
				"west": {"uv": [11, 0, 12, 2], "texture": "#cross"},
				"up": {"uv": [11, 0, 12, 1], "texture": "#cross"},
				"down": {"uv": [11, 1, 12, 2], "texture": "#cross"}
			}
		},
		{
			"name": "pale_hanging_moss_tip_3",
			"from": [14.98959, 12, 13.3033],
			"to": [15.98959, 16, 14.3033],
			"rotation": {"angle": 45, "axis": "y", "origin": [1.98959, 0, 13.3033]},
			"faces": {
				"north": {"uv": [14, 0, 13, 4], "texture": "#cross"},
				"east": {"uv": [13, 0, 14, 4], "texture": "#cross"},
				"south": {"uv": [13, 0, 14, 4], "texture": "#cross"},
				"west": {"uv": [13, 0, 14, 4], "texture": "#cross"},
				"up": {"uv": [13, 0, 14, 1], "texture": "#cross"},
				"down": {"uv": [13, 3, 14, 4], "texture": "#cross"}
			}
		},
		{
			"name": "pale_hanging_moss_tip_4",
			"from": [6.98959, 12, 13.3033],
			"to": [7.98959, 15, 14.3033],
			"rotation": {"angle": 45, "axis": "y", "origin": [1.98959, 0, 13.3033]},
			"faces": {
				"north": {"uv": [6, 1, 5, 4], "texture": "#cross"},
				"east": {"uv": [5, 1, 6, 4], "texture": "#cross"},
				"south": {"uv": [5, 1, 6, 4], "texture": "#cross"},
				"west": {"uv": [5, 1, 6, 4], "texture": "#cross"},
				"up": {"uv": [5, 1, 6, 2], "texture": "#cross"},
				"down": {"uv": [5, 3, 6, 4], "texture": "#cross"}
			}
		},
		{
			"name": "pale_hanging_moss_tip_5",
			"from": [11.98959, 9, 13.3033],
			"to": [12.98959, 15, 14.3033],
			"rotation": {"angle": 45, "axis": "y", "origin": [1.98959, 0, 13.3033]},
			"faces": {
				"north": {"uv": [11, 1, 10, 7], "texture": "#cross"},
				"east": {"uv": [10, 1, 11, 7], "texture": "#cross"},
				"south": {"uv": [10, 1, 11, 7], "texture": "#cross"},
				"west": {"uv": [10, 1, 11, 7], "texture": "#cross"},
				"up": {"uv": [10, 1, 11, 2], "texture": "#cross"},
				"down": {"uv": [10, 6, 11, 7], "texture": "#cross"}
			}
		},
		{
			"name": "pale_hanging_moss_tip_6",
			"from": [16.98959, 14, 13.3033],
			"to": [17.98959, 15, 14.3033],
			"rotation": {"angle": 45, "axis": "y", "origin": [1.98959, 0, 13.3033]},
			"faces": {
				"north": {"uv": [16, 1, 15, 2], "texture": "#cross"},
				"east": {"uv": [15, 1, 16, 2], "texture": "#cross"},
				"south": {"uv": [15, 1, 16, 2], "texture": "#cross"},
				"west": {"uv": [15, 1, 16, 2], "texture": "#cross"},
				"up": {"uv": [15, 1, 16, 2], "texture": "#cross"},
				"down": {"uv": [15, 1, 16, 2], "texture": "#cross"}
			}
		},
		{
			"name": "pale_hanging_moss_tip_7",
			"from": [3.98959, 12, 13.3033],
			"to": [4.98959, 14, 14.3033],
			"rotation": {"angle": 45, "axis": "y", "origin": [1.98959, 0, 13.3033]},
			"faces": {
				"north": {"uv": [3, 2, 2, 4], "texture": "#cross"},
				"east": {"uv": [2, 2, 3, 4], "texture": "#cross"},
				"south": {"uv": [2, 2, 3, 4], "texture": "#cross"},
				"west": {"uv": [2, 2, 3, 4], "texture": "#cross"},
				"up": {"uv": [2, 2, 3, 3], "texture": "#cross"},
				"down": {"uv": [2, 3, 3, 4], "texture": "#cross"}
			}
		},
		{
			"name": "pale_hanging_moss_tip_8",
			"from": [9.98959, 13, 13.3033],
			"to": [10.98959, 14, 14.3033],
			"rotation": {"angle": 45, "axis": "y", "origin": [1.98959, 0, 13.3033]},
			"faces": {
				"north": {"uv": [9, 2, 8, 3], "texture": "#cross"},
				"east": {"uv": [8, 2, 9, 3], "texture": "#cross"},
				"south": {"uv": [8, 2, 9, 3], "texture": "#cross"},
				"west": {"uv": [8, 2, 9, 3], "texture": "#cross"},
				"up": {"uv": [8, 2, 9, 3], "texture": "#cross"},
				"down": {"uv": [8, 2, 9, 3], "texture": "#cross"}
			}
		},
		{
			"name": "pale_hanging_moss_tip_9",
			"from": [15.98959, 13, 13.3033],
			"to": [16.98959, 14, 14.3033],
			"rotation": {"angle": 45, "axis": "y", "origin": [1.98959, 0, 13.3033]},
			"faces": {
				"north": {"uv": [15, 2, 14, 3], "texture": "#cross"},
				"east": {"uv": [14, 2, 15, 3], "texture": "#cross"},
				"south": {"uv": [14, 2, 15, 3], "texture": "#cross"},
				"west": {"uv": [14, 2, 15, 3], "texture": "#cross"},
				"up": {"uv": [14, 2, 15, 3], "texture": "#cross"},
				"down": {"uv": [14, 2, 15, 3], "texture": "#cross"}
			}
		},
		{
			"name": "pale_hanging_moss_tip_10",
			"from": [4.98959, 10, 13.3033],
			"to": [6.98959, 13, 14.3033],
			"rotation": {"angle": 45, "axis": "y", "origin": [1.98959, 0, 13.3033]},
			"faces": {
				"north": {"uv": [5, 3, 3, 6], "texture": "#cross"},
				"east": {"uv": [4, 3, 5, 6], "texture": "#cross"},
				"south": {"uv": [3, 3, 5, 6], "texture": "#cross"},
				"west": {"uv": [3, 3, 4, 6], "texture": "#cross"},
				"up": {"uv": [3, 3, 5, 4], "texture": "#cross"},
				"down": {"uv": [3, 5, 5, 6], "texture": "#cross"}
			}
		},
		{
			"name": "pale_hanging_moss_tip_11",
			"from": [7.98959, 11, 13.3033],
			"to": [8.98959, 13, 14.3033],
			"rotation": {"angle": 45, "axis": "y", "origin": [1.98959, 0, 13.3033]},
			"faces": {
				"north": {"uv": [7, 3, 6, 5], "texture": "#cross"},
				"east": {"uv": [6, 3, 7, 5], "texture": "#cross"},
				"south": {"uv": [6, 3, 7, 5], "texture": "#cross"},
				"west": {"uv": [6, 3, 7, 5], "texture": "#cross"},
				"up": {"uv": [6, 3, 7, 4], "texture": "#cross"},
				"down": {"uv": [6, 4, 7, 5], "texture": "#cross"}
			}
		},
		{
			"name": "pale_hanging_moss_tip_12",
			"from": [10.98959, 12, 13.3033],
			"to": [11.98959, 13, 14.3033],
			"rotation": {"angle": 45, "axis": "y", "origin": [1.98959, 0, 13.3033]},
			"faces": {
				"north": {"uv": [10, 3, 9, 4], "texture": "#cross"},
				"east": {"uv": [9, 3, 10, 4], "texture": "#cross"},
				"south": {"uv": [9, 3, 10, 4], "texture": "#cross"},
				"west": {"uv": [9, 3, 10, 4], "texture": "#cross"},
				"up": {"uv": [9, 3, 10, 4], "texture": "#cross"},
				"down": {"uv": [9, 3, 10, 4], "texture": "#cross"}
			}
		},
		{
			"name": "pale_hanging_moss_tip_13",
			"from": [13.98959, 6, 13.3033],
			"to": [14.98959, 13, 14.3033],
			"rotation": {"angle": 45, "axis": "y", "origin": [1.98959, 0, 13.3033]},
			"faces": {
				"north": {"uv": [13, 3, 12, 10], "texture": "#cross"},
				"east": {"uv": [12, 3, 13, 10], "texture": "#cross"},
				"south": {"uv": [12, 3, 13, 10], "texture": "#cross"},
				"west": {"uv": [12, 3, 13, 10], "texture": "#cross"},
				"up": {"uv": [12, 3, 13, 4], "texture": "#cross"},
				"down": {"uv": [12, 9, 13, 10], "texture": "#cross"}
			}
		},
		{
			"name": "pale_hanging_moss_tip_14",
			"from": [2.98959, 11, 13.3033],
			"to": [3.98959, 12, 14.3033],
			"rotation": {"angle": 45, "axis": "y", "origin": [1.98959, 0, 13.3033]},
			"faces": {
				"north": {"uv": [2, 4, 1, 5], "texture": "#cross"},
				"east": {"uv": [1, 4, 2, 5], "texture": "#cross"},
				"south": {"uv": [1, 4, 2, 5], "texture": "#cross"},
				"west": {"uv": [1, 4, 2, 5], "texture": "#cross"},
				"up": {"uv": [1, 4, 2, 5], "texture": "#cross"},
				"down": {"uv": [1, 4, 2, 5], "texture": "#cross"}
			}
		},
		{
			"name": "pale_hanging_moss_tip_15",
			"from": [8.98959, 8, 13.3033],
			"to": [9.98959, 12, 14.3033],
			"rotation": {"angle": 45, "axis": "y", "origin": [1.98959, 0, 13.3033]},
			"faces": {
				"north": {"uv": [8, 4, 7, 8], "texture": "#cross"},
				"east": {"uv": [7, 4, 8, 8], "texture": "#cross"},
				"south": {"uv": [7, 4, 8, 8], "texture": "#cross"},
				"west": {"uv": [7, 4, 8, 8], "texture": "#cross"},
				"up": {"uv": [7, 4, 8, 5], "texture": "#cross"},
				"down": {"uv": [7, 7, 8, 8], "texture": "#cross"}
			}
		},
		{
			"name": "pale_hanging_moss_tip_16",
			"from": [3.98959, 10, 13.3033],
			"to": [4.98959, 11, 14.3033],
			"rotation": {"angle": 45, "axis": "y", "origin": [1.98959, 0, 13.3033]},
			"faces": {
				"north": {"uv": [3, 5, 2, 6], "texture": "#cross"},
				"east": {"uv": [2, 5, 3, 6], "texture": "#cross"},
				"south": {"uv": [2, 5, 3, 6], "texture": "#cross"},
				"west": {"uv": [2, 5, 3, 6], "texture": "#cross"},
				"up": {"uv": [2, 5, 3, 6], "texture": "#cross"},
				"down": {"uv": [2, 5, 3, 6], "texture": "#cross"}
			}
		},
		{
			"name": "pale_hanging_moss_tip_17",
			"from": [6.98959, 6, 13.3033],
			"to": [7.98959, 11, 14.3033],
			"rotation": {"angle": 45, "axis": "y", "origin": [1.98959, 0, 13.3033]},
			"faces": {
				"north": {"uv": [6, 5, 5, 10], "texture": "#cross"},
				"east": {"uv": [5, 5, 6, 10], "texture": "#cross"},
				"south": {"uv": [5, 5, 6, 10], "texture": "#cross"},
				"west": {"uv": [5, 5, 6, 10], "texture": "#cross"},
				"up": {"uv": [5, 5, 6, 6], "texture": "#cross"},
				"down": {"uv": [5, 9, 6, 10], "texture": "#cross"}
			}
		},
		{
			"name": "pale_hanging_moss_tip_18",
			"from": [4.98959, 8, 13.3033],
			"to": [5.98959, 10, 14.3033],
			"rotation": {"angle": 45, "axis": "y", "origin": [1.98959, 0, 13.3033]},
			"faces": {
				"north": {"uv": [4, 6, 3, 8], "texture": "#cross"},
				"east": {"uv": [3, 6, 4, 8], "texture": "#cross"},
				"south": {"uv": [3, 6, 4, 8], "texture": "#cross"},
				"west": {"uv": [3, 6, 4, 8], "texture": "#cross"},
				"up": {"uv": [3, 6, 4, 7], "texture": "#cross"},
				"down": {"uv": [3, 7, 4, 8], "texture": "#cross"}
			}
		},
		{
			"name": "pale_hanging_moss_tip_19",
			"from": [12.98959, 7, 13.3033],
			"to": [13.98959, 10, 14.3033],
			"rotation": {"angle": 45, "axis": "y", "origin": [1.98959, 0, 13.3033]},
			"faces": {
				"north": {"uv": [12, 6, 11, 9], "texture": "#cross"},
				"east": {"uv": [11, 6, 12, 9], "texture": "#cross"},
				"south": {"uv": [11, 6, 12, 9], "texture": "#cross"},
				"west": {"uv": [11, 6, 12, 9], "texture": "#cross"},
				"up": {"uv": [11, 6, 12, 7], "texture": "#cross"},
				"down": {"uv": [11, 8, 12, 9], "texture": "#cross"}
			}
		},
		{
			"name": "pale_hanging_moss_tip_20",
			"from": [15.98959, 8, 13.3033],
			"to": [16.98959, 10, 14.3033],
			"rotation": {"angle": 45, "axis": "y", "origin": [1.98959, 0, 13.3033]},
			"faces": {
				"north": {"uv": [15, 6, 14, 8], "texture": "#cross"},
				"east": {"uv": [14, 6, 15, 8], "texture": "#cross"},
				"south": {"uv": [14, 6, 15, 8], "texture": "#cross"},
				"west": {"uv": [14, 6, 15, 8], "texture": "#cross"},
				"up": {"uv": [14, 6, 15, 7], "texture": "#cross"},
				"down": {"uv": [14, 7, 15, 8], "texture": "#cross"}
			}
		},
		{
			"name": "pale_hanging_moss_tip_21",
			"from": [3.98959, 5, 13.3033],
			"to": [4.98959, 9, 14.3033],
			"rotation": {"angle": 45, "axis": "y", "origin": [1.98959, 0, 13.3033]},
			"faces": {
				"north": {"uv": [3, 7, 2, 11], "texture": "#cross"},
				"east": {"uv": [2, 7, 3, 11], "texture": "#cross"},
				"south": {"uv": [2, 7, 3, 11], "texture": "#cross"},
				"west": {"uv": [2, 7, 3, 11], "texture": "#cross"},
				"up": {"uv": [2, 7, 3, 8], "texture": "#cross"},
				"down": {"uv": [2, 10, 3, 11], "texture": "#cross"}
			}
		},
		{
			"name": "pale_hanging_moss_tip_22",
			"from": [9.98959, 7, 13.3033],
			"to": [10.98959, 9, 14.3033],
			"rotation": {"angle": 45, "axis": "y", "origin": [1.98959, 0, 13.3033]},
			"faces": {
				"north": {"uv": [9, 7, 8, 9], "texture": "#cross"},
				"east": {"uv": [8, 7, 9, 9], "texture": "#cross"},
				"south": {"uv": [8, 7, 9, 9], "texture": "#cross"},
				"west": {"uv": [8, 7, 9, 9], "texture": "#cross"},
				"up": {"uv": [8, 7, 9, 8], "texture": "#cross"},
				"down": {"uv": [8, 8, 9, 9], "texture": "#cross"}
			}
		},
		{
			"name": "pale_hanging_moss_tip_23",
			"from": [14.98959, 8, 13.3033],
			"to": [15.98959, 9, 14.3033],
			"rotation": {"angle": 45, "axis": "y", "origin": [1.98959, 0, 13.3033]},
			"faces": {
				"north": {"uv": [14, 7, 13, 8], "texture": "#cross"},
				"east": {"uv": [13, 7, 14, 8], "texture": "#cross"},
				"south": {"uv": [13, 7, 14, 8], "texture": "#cross"},
				"west": {"uv": [13, 7, 14, 8], "texture": "#cross"},
				"up": {"uv": [13, 7, 14, 8], "texture": "#cross"},
				"down": {"uv": [13, 7, 14, 8], "texture": "#cross"}
			}
		},
		{
			"name": "pale_hanging_moss_tip_24",
			"from": [1.98959, 6, 13.3033],
			"to": [2.98959, 7, 14.3033],
			"rotation": {"angle": 45, "axis": "y", "origin": [1.98959, 0, 13.3033]},
			"faces": {
				"north": {"uv": [1, 9, 0, 10], "texture": "#cross"},
				"east": {"uv": [0, 9, 1, 10], "texture": "#cross"},
				"south": {"uv": [0, 9, 1, 10], "texture": "#cross"},
				"west": {"uv": [0, 9, 1, 10], "texture": "#cross"},
				"up": {"uv": [0, 9, 1, 10], "texture": "#cross"},
				"down": {"uv": [0, 9, 1, 10], "texture": "#cross"}
			}
		},
		{
			"name": "pale_hanging_moss_tip_25",
			"from": [10.98959, 6, 13.3033],
			"to": [12.98959, 7, 14.3033],
			"rotation": {"angle": 45, "axis": "y", "origin": [1.98959, 0, 13.3033]},
			"faces": {
				"north": {"uv": [11, 9, 9, 10], "texture": "#cross"},
				"east": {"uv": [10, 9, 11, 10], "texture": "#cross"},
				"south": {"uv": [9, 9, 11, 10], "texture": "#cross"},
				"west": {"uv": [9, 9, 10, 10], "texture": "#cross"},
				"up": {"uv": [9, 9, 11, 10], "texture": "#cross"},
				"down": {"uv": [9, 9, 11, 10], "texture": "#cross"}
			}
		},
		{
			"name": "pale_hanging_moss_tip_26",
			"from": [2.98959, 5, 13.3033],
			"to": [3.98959, 6, 14.3033],
			"rotation": {"angle": 45, "axis": "y", "origin": [1.98959, 0, 13.3033]},
			"faces": {
				"north": {"uv": [2, 10, 1, 11], "texture": "#cross"},
				"east": {"uv": [1, 10, 2, 11], "texture": "#cross"},
				"south": {"uv": [1, 10, 2, 11], "texture": "#cross"},
				"west": {"uv": [1, 10, 2, 11], "texture": "#cross"},
				"up": {"uv": [1, 10, 2, 11], "texture": "#cross"},
				"down": {"uv": [1, 10, 2, 11], "texture": "#cross"}
			}
		},
		{
			"name": "pale_hanging_moss_tip_27",
			"from": [7.98959, 4, 13.3033],
			"to": [8.98959, 6, 14.3033],
			"rotation": {"angle": 45, "axis": "y", "origin": [1.98959, 0, 13.3033]},
			"faces": {
				"north": {"uv": [7, 10, 6, 12], "texture": "#cross"},
				"east": {"uv": [6, 10, 7, 12], "texture": "#cross"},
				"south": {"uv": [6, 10, 7, 12], "texture": "#cross"},
				"west": {"uv": [6, 10, 7, 12], "texture": "#cross"},
				"up": {"uv": [6, 10, 7, 11], "texture": "#cross"},
				"down": {"uv": [6, 11, 7, 12], "texture": "#cross"}
			}
		},
		{
			"name": "pale_hanging_moss_tip_28",
			"from": [9.98959, 4, 13.3033],
			"to": [10.98959, 6, 14.3033],
			"rotation": {"angle": 45, "axis": "y", "origin": [1.98959, 0, 13.3033]},
			"faces": {
				"north": {"uv": [9, 10, 8, 12], "texture": "#cross"},
				"east": {"uv": [8, 10, 9, 12], "texture": "#cross"},
				"south": {"uv": [8, 10, 9, 12], "texture": "#cross"},
				"west": {"uv": [8, 10, 9, 12], "texture": "#cross"},
				"up": {"uv": [8, 10, 9, 11], "texture": "#cross"},
				"down": {"uv": [8, 11, 9, 12], "texture": "#cross"}
			}
		},
		{
			"name": "pale_hanging_moss_tip_29",
			"from": [14.98959, 5, 13.3033],
			"to": [15.98959, 6, 14.3033],
			"rotation": {"angle": 45, "axis": "y", "origin": [1.98959, 0, 13.3033]},
			"faces": {
				"north": {"uv": [14, 10, 13, 11], "texture": "#cross"},
				"east": {"uv": [13, 10, 14, 11], "texture": "#cross"},
				"south": {"uv": [13, 10, 14, 11], "texture": "#cross"},
				"west": {"uv": [13, 10, 14, 11], "texture": "#cross"},
				"up": {"uv": [13, 10, 14, 11], "texture": "#cross"},
				"down": {"uv": [13, 10, 14, 11], "texture": "#cross"}
			}
		},
		{
			"name": "pale_hanging_moss_tip_30",
			"from": [4.98959, 4, 13.3033],
			"to": [5.98959, 5, 14.3033],
			"rotation": {"angle": 45, "axis": "y", "origin": [1.98959, 0, 13.3033]},
			"faces": {
				"north": {"uv": [4, 11, 3, 12], "texture": "#cross"},
				"east": {"uv": [3, 11, 4, 12], "texture": "#cross"},
				"south": {"uv": [3, 11, 4, 12], "texture": "#cross"},
				"west": {"uv": [3, 11, 4, 12], "texture": "#cross"},
				"up": {"uv": [3, 11, 4, 12], "texture": "#cross"},
				"down": {"uv": [3, 11, 4, 12], "texture": "#cross"}
			}
		},
		{
			"name": "pale_hanging_moss_tip_31",
			"from": [8.98959, 3, 13.3033],
			"to": [9.98959, 5, 14.3033],
			"rotation": {"angle": 45, "axis": "y", "origin": [1.98959, 0, 13.3033]},
			"faces": {
				"north": {"uv": [8, 11, 7, 13], "texture": "#cross"},
				"east": {"uv": [7, 11, 8, 13], "texture": "#cross"},
				"south": {"uv": [7, 11, 8, 13], "texture": "#cross"},
				"west": {"uv": [7, 11, 8, 13], "texture": "#cross"},
				"up": {"uv": [7, 11, 8, 12], "texture": "#cross"},
				"down": {"uv": [7, 12, 8, 13], "texture": "#cross"}
			}
		},
		{
			"name": "pale_hanging_moss_tip_32",
			"from": [9.98959, 2, 13.3033],
			"to": [10.98959, 3, 14.3033],
			"rotation": {"angle": 45, "axis": "y", "origin": [1.98959, 0, 13.3033]},
			"faces": {
				"north": {"uv": [9, 13, 8, 14], "texture": "#cross"},
				"east": {"uv": [8, 13, 9, 14], "texture": "#cross"},
				"south": {"uv": [8, 13, 9, 14], "texture": "#cross"},
				"west": {"uv": [8, 13, 9, 14], "texture": "#cross"},
				"up": {"uv": [8, 13, 9, 14], "texture": "#cross"},
				"down": {"uv": [8, 13, 9, 14], "texture": "#cross"}
			}
		},
		{
			"name": "pale_hanging_moss_tip_1",
			"from": [11.01041, 14, 13.3033],
			"to": [13.01041, 16, 14.3033],
			"rotation": {"angle": -45, "axis": "y", "origin": [14.01041, 0, 13.3033]},
			"faces": {
				"north": {"uv": [1, 0, 3, 2], "texture": "#cross"},
				"east": {"uv": [2, 0, 1, 2], "texture": "#cross"},
				"south": {"uv": [3, 0, 1, 2], "texture": "#cross"},
				"west": {"uv": [3, 0, 2, 2], "texture": "#cross"},
				"up": {"uv": [3, 0, 1, 1], "texture": "#cross"},
				"down": {"uv": [3, 1, 1, 2], "texture": "#cross"}
			}
		},
		{
			"name": "pale_hanging_moss_tip_2",
			"from": [6.01041, 15, 13.3033],
			"to": [10.01041, 16, 14.3033],
			"rotation": {"angle": -45, "axis": "y", "origin": [14.01041, 0, 13.3033]},
			"faces": {
				"north": {"uv": [4, 0, 8, 1], "texture": "#cross"},
				"east": {"uv": [5, 0, 4, 1], "texture": "#cross"},
				"south": {"uv": [8, 0, 4, 1], "texture": "#cross"},
				"west": {"uv": [8, 0, 7, 1], "texture": "#cross"},
				"up": {"uv": [8, 0, 4, 1], "texture": "#cross"},
				"down": {"uv": [8, 0, 4, 1], "texture": "#cross"}
			}
		},
		{
			"name": "pale_hanging_moss_tip_3",
			"from": [2.01041, 14, 13.3033],
			"to": [3.01041, 16, 14.3033],
			"rotation": {"angle": -45, "axis": "y", "origin": [14.01041, 0, 13.3033]},
			"faces": {
				"north": {"uv": [11, 0, 12, 2], "texture": "#cross"},
				"east": {"uv": [12, 0, 11, 2], "texture": "#cross"},
				"south": {"uv": [12, 0, 11, 2], "texture": "#cross"},
				"west": {"uv": [12, 0, 11, 2], "texture": "#cross"},
				"up": {"uv": [12, 0, 11, 1], "texture": "#cross"},
				"down": {"uv": [12, 1, 11, 2], "texture": "#cross"}
			}
		},
		{
			"name": "pale_hanging_moss_tip_4",
			"from": [0.01041, 12, 13.3033],
			"to": [1.01041, 16, 14.3033],
			"rotation": {"angle": -45, "axis": "y", "origin": [14.01041, 0, 13.3033]},
			"faces": {
				"north": {"uv": [13, 0, 14, 4], "texture": "#cross"},
				"east": {"uv": [14, 0, 13, 4], "texture": "#cross"},
				"south": {"uv": [14, 0, 13, 4], "texture": "#cross"},
				"west": {"uv": [14, 0, 13, 4], "texture": "#cross"},
				"up": {"uv": [14, 0, 13, 1], "texture": "#cross"},
				"down": {"uv": [14, 3, 13, 4], "texture": "#cross"}
			}
		},
		{
			"name": "pale_hanging_moss_tip_5",
			"from": [8.01041, 12, 13.3033],
			"to": [9.01041, 15, 14.3033],
			"rotation": {"angle": -45, "axis": "y", "origin": [14.01041, 0, 13.3033]},
			"faces": {
				"north": {"uv": [5, 1, 6, 4], "texture": "#cross"},
				"east": {"uv": [6, 1, 5, 4], "texture": "#cross"},
				"south": {"uv": [6, 1, 5, 4], "texture": "#cross"},
				"west": {"uv": [6, 1, 5, 4], "texture": "#cross"},
				"up": {"uv": [6, 1, 5, 2], "texture": "#cross"},
				"down": {"uv": [6, 3, 5, 4], "texture": "#cross"}
			}
		},
		{
			"name": "pale_hanging_moss_tip_6",
			"from": [3.01041, 9, 13.3033],
			"to": [4.01041, 15, 14.3033],
			"rotation": {"angle": -45, "axis": "y", "origin": [14.01041, 0, 13.3033]},
			"faces": {
				"north": {"uv": [10, 1, 11, 7], "texture": "#cross"},
				"east": {"uv": [11, 1, 10, 7], "texture": "#cross"},
				"south": {"uv": [11, 1, 10, 7], "texture": "#cross"},
				"west": {"uv": [11, 1, 10, 7], "texture": "#cross"},
				"up": {"uv": [11, 1, 10, 2], "texture": "#cross"},
				"down": {"uv": [11, 6, 10, 7], "texture": "#cross"}
			}
		},
		{
			"name": "pale_hanging_moss_tip_7",
			"from": [-1.98959, 14, 13.3033],
			"to": [-0.98959, 15, 14.3033],
			"rotation": {"angle": -45, "axis": "y", "origin": [14.01041, 0, 13.3033]},
			"faces": {
				"north": {"uv": [15, 1, 16, 2], "texture": "#cross"},
				"east": {"uv": [16, 1, 15, 2], "texture": "#cross"},
				"south": {"uv": [16, 1, 15, 2], "texture": "#cross"},
				"west": {"uv": [16, 1, 15, 2], "texture": "#cross"},
				"up": {"uv": [16, 1, 15, 2], "texture": "#cross"},
				"down": {"uv": [16, 1, 15, 2], "texture": "#cross"}
			}
		},
		{
			"name": "pale_hanging_moss_tip_8",
			"from": [11.01041, 12, 13.3033],
			"to": [12.01041, 14, 14.3033],
			"rotation": {"angle": -45, "axis": "y", "origin": [14.01041, 0, 13.3033]},
			"faces": {
				"north": {"uv": [2, 2, 3, 4], "texture": "#cross"},
				"east": {"uv": [3, 2, 2, 4], "texture": "#cross"},
				"south": {"uv": [3, 2, 2, 4], "texture": "#cross"},
				"west": {"uv": [3, 2, 2, 4], "texture": "#cross"},
				"up": {"uv": [3, 2, 2, 3], "texture": "#cross"},
				"down": {"uv": [3, 3, 2, 4], "texture": "#cross"}
			}
		},
		{
			"name": "pale_hanging_moss_tip_9",
			"from": [5.01041, 13, 13.3033],
			"to": [6.01041, 14, 14.3033],
			"rotation": {"angle": -45, "axis": "y", "origin": [14.01041, 0, 13.3033]},
			"faces": {
				"north": {"uv": [8, 2, 9, 3], "texture": "#cross"},
				"east": {"uv": [9, 2, 8, 3], "texture": "#cross"},
				"south": {"uv": [9, 2, 8, 3], "texture": "#cross"},
				"west": {"uv": [9, 2, 8, 3], "texture": "#cross"},
				"up": {"uv": [9, 2, 8, 3], "texture": "#cross"},
				"down": {"uv": [9, 2, 8, 3], "texture": "#cross"}
			}
		},
		{
			"name": "pale_hanging_moss_tip_10",
			"from": [-0.98959, 13, 13.3033],
			"to": [0.01041, 14, 14.3033],
			"rotation": {"angle": -45, "axis": "y", "origin": [14.01041, 0, 13.3033]},
			"faces": {
				"north": {"uv": [14, 2, 15, 3], "texture": "#cross"},
				"east": {"uv": [15, 2, 14, 3], "texture": "#cross"},
				"south": {"uv": [15, 2, 14, 3], "texture": "#cross"},
				"west": {"uv": [15, 2, 14, 3], "texture": "#cross"},
				"up": {"uv": [15, 2, 14, 3], "texture": "#cross"},
				"down": {"uv": [15, 2, 14, 3], "texture": "#cross"}
			}
		},
		{
			"name": "pale_hanging_moss_tip_11",
			"from": [9.01041, 10, 13.3033],
			"to": [11.01041, 13, 14.3033],
			"rotation": {"angle": -45, "axis": "y", "origin": [14.01041, 0, 13.3033]},
			"faces": {
				"north": {"uv": [3, 3, 5, 6], "texture": "#cross"},
				"east": {"uv": [4, 3, 3, 6], "texture": "#cross"},
				"south": {"uv": [5, 3, 3, 6], "texture": "#cross"},
				"west": {"uv": [5, 3, 4, 6], "texture": "#cross"},
				"up": {"uv": [5, 3, 3, 4], "texture": "#cross"},
				"down": {"uv": [5, 5, 3, 6], "texture": "#cross"}
			}
		},
		{
			"name": "pale_hanging_moss_tip_12",
			"from": [7.01041, 11, 13.3033],
			"to": [8.01041, 13, 14.3033],
			"rotation": {"angle": -45, "axis": "y", "origin": [14.01041, 0, 13.3033]},
			"faces": {
				"north": {"uv": [6, 3, 7, 5], "texture": "#cross"},
				"east": {"uv": [7, 3, 6, 5], "texture": "#cross"},
				"south": {"uv": [7, 3, 6, 5], "texture": "#cross"},
				"west": {"uv": [7, 3, 6, 5], "texture": "#cross"},
				"up": {"uv": [7, 3, 6, 4], "texture": "#cross"},
				"down": {"uv": [7, 4, 6, 5], "texture": "#cross"}
			}
		},
		{
			"name": "pale_hanging_moss_tip_13",
			"from": [4.01041, 12, 13.3033],
			"to": [5.01041, 13, 14.3033],
			"rotation": {"angle": -45, "axis": "y", "origin": [14.01041, 0, 13.3033]},
			"faces": {
				"north": {"uv": [9, 3, 10, 4], "texture": "#cross"},
				"east": {"uv": [10, 3, 9, 4], "texture": "#cross"},
				"south": {"uv": [10, 3, 9, 4], "texture": "#cross"},
				"west": {"uv": [10, 3, 9, 4], "texture": "#cross"},
				"up": {"uv": [10, 3, 9, 4], "texture": "#cross"},
				"down": {"uv": [10, 3, 9, 4], "texture": "#cross"}
			}
		},
		{
			"name": "pale_hanging_moss_tip_14",
			"from": [1.01041, 6, 13.3033],
			"to": [2.01041, 13, 14.3033],
			"rotation": {"angle": -45, "axis": "y", "origin": [14.01041, 0, 13.3033]},
			"faces": {
				"north": {"uv": [12, 3, 13, 10], "texture": "#cross"},
				"east": {"uv": [13, 3, 12, 10], "texture": "#cross"},
				"south": {"uv": [13, 3, 12, 10], "texture": "#cross"},
				"west": {"uv": [13, 3, 12, 10], "texture": "#cross"},
				"up": {"uv": [13, 3, 12, 4], "texture": "#cross"},
				"down": {"uv": [13, 9, 12, 10], "texture": "#cross"}
			}
		},
		{
			"name": "pale_hanging_moss_tip_15",
			"from": [12.01041, 11, 13.3033],
			"to": [13.01041, 12, 14.3033],
			"rotation": {"angle": -45, "axis": "y", "origin": [14.01041, 0, 13.3033]},
			"faces": {
				"north": {"uv": [1, 4, 2, 5], "texture": "#cross"},
				"east": {"uv": [2, 4, 1, 5], "texture": "#cross"},
				"south": {"uv": [2, 4, 1, 5], "texture": "#cross"},
				"west": {"uv": [2, 4, 1, 5], "texture": "#cross"},
				"up": {"uv": [2, 4, 1, 5], "texture": "#cross"},
				"down": {"uv": [2, 4, 1, 5], "texture": "#cross"}
			}
		},
		{
			"name": "pale_hanging_moss_tip_16",
			"from": [6.01041, 8, 13.3033],
			"to": [7.01041, 12, 14.3033],
			"rotation": {"angle": -45, "axis": "y", "origin": [14.01041, 0, 13.3033]},
			"faces": {
				"north": {"uv": [7, 4, 8, 8], "texture": "#cross"},
				"east": {"uv": [8, 4, 7, 8], "texture": "#cross"},
				"south": {"uv": [8, 4, 7, 8], "texture": "#cross"},
				"west": {"uv": [8, 4, 7, 8], "texture": "#cross"},
				"up": {"uv": [8, 4, 7, 5], "texture": "#cross"},
				"down": {"uv": [8, 7, 7, 8], "texture": "#cross"}
			}
		},
		{
			"name": "pale_hanging_moss_tip_17",
			"from": [11.01041, 10, 13.3033],
			"to": [12.01041, 11, 14.3033],
			"rotation": {"angle": -45, "axis": "y", "origin": [14.01041, 0, 13.3033]},
			"faces": {
				"north": {"uv": [2, 5, 3, 6], "texture": "#cross"},
				"east": {"uv": [3, 5, 2, 6], "texture": "#cross"},
				"south": {"uv": [3, 5, 2, 6], "texture": "#cross"},
				"west": {"uv": [3, 5, 2, 6], "texture": "#cross"},
				"up": {"uv": [3, 5, 2, 6], "texture": "#cross"},
				"down": {"uv": [3, 5, 2, 6], "texture": "#cross"}
			}
		},
		{
			"name": "pale_hanging_moss_tip_18",
			"from": [8.01041, 6, 13.3033],
			"to": [9.01041, 11, 14.3033],
			"rotation": {"angle": -45, "axis": "y", "origin": [14.01041, 0, 13.3033]},
			"faces": {
				"north": {"uv": [5, 5, 6, 10], "texture": "#cross"},
				"east": {"uv": [6, 5, 5, 10], "texture": "#cross"},
				"south": {"uv": [6, 5, 5, 10], "texture": "#cross"},
				"west": {"uv": [6, 5, 5, 10], "texture": "#cross"},
				"up": {"uv": [6, 5, 5, 6], "texture": "#cross"},
				"down": {"uv": [6, 9, 5, 10], "texture": "#cross"}
			}
		},
		{
			"name": "pale_hanging_moss_tip_19",
			"from": [10.01041, 8, 13.3033],
			"to": [11.01041, 10, 14.3033],
			"rotation": {"angle": -45, "axis": "y", "origin": [14.01041, 0, 13.3033]},
			"faces": {
				"north": {"uv": [3, 6, 4, 8], "texture": "#cross"},
				"east": {"uv": [4, 6, 3, 8], "texture": "#cross"},
				"south": {"uv": [4, 6, 3, 8], "texture": "#cross"},
				"west": {"uv": [4, 6, 3, 8], "texture": "#cross"},
				"up": {"uv": [4, 6, 3, 7], "texture": "#cross"},
				"down": {"uv": [4, 7, 3, 8], "texture": "#cross"}
			}
		},
		{
			"name": "pale_hanging_moss_tip_20",
			"from": [2.01041, 7, 13.3033],
			"to": [3.01041, 10, 14.3033],
			"rotation": {"angle": -45, "axis": "y", "origin": [14.01041, 0, 13.3033]},
			"faces": {
				"north": {"uv": [11, 6, 12, 9], "texture": "#cross"},
				"east": {"uv": [12, 6, 11, 9], "texture": "#cross"},
				"south": {"uv": [12, 6, 11, 9], "texture": "#cross"},
				"west": {"uv": [12, 6, 11, 9], "texture": "#cross"},
				"up": {"uv": [12, 6, 11, 7], "texture": "#cross"},
				"down": {"uv": [12, 8, 11, 9], "texture": "#cross"}
			}
		},
		{
			"name": "pale_hanging_moss_tip_21",
			"from": [-0.98959, 8, 13.3033],
			"to": [0.01041, 10, 14.3033],
			"rotation": {"angle": -45, "axis": "y", "origin": [14.01041, 0, 13.3033]},
			"faces": {
				"north": {"uv": [14, 6, 15, 8], "texture": "#cross"},
				"east": {"uv": [15, 6, 14, 8], "texture": "#cross"},
				"south": {"uv": [15, 6, 14, 8], "texture": "#cross"},
				"west": {"uv": [15, 6, 14, 8], "texture": "#cross"},
				"up": {"uv": [15, 6, 14, 7], "texture": "#cross"},
				"down": {"uv": [15, 7, 14, 8], "texture": "#cross"}
			}
		},
		{
			"name": "pale_hanging_moss_tip_22",
			"from": [11.01041, 5, 13.3033],
			"to": [12.01041, 9, 14.3033],
			"rotation": {"angle": -45, "axis": "y", "origin": [14.01041, 0, 13.3033]},
			"faces": {
				"north": {"uv": [2, 7, 3, 11], "texture": "#cross"},
				"east": {"uv": [3, 7, 2, 11], "texture": "#cross"},
				"south": {"uv": [3, 7, 2, 11], "texture": "#cross"},
				"west": {"uv": [3, 7, 2, 11], "texture": "#cross"},
				"up": {"uv": [3, 7, 2, 8], "texture": "#cross"},
				"down": {"uv": [3, 10, 2, 11], "texture": "#cross"}
			}
		},
		{
			"name": "pale_hanging_moss_tip_23",
			"from": [5.01041, 7, 13.3033],
			"to": [6.01041, 9, 14.3033],
			"rotation": {"angle": -45, "axis": "y", "origin": [14.01041, 0, 13.3033]},
			"faces": {
				"north": {"uv": [8, 7, 9, 9], "texture": "#cross"},
				"east": {"uv": [9, 7, 8, 9], "texture": "#cross"},
				"south": {"uv": [9, 7, 8, 9], "texture": "#cross"},
				"west": {"uv": [9, 7, 8, 9], "texture": "#cross"},
				"up": {"uv": [9, 7, 8, 8], "texture": "#cross"},
				"down": {"uv": [9, 8, 8, 9], "texture": "#cross"}
			}
		},
		{
			"name": "pale_hanging_moss_tip_24",
			"from": [0.01041, 8, 13.3033],
			"to": [1.01041, 9, 14.3033],
			"rotation": {"angle": -45, "axis": "y", "origin": [14.01041, 0, 13.3033]},
			"faces": {
				"north": {"uv": [13, 7, 14, 8], "texture": "#cross"},
				"east": {"uv": [14, 7, 13, 8], "texture": "#cross"},
				"south": {"uv": [14, 7, 13, 8], "texture": "#cross"},
				"west": {"uv": [14, 7, 13, 8], "texture": "#cross"},
				"up": {"uv": [14, 7, 13, 8], "texture": "#cross"},
				"down": {"uv": [14, 7, 13, 8], "texture": "#cross"}
			}
		},
		{
			"name": "pale_hanging_moss_tip_25",
			"from": [13.01041, 6, 13.3033],
			"to": [14.01041, 7, 14.3033],
			"rotation": {"angle": -45, "axis": "y", "origin": [14.01041, 0, 13.3033]},
			"faces": {
				"north": {"uv": [0, 9, 1, 10], "texture": "#cross"},
				"east": {"uv": [1, 9, 0, 10], "texture": "#cross"},
				"south": {"uv": [1, 9, 0, 10], "texture": "#cross"},
				"west": {"uv": [1, 9, 0, 10], "texture": "#cross"},
				"up": {"uv": [1, 9, 0, 10], "texture": "#cross"},
				"down": {"uv": [1, 9, 0, 10], "texture": "#cross"}
			}
		},
		{
			"name": "pale_hanging_moss_tip_26",
			"from": [3.01041, 6, 13.3033],
			"to": [5.01041, 7, 14.3033],
			"rotation": {"angle": -45, "axis": "y", "origin": [14.01041, 0, 13.3033]},
			"faces": {
				"north": {"uv": [9, 9, 11, 10], "texture": "#cross"},
				"east": {"uv": [10, 9, 9, 10], "texture": "#cross"},
				"south": {"uv": [11, 9, 9, 10], "texture": "#cross"},
				"west": {"uv": [11, 9, 10, 10], "texture": "#cross"},
				"up": {"uv": [11, 9, 9, 10], "texture": "#cross"},
				"down": {"uv": [11, 9, 9, 10], "texture": "#cross"}
			}
		},
		{
			"name": "pale_hanging_moss_tip_27",
			"from": [12.01041, 5, 13.3033],
			"to": [13.01041, 6, 14.3033],
			"rotation": {"angle": -45, "axis": "y", "origin": [14.01041, 0, 13.3033]},
			"faces": {
				"north": {"uv": [1, 10, 2, 11], "texture": "#cross"},
				"east": {"uv": [2, 10, 1, 11], "texture": "#cross"},
				"south": {"uv": [2, 10, 1, 11], "texture": "#cross"},
				"west": {"uv": [2, 10, 1, 11], "texture": "#cross"},
				"up": {"uv": [2, 10, 1, 11], "texture": "#cross"},
				"down": {"uv": [2, 10, 1, 11], "texture": "#cross"}
			}
		},
		{
			"name": "pale_hanging_moss_tip_28",
			"from": [7.01041, 4, 13.3033],
			"to": [8.01041, 6, 14.3033],
			"rotation": {"angle": -45, "axis": "y", "origin": [14.01041, 0, 13.3033]},
			"faces": {
				"north": {"uv": [6, 10, 7, 12], "texture": "#cross"},
				"east": {"uv": [7, 10, 6, 12], "texture": "#cross"},
				"south": {"uv": [7, 10, 6, 12], "texture": "#cross"},
				"west": {"uv": [7, 10, 6, 12], "texture": "#cross"},
				"up": {"uv": [7, 10, 6, 11], "texture": "#cross"},
				"down": {"uv": [7, 11, 6, 12], "texture": "#cross"}
			}
		},
		{
			"name": "pale_hanging_moss_tip_29",
			"from": [5.01041, 4, 13.3033],
			"to": [6.01041, 6, 14.3033],
			"rotation": {"angle": -45, "axis": "y", "origin": [14.01041, 0, 13.3033]},
			"faces": {
				"north": {"uv": [8, 10, 9, 12], "texture": "#cross"},
				"east": {"uv": [9, 10, 8, 12], "texture": "#cross"},
				"south": {"uv": [9, 10, 8, 12], "texture": "#cross"},
				"west": {"uv": [9, 10, 8, 12], "texture": "#cross"},
				"up": {"uv": [9, 10, 8, 11], "texture": "#cross"},
				"down": {"uv": [9, 11, 8, 12], "texture": "#cross"}
			}
		},
		{
			"name": "pale_hanging_moss_tip_30",
			"from": [0.01041, 5, 13.3033],
			"to": [1.01041, 6, 14.3033],
			"rotation": {"angle": -45, "axis": "y", "origin": [14.01041, 0, 13.3033]},
			"faces": {
				"north": {"uv": [13, 10, 14, 11], "texture": "#cross"},
				"east": {"uv": [14, 10, 13, 11], "texture": "#cross"},
				"south": {"uv": [14, 10, 13, 11], "texture": "#cross"},
				"west": {"uv": [14, 10, 13, 11], "texture": "#cross"},
				"up": {"uv": [14, 10, 13, 11], "texture": "#cross"},
				"down": {"uv": [14, 10, 13, 11], "texture": "#cross"}
			}
		},
		{
			"name": "pale_hanging_moss_tip_31",
			"from": [10.01041, 4, 13.3033],
			"to": [11.01041, 5, 14.3033],
			"rotation": {"angle": -45, "axis": "y", "origin": [14.01041, 0, 13.3033]},
			"faces": {
				"north": {"uv": [3, 11, 4, 12], "texture": "#cross"},
				"east": {"uv": [4, 11, 3, 12], "texture": "#cross"},
				"south": {"uv": [4, 11, 3, 12], "texture": "#cross"},
				"west": {"uv": [4, 11, 3, 12], "texture": "#cross"},
				"up": {"uv": [4, 11, 3, 12], "texture": "#cross"},
				"down": {"uv": [4, 11, 3, 12], "texture": "#cross"}
			}
		},
		{
			"name": "pale_hanging_moss_tip_32",
			"from": [6.01041, 3, 13.3033],
			"to": [7.01041, 5, 14.3033],
			"rotation": {"angle": -45, "axis": "y", "origin": [14.01041, 0, 13.3033]},
			"faces": {
				"north": {"uv": [7, 11, 8, 13], "texture": "#cross"},
				"east": {"uv": [8, 11, 7, 13], "texture": "#cross"},
				"south": {"uv": [8, 11, 7, 13], "texture": "#cross"},
				"west": {"uv": [8, 11, 7, 13], "texture": "#cross"},
				"up": {"uv": [8, 11, 7, 12], "texture": "#cross"},
				"down": {"uv": [8, 12, 7, 13], "texture": "#cross"}
			}
		},
		{
			"name": "pale_hanging_moss_tip_33",
			"from": [5.01041, 2, 13.3033],
			"to": [6.01041, 3, 14.3033],
			"rotation": {"angle": -45, "axis": "y", "origin": [14.01041, 0, 13.3033]},
			"faces": {
				"north": {"uv": [8, 13, 9, 14], "texture": "#cross"},
				"east": {"uv": [9, 13, 8, 14], "texture": "#cross"},
				"south": {"uv": [9, 13, 8, 14], "texture": "#cross"},
				"west": {"uv": [9, 13, 8, 14], "texture": "#cross"},
				"up": {"uv": [9, 13, 8, 14], "texture": "#cross"},
				"down": {"uv": [9, 13, 8, 14], "texture": "#cross"}
			}
		}
	],
	"groups": [
		{
			"name": "pale_hanging_moss_tip",
			"origin": [8, 8, 8],
			"color": 0,
			"children": [0, 1, 2, 3, 4, 5, 6, 7, 8, 9, 10, 11, 12, 13, 14, 15, 16, 17, 18, 19, 20, 21, 22, 23, 24, 25, 26, 27, 28, 29, 30, 31, 32]
		},
		{
			"name": "pale_hanging_moss_tip",
			"origin": [8, 8, 8],
			"color": 0,
			"children": [33, 34, 35, 36, 37, 38, 39, 40, 41, 42, 43, 44, 45, 46, 47, 48, 49, 50, 51, 52, 53, 54, 55, 56, 57, 58, 59, 60, 61, 62, 63, 64, 65]
		}
	]
}