{
	"credit": "Made with Blockbench",
	"parent": "minecraft:block/cross",
	"textures": {
		"cross": "block/pale_hanging_moss"
	},
	"elements": [
		{
			"name": "pale_hanging_moss_0",
			"from": [1.98959, 13, 10.3033],
			"to": [2.98959, 16, 11.3033],
			"rotation": {"angle": -45, "axis": "y", "origin": [1.98959, 0, 13.3033]},
			"faces": {
				"north": {"uv": [2, 0, 3, 3], "texture": "#cross"},
				"east": {"uv": [2, 0, 3, 3], "texture": "#cross"},
				"south": {"uv": [2, 0, 3, 3], "texture": "#cross"},
				"west": {"uv": [3, 0, 2, 3], "texture": "#cross"},
				"up": {"uv": [2, 0, 3, 1], "rotation": 270, "texture": "#cross"},
				"down": {"uv": [2, 2, 3, 3], "rotation": 90, "texture": "#cross"}
			}
		},
		{
			"name": "pale_hanging_moss_1",
			"from": [1.98959, 15, 7.3033],
			"to": [2.98959, 16, 8.3033],
			"rotation": {"angle": -45, "axis": "y", "origin": [1.98959, 0, 13.3033]},
			"faces": {
				"north": {"uv": [5, 0, 6, 1], "texture": "#cross"},
				"east": {"uv": [5, 0, 6, 1], "texture": "#cross"},
				"south": {"uv": [5, 0, 6, 1], "texture": "#cross"},
				"west": {"uv": [6, 0, 5, 1], "texture": "#cross"},
				"up": {"uv": [5, 0, 6, 1], "rotation": 270, "texture": "#cross"},
				"down": {"uv": [5, 0, 6, 1], "rotation": 90, "texture": "#cross"}
			}
		},
		{
			"name": "pale_hanging_moss_2",
			"from": [1.98959, 13, 4.3033],
			"to": [2.98959, 16, 5.3033],
			"rotation": {"angle": -45, "axis": "y", "origin": [1.98959, 0, 13.3033]},
			"faces": {
				"north": {"uv": [8, 0, 9, 3], "texture": "#cross"},
				"east": {"uv": [8, 0, 9, 3], "texture": "#cross"},
				"south": {"uv": [8, 0, 9, 3], "texture": "#cross"},
				"west": {"uv": [9, 0, 8, 3], "texture": "#cross"},
				"up": {"uv": [8, 0, 9, 1], "rotation": 270, "texture": "#cross"},
				"down": {"uv": [8, 2, 9, 3], "rotation": 90, "texture": "#cross"}
			}
		},
		{
			"name": "pale_hanging_moss_3",
			"from": [1.98959, 15, 1.3033],
			"to": [2.98959, 16, 3.3033],
			"rotation": {"angle": -45, "axis": "y", "origin": [1.98959, 0, 13.3033]},
			"faces": {
				"north": {"uv": [11, 0, 12, 1], "texture": "#cross"},
				"east": {"uv": [10, 0, 12, 1], "texture": "#cross"},
				"south": {"uv": [10, 0, 11, 1], "texture": "#cross"},
				"west": {"uv": [12, 0, 10, 1], "texture": "#cross"},
				"up": {"uv": [10, 0, 12, 1], "rotation": 270, "texture": "#cross"},
				"down": {"uv": [10, 0, 12, 1], "rotation": 90, "texture": "#cross"}
			}
		},
		{
			"name": "pale_hanging_moss_4",
			"from": [1.98959, 14, -0.6967],
			"to": [2.98959, 16, 0.3033],
			"rotation": {"angle": -45, "axis": "y", "origin": [1.98959, 0, 13.3033]},
			"faces": {
				"north": {"uv": [13, 0, 14, 2], "texture": "#cross"},
				"east": {"uv": [13, 0, 14, 2], "texture": "#cross"},
				"south": {"uv": [13, 0, 14, 2], "texture": "#cross"},
				"west": {"uv": [14, 0, 13, 2], "texture": "#cross"},
				"up": {"uv": [13, 0, 14, 1], "rotation": 270, "texture": "#cross"},
				"down": {"uv": [13, 1, 14, 2], "rotation": 90, "texture": "#cross"}
			}
		},
		{
			"name": "pale_hanging_moss_5",
			"from": [1.98959, 10, 8.3033],
			"to": [2.98959, 15, 9.3033],
			"rotation": {"angle": -45, "axis": "y", "origin": [1.98959, 0, 13.3033]},
			"faces": {
				"north": {"uv": [4, 1, 5, 6], "texture": "#cross"},
				"east": {"uv": [4, 1, 5, 6], "texture": "#cross"},
				"south": {"uv": [4, 1, 5, 6], "texture": "#cross"},
				"west": {"uv": [5, 1, 4, 6], "texture": "#cross"},
				"up": {"uv": [4, 1, 5, 2], "rotation": 270, "texture": "#cross"},
				"down": {"uv": [4, 5, 5, 6], "rotation": 90, "texture": "#cross"}
			}
		},
		{
			"name": "pale_hanging_moss_6",
			"from": [1.98959, 9, 2.3033],
			"to": [2.98959, 15, 3.3033],
			"rotation": {"angle": -45, "axis": "y", "origin": [1.98959, 0, 13.3033]},
			"faces": {
				"north": {"uv": [10, 1, 11, 7], "texture": "#cross"},
				"east": {"uv": [10, 1, 11, 7], "texture": "#cross"},
				"south": {"uv": [10, 1, 11, 7], "texture": "#cross"},
				"west": {"uv": [11, 1, 10, 7], "texture": "#cross"},
				"up": {"uv": [10, 1, 11, 2], "rotation": 270, "texture": "#cross"},
				"down": {"uv": [10, 6, 11, 7], "rotation": 90, "texture": "#cross"}
			}
		},
		{
			"name": "pale_hanging_moss_7",
			"from": [1.98959, 13, -1.6967],
			"to": [2.98959, 15, -0.6967],
			"rotation": {"angle": -45, "axis": "y", "origin": [1.98959, 0, 13.3033]},
			"faces": {
				"north": {"uv": [14, 1, 15, 3], "texture": "#cross"},
				"east": {"uv": [14, 1, 15, 3], "texture": "#cross"},
				"south": {"uv": [14, 1, 15, 3], "texture": "#cross"},
				"west": {"uv": [15, 1, 14, 3], "texture": "#cross"},
				"up": {"uv": [14, 1, 15, 2], "rotation": 270, "texture": "#cross"},
				"down": {"uv": [14, 2, 15, 3], "rotation": 90, "texture": "#cross"}
			}
		},
		{
			"name": "pale_hanging_moss_8",
			"from": [1.98959, 11, 9.3033],
			"to": [2.98959, 14, 10.3033],
			"rotation": {"angle": -45, "axis": "y", "origin": [1.98959, 0, 13.3033]},
			"faces": {
				"north": {"uv": [3, 2, 4, 5], "texture": "#cross"},
				"east": {"uv": [3, 2, 4, 5], "texture": "#cross"},
				"south": {"uv": [3, 2, 4, 5], "texture": "#cross"},
				"west": {"uv": [4, 2, 3, 5], "texture": "#cross"},
				"up": {"uv": [3, 2, 4, 3], "rotation": 270, "texture": "#cross"},
				"down": {"uv": [3, 4, 4, 5], "rotation": 90, "texture": "#cross"}
			}
		},
		{
			"name": "pale_hanging_moss_9",
			"from": [1.98959, 8, 3.3033],
			"to": [2.98959, 14, 4.3033],
			"rotation": {"angle": -45, "axis": "y", "origin": [1.98959, 0, 13.3033]},
			"faces": {
				"north": {"uv": [9, 2, 10, 8], "texture": "#cross"},
				"east": {"uv": [9, 2, 10, 8], "texture": "#cross"},
				"south": {"uv": [9, 2, 10, 8], "texture": "#cross"},
				"west": {"uv": [10, 2, 9, 8], "texture": "#cross"},
				"up": {"uv": [9, 2, 10, 3], "rotation": 270, "texture": "#cross"},
				"down": {"uv": [9, 7, 10, 8], "rotation": 90, "texture": "#cross"}
			}
		},
		{
			"name": "pale_hanging_moss_10",
			"from": [1.98959, 12, 0.3033],
			"to": [2.98959, 14, 1.3033],
			"rotation": {"angle": -45, "axis": "y", "origin": [1.98959, 0, 13.3033]},
			"faces": {
				"north": {"uv": [12, 2, 13, 4], "texture": "#cross"},
				"east": {"uv": [12, 2, 13, 4], "texture": "#cross"},
				"south": {"uv": [12, 2, 13, 4], "texture": "#cross"},
				"west": {"uv": [13, 2, 12, 4], "texture": "#cross"},
				"up": {"uv": [12, 2, 13, 3], "rotation": 270, "texture": "#cross"},
				"down": {"uv": [12, 3, 13, 4], "rotation": 90, "texture": "#cross"}
			}
		},
		{
			"name": "pale_hanging_moss_11",
			"from": [1.98959, 11, 6.3033],
			"to": [2.98959, 13, 7.3033],
			"rotation": {"angle": -45, "axis": "y", "origin": [1.98959, 0, 13.3033]},
			"faces": {
				"north": {"uv": [6, 3, 7, 5], "texture": "#cross"},
				"east": {"uv": [6, 3, 7, 5], "texture": "#cross"},
				"south": {"uv": [6, 3, 7, 5], "texture": "#cross"},
				"west": {"uv": [7, 3, 6, 5], "texture": "#cross"},
				"up": {"uv": [6, 3, 7, 4], "rotation": 270, "texture": "#cross"},
				"down": {"uv": [6, 4, 7, 5], "rotation": 90, "texture": "#cross"}
			}
		},
		{
			"name": "pale_hanging_moss_12",
			"from": [1.98959, 12, 1.3033],
			"to": [2.98959, 13, 2.3033],
			"rotation": {"angle": -45, "axis": "y", "origin": [1.98959, 0, 13.3033]},
			"faces": {
				"north": {"uv": [11, 3, 12, 4], "texture": "#cross"},
				"east": {"uv": [11, 3, 12, 4], "texture": "#cross"},
				"south": {"uv": [11, 3, 12, 4], "texture": "#cross"},
				"west": {"uv": [12, 3, 11, 4], "texture": "#cross"},
				"up": {"uv": [11, 3, 12, 4], "rotation": 270, "texture": "#cross"},
				"down": {"uv": [11, 3, 12, 4], "rotation": 90, "texture": "#cross"}
			}
		},
		{
			"name": "pale_hanging_moss_13",
			"from": [1.98959, 9, -2.6967],
			"to": [2.98959, 13, -1.6967],
			"rotation": {"angle": -45, "axis": "y", "origin": [1.98959, 0, 13.3033]},
			"faces": {
				"north": {"uv": [15, 3, 16, 7], "texture": "#cross"},
				"east": {"uv": [15, 3, 16, 7], "texture": "#cross"},
				"south": {"uv": [15, 3, 16, 7], "texture": "#cross"},
				"west": {"uv": [16, 3, 15, 7], "texture": "#cross"},
				"up": {"uv": [15, 3, 16, 4], "rotation": 270, "texture": "#cross"},
				"down": {"uv": [15, 6, 16, 7], "rotation": 90, "texture": "#cross"}
			}
		},
		{
			"name": "pale_hanging_moss_14",
			"from": [1.98959, 4, 10.3033],
			"to": [2.98959, 12, 11.3033],
			"rotation": {"angle": -45, "axis": "y", "origin": [1.98959, 0, 13.3033]},
			"faces": {
				"north": {"uv": [2, 4, 3, 12], "texture": "#cross"},
				"east": {"uv": [2, 4, 3, 12], "texture": "#cross"},
				"south": {"uv": [2, 4, 3, 12], "texture": "#cross"},
				"west": {"uv": [3, 4, 2, 12], "texture": "#cross"},
				"up": {"uv": [2, 4, 3, 5], "rotation": 270, "texture": "#cross"},
				"down": {"uv": [2, 11, 3, 12], "rotation": 90, "texture": "#cross"}
			}
		},
		{
			"name": "pale_hanging_moss_15",
			"from": [1.98959, 11, 7.3033],
			"to": [2.98959, 12, 8.3033],
			"rotation": {"angle": -45, "axis": "y", "origin": [1.98959, 0, 13.3033]},
			"faces": {
				"north": {"uv": [5, 4, 6, 5], "texture": "#cross"},
				"east": {"uv": [5, 4, 6, 5], "texture": "#cross"},
				"south": {"uv": [5, 4, 6, 5], "texture": "#cross"},
				"west": {"uv": [6, 4, 5, 5], "texture": "#cross"},
				"up": {"uv": [5, 4, 6, 5], "rotation": 270, "texture": "#cross"},
				"down": {"uv": [5, 4, 6, 5], "rotation": 90, "texture": "#cross"}
			}
		},
		{
			"name": "pale_hanging_moss_16",
			"from": [1.98959, 7, 1.3033],
			"to": [2.98959, 11, 2.3033],
			"rotation": {"angle": -45, "axis": "y", "origin": [1.98959, 0, 13.3033]},
			"faces": {
				"north": {"uv": [11, 5, 12, 9], "texture": "#cross"},
				"east": {"uv": [11, 5, 12, 9], "texture": "#cross"},
				"south": {"uv": [11, 5, 12, 9], "texture": "#cross"},
				"west": {"uv": [12, 5, 11, 9], "texture": "#cross"},
				"up": {"uv": [11, 5, 12, 6], "rotation": 270, "texture": "#cross"},
				"down": {"uv": [11, 8, 12, 9], "rotation": 90, "texture": "#cross"}
			}
		},
		{
			"name": "pale_hanging_moss_17",
			"from": [1.98959, 7, 7.3033],
			"to": [2.98959, 10, 8.3033],
			"rotation": {"angle": -45, "axis": "y", "origin": [1.98959, 0, 13.3033]},
			"faces": {
				"north": {"uv": [5, 6, 6, 9], "texture": "#cross"},
				"east": {"uv": [5, 6, 6, 9], "texture": "#cross"},
				"south": {"uv": [5, 6, 6, 9], "texture": "#cross"},
				"west": {"uv": [6, 6, 5, 9], "texture": "#cross"},
				"up": {"uv": [5, 6, 6, 7], "rotation": 270, "texture": "#cross"},
				"down": {"uv": [5, 8, 6, 9], "rotation": 90, "texture": "#cross"}
			}
		},
		{
			"name": "pale_hanging_moss_18",
			"from": [1.98959, 7, -1.6967],
			"to": [2.98959, 10, -0.6967],
			"rotation": {"angle": -45, "axis": "y", "origin": [1.98959, 0, 13.3033]},
			"faces": {
				"north": {"uv": [14, 6, 15, 9], "texture": "#cross"},
				"east": {"uv": [14, 6, 15, 9], "texture": "#cross"},
				"south": {"uv": [14, 6, 15, 9], "texture": "#cross"},
				"west": {"uv": [15, 6, 14, 9], "texture": "#cross"},
				"up": {"uv": [14, 6, 15, 7], "rotation": 270, "texture": "#cross"},
				"down": {"uv": [14, 8, 15, 9], "rotation": 90, "texture": "#cross"}
			}
		},
		{
			"name": "pale_hanging_moss_19",
			"from": [1.98959, 5, 6.3033],
			"to": [2.98959, 9, 7.3033],
			"rotation": {"angle": -45, "axis": "y", "origin": [1.98959, 0, 13.3033]},
			"faces": {
				"north": {"uv": [6, 7, 7, 11], "texture": "#cross"},
				"east": {"uv": [6, 7, 7, 11], "texture": "#cross"},
				"south": {"uv": [6, 7, 7, 11], "texture": "#cross"},
				"west": {"uv": [7, 7, 6, 11], "texture": "#cross"},
				"up": {"uv": [6, 7, 7, 8], "rotation": 270, "texture": "#cross"},
				"down": {"uv": [6, 10, 7, 11], "rotation": 90, "texture": "#cross"}
			}
		},
		{
			"name": "pale_hanging_moss_20",
			"from": [1.98959, 5, 4.3033],
			"to": [2.98959, 9, 5.3033],
			"rotation": {"angle": -45, "axis": "y", "origin": [1.98959, 0, 13.3033]},
			"faces": {
				"north": {"uv": [8, 7, 9, 11], "texture": "#cross"},
				"east": {"uv": [8, 7, 9, 11], "texture": "#cross"},
				"south": {"uv": [8, 7, 9, 11], "texture": "#cross"},
				"west": {"uv": [9, 7, 8, 11], "texture": "#cross"},
				"up": {"uv": [8, 7, 9, 8], "rotation": 270, "texture": "#cross"},
				"down": {"uv": [8, 10, 9, 11], "rotation": 90, "texture": "#cross"}
			}
		},
		{
			"name": "pale_hanging_moss_21",
			"from": [1.98959, 2, 9.3033],
			"to": [2.98959, 8, 10.3033],
			"rotation": {"angle": -45, "axis": "y", "origin": [1.98959, 0, 13.3033]},
			"faces": {
				"north": {"uv": [3, 8, 4, 14], "texture": "#cross"},
				"east": {"uv": [3, 8, 4, 14], "texture": "#cross"},
				"south": {"uv": [3, 8, 4, 14], "texture": "#cross"},
				"west": {"uv": [4, 8, 3, 14], "texture": "#cross"},
				"up": {"uv": [3, 8, 4, 9], "rotation": 270, "texture": "#cross"},
				"down": {"uv": [3, 13, 4, 14], "rotation": 90, "texture": "#cross"}
			}
		},
		{
			"name": "pale_hanging_moss_22",
			"from": [1.98959, 4, 5.3033],
			"to": [2.98959, 8, 6.3033],
			"rotation": {"angle": -45, "axis": "y", "origin": [1.98959, 0, 13.3033]},
			"faces": {
				"north": {"uv": [7, 8, 8, 12], "texture": "#cross"},
				"east": {"uv": [7, 8, 8, 12], "texture": "#cross"},
				"south": {"uv": [7, 8, 8, 12], "texture": "#cross"},
				"west": {"uv": [8, 8, 7, 12], "texture": "#cross"},
				"up": {"uv": [7, 8, 8, 9], "rotation": 270, "texture": "#cross"},
				"down": {"uv": [7, 11, 8, 12], "rotation": 90, "texture": "#cross"}
			}
		},
		{
			"name": "pale_hanging_moss_23",
			"from": [1.98959, 0, 2.3033],
			"to": [2.98959, 8, 3.3033],
			"rotation": {"angle": -45, "axis": "y", "origin": [1.98959, 0, 13.3033]},
			"faces": {
				"north": {"uv": [10, 8, 11, 16], "texture": "#cross"},
				"east": {"uv": [10, 8, 11, 16], "texture": "#cross"},
				"south": {"uv": [10, 8, 11, 16], "texture": "#cross"},
				"west": {"uv": [11, 8, 10, 16], "texture": "#cross"},
				"up": {"uv": [10, 8, 11, 9], "rotation": 270, "texture": "#cross"},
				"down": {"uv": [10, 15, 11, 16], "rotation": 90, "texture": "#cross"}
			}
		},
		{
			"name": "pale_hanging_moss_24",
			"from": [1.98959, 3, -0.6967],
			"to": [2.98959, 8, 0.3033],
			"rotation": {"angle": -45, "axis": "y", "origin": [1.98959, 0, 13.3033]},
			"faces": {
				"north": {"uv": [13, 8, 14, 13], "texture": "#cross"},
				"east": {"uv": [13, 8, 14, 13], "texture": "#cross"},
				"south": {"uv": [13, 8, 14, 13], "texture": "#cross"},
				"west": {"uv": [14, 8, 13, 13], "texture": "#cross"},
				"up": {"uv": [13, 8, 14, 9], "rotation": 270, "texture": "#cross"},
				"down": {"uv": [13, 12, 14, 13], "rotation": 90, "texture": "#cross"}
			}
		},
		{
			"name": "pale_hanging_moss_25",
			"from": [1.98959, 5, 12.3033],
			"to": [2.98959, 6, 13.3033],
			"rotation": {"angle": -45, "axis": "y", "origin": [1.98959, 0, 13.3033]},
			"faces": {
				"north": {"uv": [0, 10, 1, 11], "texture": "#cross"},
				"east": {"uv": [0, 10, 1, 11], "texture": "#cross"},
				"south": {"uv": [0, 10, 1, 11], "texture": "#cross"},
				"west": {"uv": [1, 10, 0, 11], "texture": "#cross"},
				"up": {"uv": [0, 10, 1, 11], "rotation": 270, "texture": "#cross"},
				"down": {"uv": [0, 10, 1, 11], "rotation": 90, "texture": "#cross"}
			}
		},
		{
			"name": "pale_hanging_moss_26",
			"from": [1.98959, 4, 7.3033],
			"to": [2.98959, 6, 8.3033],
			"rotation": {"angle": -45, "axis": "y", "origin": [1.98959, 0, 13.3033]},
			"faces": {
				"north": {"uv": [5, 10, 6, 12], "texture": "#cross"},
				"east": {"uv": [5, 10, 6, 12], "texture": "#cross"},
				"south": {"uv": [5, 10, 6, 12], "texture": "#cross"},
				"west": {"uv": [6, 10, 5, 12], "texture": "#cross"},
				"up": {"uv": [5, 10, 6, 11], "rotation": 270, "texture": "#cross"},
				"down": {"uv": [5, 11, 6, 12], "rotation": 90, "texture": "#cross"}
			}
		},
		{
			"name": "pale_hanging_moss_27",
			"from": [1.98959, 0, 0.3033],
			"to": [2.98959, 6, 1.3033],
			"rotation": {"angle": -45, "axis": "y", "origin": [1.98959, 0, 13.3033]},
			"faces": {
				"north": {"uv": [12, 10, 13, 16], "texture": "#cross"},
				"east": {"uv": [12, 10, 13, 16], "texture": "#cross"},
				"south": {"uv": [12, 10, 13, 16], "texture": "#cross"},
				"west": {"uv": [13, 10, 12, 16], "texture": "#cross"},
				"up": {"uv": [12, 10, 13, 11], "rotation": 270, "texture": "#cross"},
				"down": {"uv": [12, 15, 13, 16], "rotation": 90, "texture": "#cross"}
			}
		},
		{
			"name": "pale_hanging_moss_28",
			"from": [1.98959, 4, 11.3033],
			"to": [2.98959, 5, 12.3033],
			"rotation": {"angle": -45, "axis": "y", "origin": [1.98959, 0, 13.3033]},
			"faces": {
				"north": {"uv": [1, 11, 2, 12], "texture": "#cross"},
				"east": {"uv": [1, 11, 2, 12], "texture": "#cross"},
				"south": {"uv": [1, 11, 2, 12], "texture": "#cross"},
				"west": {"uv": [2, 11, 1, 12], "texture": "#cross"},
				"up": {"uv": [1, 11, 2, 12], "rotation": 270, "texture": "#cross"},
				"down": {"uv": [1, 11, 2, 12], "rotation": 90, "texture": "#cross"}
			}
		},
		{
			"name": "pale_hanging_moss_29",
			"from": [1.98959, 0, 8.3033],
			"to": [2.98959, 5, 9.3033],
			"rotation": {"angle": -45, "axis": "y", "origin": [1.98959, 0, 13.3033]},
			"faces": {
				"north": {"uv": [4, 11, 5, 16], "texture": "#cross"},
				"east": {"uv": [4, 11, 5, 16], "texture": "#cross"},
				"south": {"uv": [4, 11, 5, 16], "texture": "#cross"},
				"west": {"uv": [5, 11, 4, 16], "texture": "#cross"},
				"up": {"uv": [4, 11, 5, 12], "rotation": 270, "texture": "#cross"},
				"down": {"uv": [4, 15, 5, 16], "rotation": 90, "texture": "#cross"}
			}
		},
		{
			"name": "pale_hanging_moss_30",
			"from": [1.98959, 4, -2.6967],
			"to": [2.98959, 5, -1.6967],
			"rotation": {"angle": -45, "axis": "y", "origin": [1.98959, 0, 13.3033]},
			"faces": {
				"north": {"uv": [15, 11, 16, 12], "texture": "#cross"},
				"east": {"uv": [15, 11, 16, 12], "texture": "#cross"},
				"south": {"uv": [15, 11, 16, 12], "texture": "#cross"},
				"west": {"uv": [16, 11, 15, 12], "texture": "#cross"},
				"up": {"uv": [15, 11, 16, 12], "rotation": 270, "texture": "#cross"},
				"down": {"uv": [15, 11, 16, 12], "rotation": 90, "texture": "#cross"}
			}
		},
		{
			"name": "pale_hanging_moss_31",
			"from": [1.98959, 0, 4.3033],
			"to": [2.98959, 4, 5.3033],
			"rotation": {"angle": -45, "axis": "y", "origin": [1.98959, 0, 13.3033]},
			"faces": {
				"north": {"uv": [8, 12, 9, 16], "texture": "#cross"},
				"east": {"uv": [8, 12, 9, 16], "texture": "#cross"},
				"south": {"uv": [8, 12, 9, 16], "texture": "#cross"},
				"west": {"uv": [9, 12, 8, 16], "texture": "#cross"},
				"up": {"uv": [8, 12, 9, 13], "rotation": 270, "texture": "#cross"},
				"down": {"uv": [8, 15, 9, 16], "rotation": 90, "texture": "#cross"}
			}
		},
		{
			"name": "pale_hanging_moss_32",
			"from": [1.98959, 3, -1.6967],
			"to": [2.98959, 4, -0.6967],
			"rotation": {"angle": -45, "axis": "y", "origin": [1.98959, 0, 13.3033]},
			"faces": {
				"north": {"uv": [14, 12, 15, 13], "texture": "#cross"},
				"east": {"uv": [14, 12, 15, 13], "texture": "#cross"},
				"south": {"uv": [14, 12, 15, 13], "texture": "#cross"},
				"west": {"uv": [15, 12, 14, 13], "texture": "#cross"},
				"up": {"uv": [14, 12, 15, 13], "rotation": 270, "texture": "#cross"},
				"down": {"uv": [14, 12, 15, 13], "rotation": 90, "texture": "#cross"}
			}
		},
		{
			"name": "pale_hanging_moss_33",
			"from": [1.98959, 2, 10.3033],
			"to": [2.98959, 3, 11.3033],
			"rotation": {"angle": -45, "axis": "y", "origin": [1.98959, 0, 13.3033]},
			"faces": {
				"north": {"uv": [2, 13, 3, 14], "texture": "#cross"},
				"east": {"uv": [2, 13, 3, 14], "texture": "#cross"},
				"south": {"uv": [2, 13, 3, 14], "texture": "#cross"},
				"west": {"uv": [3, 13, 2, 14], "texture": "#cross"},
				"up": {"uv": [2, 13, 3, 14], "rotation": 270, "texture": "#cross"},
				"down": {"uv": [2, 13, 3, 14], "rotation": 90, "texture": "#cross"}
			}
		},
		{
			"name": "pale_hanging_moss_34",
			"from": [1.98959, 2, 6.3033],
			"to": [2.98959, 3, 7.3033],
			"rotation": {"angle": -45, "axis": "y", "origin": [1.98959, 0, 13.3033]},
			"faces": {
				"north": {"uv": [6, 13, 7, 14], "texture": "#cross"},
				"east": {"uv": [6, 13, 7, 14], "texture": "#cross"},
				"south": {"uv": [6, 13, 7, 14], "texture": "#cross"},
				"west": {"uv": [7, 13, 6, 14], "texture": "#cross"},
				"up": {"uv": [6, 13, 7, 14], "rotation": 270, "texture": "#cross"},
				"down": {"uv": [6, 13, 7, 14], "rotation": 90, "texture": "#cross"}
			}
		},
		{
			"name": "pale_hanging_moss_35",
			"from": [1.98959, 1, 11.3033],
			"to": [2.98959, 2, 12.3033],
			"rotation": {"angle": -45, "axis": "y", "origin": [1.98959, 0, 13.3033]},
			"faces": {
				"north": {"uv": [1, 14, 2, 15], "texture": "#cross"},
				"east": {"uv": [1, 14, 2, 15], "texture": "#cross"},
				"south": {"uv": [1, 14, 2, 15], "texture": "#cross"},
				"west": {"uv": [2, 14, 1, 15], "texture": "#cross"},
				"up": {"uv": [1, 14, 2, 15], "rotation": 270, "texture": "#cross"},
				"down": {"uv": [1, 14, 2, 15], "rotation": 90, "texture": "#cross"}
			}
		},
		{
			"name": "pale_hanging_moss_36",
			"from": [1.98959, 1, 7.3033],
			"to": [2.98959, 2, 8.3033],
			"rotation": {"angle": -45, "axis": "y", "origin": [1.98959, 0, 13.3033]},
			"faces": {
				"north": {"uv": [5, 14, 6, 15], "texture": "#cross"},
				"east": {"uv": [5, 14, 6, 15], "texture": "#cross"},
				"south": {"uv": [5, 14, 6, 15], "texture": "#cross"},
				"west": {"uv": [6, 14, 5, 15], "texture": "#cross"},
				"up": {"uv": [5, 14, 6, 15], "rotation": 270, "texture": "#cross"},
				"down": {"uv": [5, 14, 6, 15], "rotation": 90, "texture": "#cross"}
			}
		},
		{
			"name": "pale_hanging_moss_37",
			"from": [1.98959, 0, 9.3033],
			"to": [2.98959, 1, 11.3033],
			"rotation": {"angle": -45, "axis": "y", "origin": [1.98959, 0, 13.3033]},
			"faces": {
				"north": {"uv": [3, 15, 4, 16], "texture": "#cross"},
				"east": {"uv": [2, 15, 4, 16], "texture": "#cross"},
				"south": {"uv": [2, 15, 3, 16], "texture": "#cross"},
				"west": {"uv": [4, 15, 2, 16], "texture": "#cross"},
				"up": {"uv": [2, 15, 4, 16], "rotation": 270, "texture": "#cross"},
				"down": {"uv": [2, 15, 4, 16], "rotation": 90, "texture": "#cross"}
			}
		},
		{
			"name": "pale_hanging_moss_38",
			"from": [1.98959, 0, 5.3033],
			"to": [2.98959, 1, 6.3033],
			"rotation": {"angle": -45, "axis": "y", "origin": [1.98959, 0, 13.3033]},
			"faces": {
				"north": {"uv": [7, 15, 8, 16], "texture": "#cross"},
				"east": {"uv": [7, 15, 8, 16], "texture": "#cross"},
				"south": {"uv": [7, 15, 8, 16], "texture": "#cross"},
				"west": {"uv": [8, 15, 7, 16], "texture": "#cross"},
				"up": {"uv": [7, 15, 8, 16], "rotation": 270, "texture": "#cross"},
				"down": {"uv": [7, 15, 8, 16], "rotation": 90, "texture": "#cross"}
			}
		},
		{
			"name": "pale_hanging_moss_39",
			"from": [1.98959, 0, 1.3033],
			"to": [2.98959, 1, 2.3033],
			"rotation": {"angle": -45, "axis": "y", "origin": [1.98959, 0, 13.3033]},
			"faces": {
				"north": {"uv": [11, 15, 12, 16], "texture": "#cross"},
				"east": {"uv": [11, 15, 12, 16], "texture": "#cross"},
				"south": {"uv": [11, 15, 12, 16], "texture": "#cross"},
				"west": {"uv": [12, 15, 11, 16], "texture": "#cross"},
				"up": {"uv": [11, 15, 12, 16], "rotation": 270, "texture": "#cross"},
				"down": {"uv": [11, 15, 12, 16], "rotation": 90, "texture": "#cross"}
			}
		},
		{
			"name": "pale_hanging_moss_40",
			"from": [1.98959, 0, -0.6967],
			"to": [2.98959, 1, 0.3033],
			"rotation": {"angle": -45, "axis": "y", "origin": [1.98959, 0, 13.3033]},
			"faces": {
				"north": {"uv": [13, 15, 14, 16], "texture": "#cross"},
				"east": {"uv": [13, 15, 14, 16], "texture": "#cross"},
				"south": {"uv": [13, 15, 14, 16], "texture": "#cross"},
				"west": {"uv": [14, 15, 13, 16], "texture": "#cross"},
				"up": {"uv": [13, 15, 14, 16], "rotation": 270, "texture": "#cross"},
				"down": {"uv": [13, 15, 14, 16], "rotation": 90, "texture": "#cross"}
			}
		},
		{
			"name": "pale_hanging_moss_1",
			"from": [13.01041, 13, 10.3033],
			"to": [14.01041, 16, 11.3033],
			"rotation": {"angle": 45, "axis": "y", "origin": [14.01041, 0, 13.3033]},
			"faces": {
				"north": {"uv": [3, 0, 2, 3], "texture": "#cross"},
				"east": {"uv": [2, 0, 3, 3], "texture": "#cross"},
				"south": {"uv": [3, 0, 2, 3], "texture": "#cross"},
				"west": {"uv": [3, 0, 2, 3], "texture": "#cross"},
				"up": {"uv": [2, 1, 3, 0], "rotation": 270, "texture": "#cross"},
				"down": {"uv": [2, 3, 3, 2], "rotation": 90, "texture": "#cross"}
			}
		},
		{
			"name": "pale_hanging_moss_2",
			"from": [13.01041, 15, 7.3033],
			"to": [14.01041, 16, 8.3033],
			"rotation": {"angle": 45, "axis": "y", "origin": [14.01041, 0, 13.3033]},
			"faces": {
				"north": {"uv": [6, 0, 5, 1], "texture": "#cross"},
				"east": {"uv": [5, 0, 6, 1], "texture": "#cross"},
				"south": {"uv": [6, 0, 5, 1], "texture": "#cross"},
				"west": {"uv": [6, 0, 5, 1], "texture": "#cross"},
				"up": {"uv": [5, 1, 6, 0], "rotation": 270, "texture": "#cross"},
				"down": {"uv": [5, 1, 6, 0], "rotation": 90, "texture": "#cross"}
			}
		},
		{
			"name": "pale_hanging_moss_3",
			"from": [13.01041, 13, 4.3033],
			"to": [14.01041, 16, 5.3033],
			"rotation": {"angle": 45, "axis": "y", "origin": [14.01041, 0, 13.3033]},
			"faces": {
				"north": {"uv": [9, 0, 8, 3], "texture": "#cross"},
				"east": {"uv": [8, 0, 9, 3], "texture": "#cross"},
				"south": {"uv": [9, 0, 8, 3], "texture": "#cross"},
				"west": {"uv": [9, 0, 8, 3], "texture": "#cross"},
				"up": {"uv": [8, 1, 9, 0], "rotation": 270, "texture": "#cross"},
				"down": {"uv": [8, 3, 9, 2], "rotation": 90, "texture": "#cross"}
			}
		},
		{
			"name": "pale_hanging_moss_4",
			"from": [13.01041, 15, 1.3033],
			"to": [14.01041, 16, 3.3033],
			"rotation": {"angle": 45, "axis": "y", "origin": [14.01041, 0, 13.3033]},
			"faces": {
				"north": {"uv": [12, 0, 11, 1], "texture": "#cross"},
				"east": {"uv": [10, 0, 12, 1], "texture": "#cross"},
				"south": {"uv": [11, 0, 10, 1], "texture": "#cross"},
				"west": {"uv": [12, 0, 10, 1], "texture": "#cross"},
				"up": {"uv": [10, 1, 12, 0], "rotation": 270, "texture": "#cross"},
				"down": {"uv": [10, 1, 12, 0], "rotation": 90, "texture": "#cross"}
			}
		},
		{
			"name": "pale_hanging_moss_5",
			"from": [13.01041, 14, -0.6967],
			"to": [14.01041, 16, 0.3033],
			"rotation": {"angle": 45, "axis": "y", "origin": [14.01041, 0, 13.3033]},
			"faces": {
				"north": {"uv": [14, 0, 13, 2], "texture": "#cross"},
				"east": {"uv": [13, 0, 14, 2], "texture": "#cross"},
				"south": {"uv": [14, 0, 13, 2], "texture": "#cross"},
				"west": {"uv": [14, 0, 13, 2], "texture": "#cross"},
				"up": {"uv": [13, 1, 14, 0], "rotation": 270, "texture": "#cross"},
				"down": {"uv": [13, 2, 14, 1], "rotation": 90, "texture": "#cross"}
			}
		},
		{
			"name": "pale_hanging_moss_6",
			"from": [13.01041, 10, 8.3033],
			"to": [14.01041, 15, 9.3033],
			"rotation": {"angle": 45, "axis": "y", "origin": [14.01041, 0, 13.3033]},
			"faces": {
				"north": {"uv": [5, 1, 4, 6], "texture": "#cross"},
				"east": {"uv": [4, 1, 5, 6], "texture": "#cross"},
				"south": {"uv": [5, 1, 4, 6], "texture": "#cross"},
				"west": {"uv": [5, 1, 4, 6], "texture": "#cross"},
				"up": {"uv": [4, 2, 5, 1], "rotation": 270, "texture": "#cross"},
				"down": {"uv": [4, 6, 5, 5], "rotation": 90, "texture": "#cross"}
			}
		},
		{
			"name": "pale_hanging_moss_7",
			"from": [13.01041, 9, 2.3033],
			"to": [14.01041, 15, 3.3033],
			"rotation": {"angle": 45, "axis": "y", "origin": [14.01041, 0, 13.3033]},
			"faces": {
				"north": {"uv": [11, 1, 10, 7], "texture": "#cross"},
				"east": {"uv": [10, 1, 11, 7], "texture": "#cross"},
				"south": {"uv": [11, 1, 10, 7], "texture": "#cross"},
				"west": {"uv": [11, 1, 10, 7], "texture": "#cross"},
				"up": {"uv": [10, 2, 11, 1], "rotation": 270, "texture": "#cross"},
				"down": {"uv": [10, 7, 11, 6], "rotation": 90, "texture": "#cross"}
			}
		},
		{
			"name": "pale_hanging_moss_8",
			"from": [13.01041, 13, -1.6967],
			"to": [14.01041, 15, -0.6967],
			"rotation": {"angle": 45, "axis": "y", "origin": [14.01041, 0, 13.3033]},
			"faces": {
				"north": {"uv": [15, 1, 14, 3], "texture": "#cross"},
				"east": {"uv": [14, 1, 15, 3], "texture": "#cross"},
				"south": {"uv": [15, 1, 14, 3], "texture": "#cross"},
				"west": {"uv": [15, 1, 14, 3], "texture": "#cross"},
				"up": {"uv": [14, 2, 15, 1], "rotation": 270, "texture": "#cross"},
				"down": {"uv": [14, 3, 15, 2], "rotation": 90, "texture": "#cross"}
			}
		},
		{
			"name": "pale_hanging_moss_9",
			"from": [13.01041, 11, 9.3033],
			"to": [14.01041, 14, 10.3033],
			"rotation": {"angle": 45, "axis": "y", "origin": [14.01041, 0, 13.3033]},
			"faces": {
				"north": {"uv": [4, 2, 3, 5], "texture": "#cross"},
				"east": {"uv": [3, 2, 4, 5], "texture": "#cross"},
				"south": {"uv": [4, 2, 3, 5], "texture": "#cross"},
				"west": {"uv": [4, 2, 3, 5], "texture": "#cross"},
				"up": {"uv": [3, 3, 4, 2], "rotation": 270, "texture": "#cross"},
				"down": {"uv": [3, 5, 4, 4], "rotation": 90, "texture": "#cross"}
			}
		},
		{
			"name": "pale_hanging_moss_10",
			"from": [13.01041, 8, 3.3033],
			"to": [14.01041, 14, 4.3033],
			"rotation": {"angle": 45, "axis": "y", "origin": [14.01041, 0, 13.3033]},
			"faces": {
				"north": {"uv": [10, 2, 9, 8], "texture": "#cross"},
				"east": {"uv": [9, 2, 10, 8], "texture": "#cross"},
				"south": {"uv": [10, 2, 9, 8], "texture": "#cross"},
				"west": {"uv": [10, 2, 9, 8], "texture": "#cross"},
				"up": {"uv": [9, 3, 10, 2], "rotation": 270, "texture": "#cross"},
				"down": {"uv": [9, 8, 10, 7], "rotation": 90, "texture": "#cross"}
			}
		},
		{
			"name": "pale_hanging_moss_11",
			"from": [13.01041, 12, 0.3033],
			"to": [14.01041, 14, 1.3033],
			"rotation": {"angle": 45, "axis": "y", "origin": [14.01041, 0, 13.3033]},
			"faces": {
				"north": {"uv": [13, 2, 12, 4], "texture": "#cross"},
				"east": {"uv": [12, 2, 13, 4], "texture": "#cross"},
				"south": {"uv": [13, 2, 12, 4], "texture": "#cross"},
				"west": {"uv": [13, 2, 12, 4], "texture": "#cross"},
				"up": {"uv": [12, 3, 13, 2], "rotation": 270, "texture": "#cross"},
				"down": {"uv": [12, 4, 13, 3], "rotation": 90, "texture": "#cross"}
			}
		},
		{
			"name": "pale_hanging_moss_12",
			"from": [13.01041, 11, 6.3033],
			"to": [14.01041, 13, 7.3033],
			"rotation": {"angle": 45, "axis": "y", "origin": [14.01041, 0, 13.3033]},
			"faces": {
				"north": {"uv": [7, 3, 6, 5], "texture": "#cross"},
				"east": {"uv": [6, 3, 7, 5], "texture": "#cross"},
				"south": {"uv": [7, 3, 6, 5], "texture": "#cross"},
				"west": {"uv": [7, 3, 6, 5], "texture": "#cross"},
				"up": {"uv": [6, 4, 7, 3], "rotation": 270, "texture": "#cross"},
				"down": {"uv": [6, 5, 7, 4], "rotation": 90, "texture": "#cross"}
			}
		},
		{
			"name": "pale_hanging_moss_13",
			"from": [13.01041, 12, 1.3033],
			"to": [14.01041, 13, 2.3033],
			"rotation": {"angle": 45, "axis": "y", "origin": [14.01041, 0, 13.3033]},
			"faces": {
				"north": {"uv": [12, 3, 11, 4], "texture": "#cross"},
				"east": {"uv": [11, 3, 12, 4], "texture": "#cross"},
				"south": {"uv": [12, 3, 11, 4], "texture": "#cross"},
				"west": {"uv": [12, 3, 11, 4], "texture": "#cross"},
				"up": {"uv": [11, 4, 12, 3], "rotation": 270, "texture": "#cross"},
				"down": {"uv": [11, 4, 12, 3], "rotation": 90, "texture": "#cross"}
			}
		},
		{
			"name": "pale_hanging_moss_14",
			"from": [13.01041, 9, -2.6967],
			"to": [14.01041, 13, -1.6967],
			"rotation": {"angle": 45, "axis": "y", "origin": [14.01041, 0, 13.3033]},
			"faces": {
				"north": {"uv": [16, 3, 15, 7], "texture": "#cross"},
				"east": {"uv": [15, 3, 16, 7], "texture": "#cross"},
				"south": {"uv": [16, 3, 15, 7], "texture": "#cross"},
				"west": {"uv": [16, 3, 15, 7], "texture": "#cross"},
				"up": {"uv": [15, 4, 16, 3], "rotation": 270, "texture": "#cross"},
				"down": {"uv": [15, 7, 16, 6], "rotation": 90, "texture": "#cross"}
			}
		},
		{
			"name": "pale_hanging_moss_15",
			"from": [13.01041, 4, 10.3033],
			"to": [14.01041, 12, 11.3033],
			"rotation": {"angle": 45, "axis": "y", "origin": [14.01041, 0, 13.3033]},
			"faces": {
				"north": {"uv": [3, 4, 2, 12], "texture": "#cross"},
				"east": {"uv": [2, 4, 3, 12], "texture": "#cross"},
				"south": {"uv": [3, 4, 2, 12], "texture": "#cross"},
				"west": {"uv": [3, 4, 2, 12], "texture": "#cross"},
				"up": {"uv": [2, 5, 3, 4], "rotation": 270, "texture": "#cross"},
				"down": {"uv": [2, 12, 3, 11], "rotation": 90, "texture": "#cross"}
			}
		},
		{
			"name": "pale_hanging_moss_16",
			"from": [13.01041, 11, 7.3033],
			"to": [14.01041, 12, 8.3033],
			"rotation": {"angle": 45, "axis": "y", "origin": [14.01041, 0, 13.3033]},
			"faces": {
				"north": {"uv": [6, 4, 5, 5], "texture": "#cross"},
				"east": {"uv": [5, 4, 6, 5], "texture": "#cross"},
				"south": {"uv": [6, 4, 5, 5], "texture": "#cross"},
				"west": {"uv": [6, 4, 5, 5], "texture": "#cross"},
				"up": {"uv": [5, 5, 6, 4], "rotation": 270, "texture": "#cross"},
				"down": {"uv": [5, 5, 6, 4], "rotation": 90, "texture": "#cross"}
			}
		},
		{
			"name": "pale_hanging_moss_17",
			"from": [13.01041, 7, 1.3033],
			"to": [14.01041, 11, 2.3033],
			"rotation": {"angle": 45, "axis": "y", "origin": [14.01041, 0, 13.3033]},
			"faces": {
				"north": {"uv": [12, 5, 11, 9], "texture": "#cross"},
				"east": {"uv": [11, 5, 12, 9], "texture": "#cross"},
				"south": {"uv": [12, 5, 11, 9], "texture": "#cross"},
				"west": {"uv": [12, 5, 11, 9], "texture": "#cross"},
				"up": {"uv": [11, 6, 12, 5], "rotation": 270, "texture": "#cross"},
				"down": {"uv": [11, 9, 12, 8], "rotation": 90, "texture": "#cross"}
			}
		},
		{
			"name": "pale_hanging_moss_18",
			"from": [13.01041, 7, 7.3033],
			"to": [14.01041, 10, 8.3033],
			"rotation": {"angle": 45, "axis": "y", "origin": [14.01041, 0, 13.3033]},
			"faces": {
				"north": {"uv": [6, 6, 5, 9], "texture": "#cross"},
				"east": {"uv": [5, 6, 6, 9], "texture": "#cross"},
				"south": {"uv": [6, 6, 5, 9], "texture": "#cross"},
				"west": {"uv": [6, 6, 5, 9], "texture": "#cross"},
				"up": {"uv": [5, 7, 6, 6], "rotation": 270, "texture": "#cross"},
				"down": {"uv": [5, 9, 6, 8], "rotation": 90, "texture": "#cross"}
			}
		},
		{
			"name": "pale_hanging_moss_19",
			"from": [13.01041, 7, -1.6967],
			"to": [14.01041, 10, -0.6967],
			"rotation": {"angle": 45, "axis": "y", "origin": [14.01041, 0, 13.3033]},
			"faces": {
				"north": {"uv": [15, 6, 14, 9], "texture": "#cross"},
				"east": {"uv": [14, 6, 15, 9], "texture": "#cross"},
				"south": {"uv": [15, 6, 14, 9], "texture": "#cross"},
				"west": {"uv": [15, 6, 14, 9], "texture": "#cross"},
				"up": {"uv": [14, 7, 15, 6], "rotation": 270, "texture": "#cross"},
				"down": {"uv": [14, 9, 15, 8], "rotation": 90, "texture": "#cross"}
			}
		},
		{
			"name": "pale_hanging_moss_20",
			"from": [13.01041, 5, 6.3033],
			"to": [14.01041, 9, 7.3033],
			"rotation": {"angle": 45, "axis": "y", "origin": [14.01041, 0, 13.3033]},
			"faces": {
				"north": {"uv": [7, 7, 6, 11], "texture": "#cross"},
				"east": {"uv": [6, 7, 7, 11], "texture": "#cross"},
				"south": {"uv": [7, 7, 6, 11], "texture": "#cross"},
				"west": {"uv": [7, 7, 6, 11], "texture": "#cross"},
				"up": {"uv": [6, 8, 7, 7], "rotation": 270, "texture": "#cross"},
				"down": {"uv": [6, 11, 7, 10], "rotation": 90, "texture": "#cross"}
			}
		},
		{
			"name": "pale_hanging_moss_21",
			"from": [13.01041, 5, 4.3033],
			"to": [14.01041, 9, 5.3033],
			"rotation": {"angle": 45, "axis": "y", "origin": [14.01041, 0, 13.3033]},
			"faces": {
				"north": {"uv": [9, 7, 8, 11], "texture": "#cross"},
				"east": {"uv": [8, 7, 9, 11], "texture": "#cross"},
				"south": {"uv": [9, 7, 8, 11], "texture": "#cross"},
				"west": {"uv": [9, 7, 8, 11], "texture": "#cross"},
				"up": {"uv": [8, 8, 9, 7], "rotation": 270, "texture": "#cross"},
				"down": {"uv": [8, 11, 9, 10], "rotation": 90, "texture": "#cross"}
			}
		},
		{
			"name": "pale_hanging_moss_22",
			"from": [13.01041, 2, 9.3033],
			"to": [14.01041, 8, 10.3033],
			"rotation": {"angle": 45, "axis": "y", "origin": [14.01041, 0, 13.3033]},
			"faces": {
				"north": {"uv": [4, 8, 3, 14], "texture": "#cross"},
				"east": {"uv": [3, 8, 4, 14], "texture": "#cross"},
				"south": {"uv": [4, 8, 3, 14], "texture": "#cross"},
				"west": {"uv": [4, 8, 3, 14], "texture": "#cross"},
				"up": {"uv": [3, 9, 4, 8], "rotation": 270, "texture": "#cross"},
				"down": {"uv": [3, 14, 4, 13], "rotation": 90, "texture": "#cross"}
			}
		},
		{
			"name": "pale_hanging_moss_23",
			"from": [13.01041, 4, 5.3033],
			"to": [14.01041, 8, 6.3033],
			"rotation": {"angle": 45, "axis": "y", "origin": [14.01041, 0, 13.3033]},
			"faces": {
				"north": {"uv": [8, 8, 7, 12], "texture": "#cross"},
				"east": {"uv": [7, 8, 8, 12], "texture": "#cross"},
				"south": {"uv": [8, 8, 7, 12], "texture": "#cross"},
				"west": {"uv": [8, 8, 7, 12], "texture": "#cross"},
				"up": {"uv": [7, 9, 8, 8], "rotation": 270, "texture": "#cross"},
				"down": {"uv": [7, 12, 8, 11], "rotation": 90, "texture": "#cross"}
			}
		},
		{
			"name": "pale_hanging_moss_24",
			"from": [13.01041, 0, 2.3033],
			"to": [14.01041, 8, 3.3033],
			"rotation": {"angle": 45, "axis": "y", "origin": [14.01041, 0, 13.3033]},
			"faces": {
				"north": {"uv": [11, 8, 10, 16], "texture": "#cross"},
				"east": {"uv": [10, 8, 11, 16], "texture": "#cross"},
				"south": {"uv": [11, 8, 10, 16], "texture": "#cross"},
				"west": {"uv": [11, 8, 10, 16], "texture": "#cross"},
				"up": {"uv": [10, 9, 11, 8], "rotation": 270, "texture": "#cross"},
				"down": {"uv": [10, 16, 11, 15], "rotation": 90, "texture": "#cross"}
			}
		},
		{
			"name": "pale_hanging_moss_25",
			"from": [13.01041, 3, -0.6967],
			"to": [14.01041, 8, 0.3033],
			"rotation": {"angle": 45, "axis": "y", "origin": [14.01041, 0, 13.3033]},
			"faces": {
				"north": {"uv": [14, 8, 13, 13], "texture": "#cross"},
				"east": {"uv": [13, 8, 14, 13], "texture": "#cross"},
				"south": {"uv": [14, 8, 13, 13], "texture": "#cross"},
				"west": {"uv": [14, 8, 13, 13], "texture": "#cross"},
				"up": {"uv": [13, 9, 14, 8], "rotation": 270, "texture": "#cross"},
				"down": {"uv": [13, 13, 14, 12], "rotation": 90, "texture": "#cross"}
			}
		},
		{
			"name": "pale_hanging_moss_26",
			"from": [13.01041, 5, 12.3033],
			"to": [14.01041, 6, 13.3033],
			"rotation": {"angle": 45, "axis": "y", "origin": [14.01041, 0, 13.3033]},
			"faces": {
				"north": {"uv": [1, 10, 0, 11], "texture": "#cross"},
				"east": {"uv": [0, 10, 1, 11], "texture": "#cross"},
				"south": {"uv": [1, 10, 0, 11], "texture": "#cross"},
				"west": {"uv": [1, 10, 0, 11], "texture": "#cross"},
				"up": {"uv": [0, 11, 1, 10], "rotation": 270, "texture": "#cross"},
				"down": {"uv": [0, 11, 1, 10], "rotation": 90, "texture": "#cross"}
			}
		},
		{
			"name": "pale_hanging_moss_27",
			"from": [13.01041, 4, 7.3033],
			"to": [14.01041, 6, 8.3033],
			"rotation": {"angle": 45, "axis": "y", "origin": [14.01041, 0, 13.3033]},
			"faces": {
				"north": {"uv": [6, 10, 5, 12], "texture": "#cross"},
				"east": {"uv": [5, 10, 6, 12], "texture": "#cross"},
				"south": {"uv": [6, 10, 5, 12], "texture": "#cross"},
				"west": {"uv": [6, 10, 5, 12], "texture": "#cross"},
				"up": {"uv": [5, 11, 6, 10], "rotation": 270, "texture": "#cross"},
				"down": {"uv": [5, 12, 6, 11], "rotation": 90, "texture": "#cross"}
			}
		},
		{
			"name": "pale_hanging_moss_28",
			"from": [13.01041, 0, 0.3033],
			"to": [14.01041, 6, 1.3033],
			"rotation": {"angle": 45, "axis": "y", "origin": [14.01041, 0, 13.3033]},
			"faces": {
				"north": {"uv": [13, 10, 12, 16], "texture": "#cross"},
				"east": {"uv": [12, 10, 13, 16], "texture": "#cross"},
				"south": {"uv": [13, 10, 12, 16], "texture": "#cross"},
				"west": {"uv": [13, 10, 12, 16], "texture": "#cross"},
				"up": {"uv": [12, 11, 13, 10], "rotation": 270, "texture": "#cross"},
				"down": {"uv": [12, 16, 13, 15], "rotation": 90, "texture": "#cross"}
			}
		},
		{
			"name": "pale_hanging_moss_29",
			"from": [13.01041, 4, 11.3033],
			"to": [14.01041, 5, 12.3033],
			"rotation": {"angle": 45, "axis": "y", "origin": [14.01041, 0, 13.3033]},
			"faces": {
				"north": {"uv": [2, 11, 1, 12], "texture": "#cross"},
				"east": {"uv": [1, 11, 2, 12], "texture": "#cross"},
				"south": {"uv": [2, 11, 1, 12], "texture": "#cross"},
				"west": {"uv": [2, 11, 1, 12], "texture": "#cross"},
				"up": {"uv": [1, 12, 2, 11], "rotation": 270, "texture": "#cross"},
				"down": {"uv": [1, 12, 2, 11], "rotation": 90, "texture": "#cross"}
			}
		},
		{
			"name": "pale_hanging_moss_30",
			"from": [13.01041, 0, 8.3033],
			"to": [14.01041, 5, 9.3033],
			"rotation": {"angle": 45, "axis": "y", "origin": [14.01041, 0, 13.3033]},
			"faces": {
				"north": {"uv": [5, 11, 4, 16], "texture": "#cross"},
				"east": {"uv": [4, 11, 5, 16], "texture": "#cross"},
				"south": {"uv": [5, 11, 4, 16], "texture": "#cross"},
				"west": {"uv": [5, 11, 4, 16], "texture": "#cross"},
				"up": {"uv": [4, 12, 5, 11], "rotation": 270, "texture": "#cross"},
				"down": {"uv": [4, 16, 5, 15], "rotation": 90, "texture": "#cross"}
			}
		},
		{
			"name": "pale_hanging_moss_31",
			"from": [13.01041, 4, -2.6967],
			"to": [14.01041, 5, -1.6967],
			"rotation": {"angle": 45, "axis": "y", "origin": [14.01041, 0, 13.3033]},
			"faces": {
				"north": {"uv": [16, 11, 15, 12], "texture": "#cross"},
				"east": {"uv": [15, 11, 16, 12], "texture": "#cross"},
				"south": {"uv": [16, 11, 15, 12], "texture": "#cross"},
				"west": {"uv": [16, 11, 15, 12], "texture": "#cross"},
				"up": {"uv": [15, 12, 16, 11], "rotation": 270, "texture": "#cross"},
				"down": {"uv": [15, 12, 16, 11], "rotation": 90, "texture": "#cross"}
			}
		},
		{
			"name": "pale_hanging_moss_32",
			"from": [13.01041, 0, 4.3033],
			"to": [14.01041, 4, 5.3033],
			"rotation": {"angle": 45, "axis": "y", "origin": [14.01041, 0, 13.3033]},
			"faces": {
				"north": {"uv": [9, 12, 8, 16], "texture": "#cross"},
				"east": {"uv": [8, 12, 9, 16], "texture": "#cross"},
				"south": {"uv": [9, 12, 8, 16], "texture": "#cross"},
				"west": {"uv": [9, 12, 8, 16], "texture": "#cross"},
				"up": {"uv": [8, 13, 9, 12], "rotation": 270, "texture": "#cross"},
				"down": {"uv": [8, 16, 9, 15], "rotation": 90, "texture": "#cross"}
			}
		},
		{
			"name": "pale_hanging_moss_33",
			"from": [13.01041, 3, -1.6967],
			"to": [14.01041, 4, -0.6967],
			"rotation": {"angle": 45, "axis": "y", "origin": [14.01041, 0, 13.3033]},
			"faces": {
				"north": {"uv": [15, 12, 14, 13], "texture": "#cross"},
				"east": {"uv": [14, 12, 15, 13], "texture": "#cross"},
				"south": {"uv": [15, 12, 14, 13], "texture": "#cross"},
				"west": {"uv": [15, 12, 14, 13], "texture": "#cross"},
				"up": {"uv": [14, 13, 15, 12], "rotation": 270, "texture": "#cross"},
				"down": {"uv": [14, 13, 15, 12], "rotation": 90, "texture": "#cross"}
			}
		},
		{
			"name": "pale_hanging_moss_34",
			"from": [13.01041, 2, 10.3033],
			"to": [14.01041, 3, 11.3033],
			"rotation": {"angle": 45, "axis": "y", "origin": [14.01041, 0, 13.3033]},
			"faces": {
				"north": {"uv": [3, 13, 2, 14], "texture": "#cross"},
				"east": {"uv": [2, 13, 3, 14], "texture": "#cross"},
				"south": {"uv": [3, 13, 2, 14], "texture": "#cross"},
				"west": {"uv": [3, 13, 2, 14], "texture": "#cross"},
				"up": {"uv": [2, 14, 3, 13], "rotation": 270, "texture": "#cross"},
				"down": {"uv": [2, 14, 3, 13], "rotation": 90, "texture": "#cross"}
			}
		},
		{
			"name": "pale_hanging_moss_35",
			"from": [13.01041, 2, 6.3033],
			"to": [14.01041, 3, 7.3033],
			"rotation": {"angle": 45, "axis": "y", "origin": [14.01041, 0, 13.3033]},
			"faces": {
				"north": {"uv": [7, 13, 6, 14], "texture": "#cross"},
				"east": {"uv": [6, 13, 7, 14], "texture": "#cross"},
				"south": {"uv": [7, 13, 6, 14], "texture": "#cross"},
				"west": {"uv": [7, 13, 6, 14], "texture": "#cross"},
				"up": {"uv": [6, 14, 7, 13], "rotation": 270, "texture": "#cross"},
				"down": {"uv": [6, 14, 7, 13], "rotation": 90, "texture": "#cross"}
			}
		},
		{
			"name": "pale_hanging_moss_36",
			"from": [13.01041, 1, 11.3033],
			"to": [14.01041, 2, 12.3033],
			"rotation": {"angle": 45, "axis": "y", "origin": [14.01041, 0, 13.3033]},
			"faces": {
				"north": {"uv": [2, 14, 1, 15], "texture": "#cross"},
				"east": {"uv": [1, 14, 2, 15], "texture": "#cross"},
				"south": {"uv": [2, 14, 1, 15], "texture": "#cross"},
				"west": {"uv": [2, 14, 1, 15], "texture": "#cross"},
				"up": {"uv": [1, 15, 2, 14], "rotation": 270, "texture": "#cross"},
				"down": {"uv": [1, 15, 2, 14], "rotation": 90, "texture": "#cross"}
			}
		},
		{
			"name": "pale_hanging_moss_37",
			"from": [13.01041, 1, 7.3033],
			"to": [14.01041, 2, 8.3033],
			"rotation": {"angle": 45, "axis": "y", "origin": [14.01041, 0, 13.3033]},
			"faces": {
				"north": {"uv": [6, 14, 5, 15], "texture": "#cross"},
				"east": {"uv": [5, 14, 6, 15], "texture": "#cross"},
				"south": {"uv": [6, 14, 5, 15], "texture": "#cross"},
				"west": {"uv": [6, 14, 5, 15], "texture": "#cross"},
				"up": {"uv": [5, 15, 6, 14], "rotation": 270, "texture": "#cross"},
				"down": {"uv": [5, 15, 6, 14], "rotation": 90, "texture": "#cross"}
			}
		},
		{
			"name": "pale_hanging_moss_38",
			"from": [13.01041, 0, 9.3033],
			"to": [14.01041, 1, 11.3033],
			"rotation": {"angle": 45, "axis": "y", "origin": [14.01041, 0, 13.3033]},
			"faces": {
				"north": {"uv": [4, 15, 3, 16], "texture": "#cross"},
				"east": {"uv": [2, 15, 4, 16], "texture": "#cross"},
				"south": {"uv": [3, 15, 2, 16], "texture": "#cross"},
				"west": {"uv": [4, 15, 2, 16], "texture": "#cross"},
				"up": {"uv": [2, 16, 4, 15], "rotation": 270, "texture": "#cross"},
				"down": {"uv": [2, 16, 4, 15], "rotation": 90, "texture": "#cross"}
			}
		},
		{
			"name": "pale_hanging_moss_39",
			"from": [13.01041, 0, 5.3033],
			"to": [14.01041, 1, 6.3033],
			"rotation": {"angle": 45, "axis": "y", "origin": [14.01041, 0, 13.3033]},
			"faces": {
				"north": {"uv": [8, 15, 7, 16], "texture": "#cross"},
				"east": {"uv": [7, 15, 8, 16], "texture": "#cross"},
				"south": {"uv": [8, 15, 7, 16], "texture": "#cross"},
				"west": {"uv": [8, 15, 7, 16], "texture": "#cross"},
				"up": {"uv": [7, 16, 8, 15], "rotation": 270, "texture": "#cross"},
				"down": {"uv": [7, 16, 8, 15], "rotation": 90, "texture": "#cross"}
			}
		},
		{
			"name": "pale_hanging_moss_40",
			"from": [13.01041, 0, 1.3033],
			"to": [14.01041, 1, 2.3033],
			"rotation": {"angle": 45, "axis": "y", "origin": [14.01041, 0, 13.3033]},
			"faces": {
				"north": {"uv": [12, 15, 11, 16], "texture": "#cross"},
				"east": {"uv": [11, 15, 12, 16], "texture": "#cross"},
				"south": {"uv": [12, 15, 11, 16], "texture": "#cross"},
				"west": {"uv": [12, 15, 11, 16], "texture": "#cross"},
				"up": {"uv": [11, 16, 12, 15], "rotation": 270, "texture": "#cross"},
				"down": {"uv": [11, 16, 12, 15], "rotation": 90, "texture": "#cross"}
			}
		},
		{
			"name": "pale_hanging_moss_41",
			"from": [13.01041, 0, -0.6967],
			"to": [14.01041, 1, 0.3033],
			"rotation": {"angle": 45, "axis": "y", "origin": [14.01041, 0, 13.3033]},
			"faces": {
				"north": {"uv": [14, 15, 13, 16], "texture": "#cross"},
				"east": {"uv": [13, 15, 14, 16], "texture": "#cross"},
				"south": {"uv": [14, 15, 13, 16], "texture": "#cross"},
				"west": {"uv": [14, 15, 13, 16], "texture": "#cross"},
				"up": {"uv": [13, 16, 14, 15], "rotation": 270, "texture": "#cross"},
				"down": {"uv": [13, 16, 14, 15], "rotation": 90, "texture": "#cross"}
			}
		}
	],
	"groups": [
		{
			"name": "pale_hanging_moss",
			"origin": [8, 8, 8],
			"color": 0,
			"children": [0, 1, 2, 3, 4, 5, 6, 7, 8, 9, 10, 11, 12, 13, 14, 15, 16, 17, 18, 19, 20, 21, 22, 23, 24, 25, 26, 27, 28, 29, 30, 31, 32, 33, 34, 35, 36, 37, 38, 39, 40]
		},
		{
			"name": "pale_hanging_moss",
			"origin": [8, 8, 8],
			"color": 0,
			"children": [41, 42, 43, 44, 45, 46, 47, 48, 49, 50, 51, 52, 53, 54, 55, 56, 57, 58, 59, 60, 61, 62, 63, 64, 65, 66, 67, 68, 69, 70, 71, 72, 73, 74, 75, 76, 77, 78, 79, 80, 81]
		}
	]
}