{
	"credit": "Made with Blockbench",
	"parent": "minecraft:block/flowerbed_2",
	"textures": {
		"flowerbed": "block/pink_petals",
		"stem": "block/pink_petals_stem"
	},
	"elements": [
		{
			"name": "pink_petals_2",
			"from": [3, 1, 13],
			"to": [6, 1.25, 15],
			"faces": {
				"north": {"uv": [6, 13, 3, 14], "texture": "#flowerbed"},
				"east": {"uv": [5, 13, 6, 15], "rotation": 90, "texture": "#flowerbed"},
				"south": {"uv": [3, 14, 6, 15], "texture": "#flowerbed"},
				"west": {"uv": [3, 13, 4, 15], "rotation": 270, "texture": "#flowerbed"},
				"up": {"uv": [3, 13, 6, 15], "texture": "#flowerbed"},
				"down": {"uv": [3, 15, 6, 13], "texture": "#flowerbed"}
			}
		},
		{
			"name": "pink_petals_5",
			"from": [1, 1, 10],
			"to": [3, 1.25, 13],
			"faces": {
				"north": {"uv": [3, 10, 1, 11], "texture": "#flowerbed"},
				"east": {"uv": [2, 10, 3, 13], "rotation": 90, "texture": "#flowerbed"},
				"south": {"uv": [1, 12, 3, 13], "texture": "#flowerbed"},
				"west": {"uv": [1, 10, 2, 13], "rotation": 270, "texture": "#flowerbed"},
				"up": {"uv": [1, 10, 3, 13], "texture": "#flowerbed"},
				"down": {"uv": [1, 13, 3, 10], "texture": "#flowerbed"}
			}
		},
		{
			"name": "pink_petals_6",
			"from": [6, 1, 10],
			"to": [8, 1.25, 13],
			"faces": {
				"north": {"uv": [8, 10, 6, 11], "texture": "#flowerbed"},
				"east": {"uv": [7, 10, 8, 13], "rotation": 90, "texture": "#flowerbed"},
				"south": {"uv": [6, 12, 8, 13], "texture": "#flowerbed"},
				"west": {"uv": [6, 10, 7, 13], "rotation": 270, "texture": "#flowerbed"},
				"up": {"uv": [6, 10, 8, 13], "texture": "#flowerbed"},
				"down": {"uv": [6, 13, 8, 10], "texture": "#flowerbed"}
			}
		},
		{
			"name": "pink_petals_3",
			"from": [3, 1, 8],
			"to": [6, 1.25, 10],
			"faces": {
				"north": {"uv": [6, 8, 3, 9], "texture": "#flowerbed"},
				"east": {"uv": [5, 8, 6, 10], "rotation": 90, "texture": "#flowerbed"},
				"south": {"uv": [3, 9, 6, 10], "texture": "#flowerbed"},
				"west": {"uv": [3, 8, 4, 10], "rotation": 270, "texture": "#flowerbed"},
				"up": {"uv": [3, 8, 6, 10], "texture": "#flowerbed"},
				"down": {"uv": [3, 10, 6, 8], "texture": "#flowerbed"}
			}
		},
		{
			"name": "pink_petals_14",
			"from": [3, 1, 10],
			"to": [4, 1.25, 11],
			"faces": {
				"north": {"uv": [4, 10, 3, 11], "texture": "#flowerbed"},
				"east": {"uv": [3, 10, 4, 11], "rotation": 90, "texture": "#flowerbed"},
				"south": {"uv": [3, 10, 4, 11], "texture": "#flowerbed"},
				"west": {"uv": [3, 10, 4, 11], "rotation": 270, "texture": "#flowerbed"},
				"up": {"uv": [3, 10, 4, 11], "texture": "#flowerbed"},
				"down": {"uv": [3, 11, 4, 10], "texture": "#flowerbed"}
			}
		},
		{
			"name": "pink_petals_15",
			"from": [4, 1, 10],
			"to": [5, 1.15, 11],
			"faces": {
				"north": {"uv": [5, 10, 4, 11], "texture": "#flowerbed"},
				"east": {"uv": [4, 10, 5, 11], "rotation": 90, "texture": "#flowerbed"},
				"south": {"uv": [4, 10, 5, 11], "texture": "#flowerbed"},
				"west": {"uv": [4, 10, 5, 11], "rotation": 270, "texture": "#flowerbed"},
				"up": {"uv": [4, 10, 5, 11], "texture": "#flowerbed"},
				"down": {"uv": [4, 11, 5, 10], "texture": "#flowerbed"}
			}
		},
		{
			"name": "pink_petals_16",
			"from": [5, 1, 10],
			"to": [6, 1.25, 11],
			"faces": {
				"north": {"uv": [6, 10, 5, 11], "texture": "#flowerbed"},
				"east": {"uv": [5, 10, 6, 11], "rotation": 90, "texture": "#flowerbed"},
				"south": {"uv": [5, 10, 6, 11], "texture": "#flowerbed"},
				"west": {"uv": [5, 10, 6, 11], "rotation": 270, "texture": "#flowerbed"},
				"up": {"uv": [5, 10, 6, 11], "texture": "#flowerbed"},
				"down": {"uv": [5, 11, 6, 10], "texture": "#flowerbed"}
			}
		},
		{
			"name": "pink_petals_21",
			"from": [3, 1, 11],
			"to": [4, 1.15, 12],
			"faces": {
				"north": {"uv": [4, 11, 3, 12], "texture": "#flowerbed"},
				"east": {"uv": [3, 11, 4, 12], "rotation": 90, "texture": "#flowerbed"},
				"south": {"uv": [3, 11, 4, 12], "texture": "#flowerbed"},
				"west": {"uv": [3, 11, 4, 12], "rotation": 270, "texture": "#flowerbed"},
				"up": {"uv": [3, 11, 4, 12], "texture": "#flowerbed"},
				"down": {"uv": [3, 12, 4, 11], "texture": "#flowerbed"}
			}
		},
		{
			"name": "pink_petals_22",
			"from": [4, 1, 11],
			"to": [5, 1.05, 12],
			"faces": {
				"north": {"uv": [5, 11, 4, 12], "texture": "#flowerbed"},
				"east": {"uv": [4, 11, 5, 12], "rotation": 90, "texture": "#flowerbed"},
				"south": {"uv": [4, 11, 5, 12], "texture": "#flowerbed"},
				"west": {"uv": [4, 11, 5, 12], "rotation": 270, "texture": "#flowerbed"},
				"up": {"uv": [4, 11, 5, 12], "texture": "#flowerbed"},
				"down": {"uv": [4, 12, 5, 11], "texture": "#flowerbed"}
			}
		},
		{
			"name": "pink_petals_23",
			"from": [5, 1, 11],
			"to": [6, 1.15, 12],
			"faces": {
				"north": {"uv": [6, 11, 5, 12], "texture": "#flowerbed"},
				"east": {"uv": [5, 11, 6, 12], "rotation": 90, "texture": "#flowerbed"},
				"south": {"uv": [5, 11, 6, 12], "texture": "#flowerbed"},
				"west": {"uv": [5, 11, 6, 12], "rotation": 270, "texture": "#flowerbed"},
				"up": {"uv": [5, 11, 6, 12], "texture": "#flowerbed"},
				"down": {"uv": [5, 12, 6, 11], "texture": "#flowerbed"}
			}
		},
		{
			"name": "pink_petals_29",
			"from": [3, 1, 12],
			"to": [4, 1.25, 13],
			"faces": {
				"north": {"uv": [4, 12, 3, 13], "texture": "#flowerbed"},
				"east": {"uv": [3, 12, 4, 13], "rotation": 90, "texture": "#flowerbed"},
				"south": {"uv": [3, 12, 4, 13], "texture": "#flowerbed"},
				"west": {"uv": [3, 12, 4, 13], "rotation": 270, "texture": "#flowerbed"},
				"up": {"uv": [3, 12, 4, 13], "texture": "#flowerbed"},
				"down": {"uv": [3, 13, 4, 12], "texture": "#flowerbed"}
			}
		},
		{
			"name": "pink_petals_30",
			"from": [4, 1, 12],
			"to": [5, 1.15, 13],
			"faces": {
				"north": {"uv": [5, 12, 4, 13], "texture": "#flowerbed"},
				"east": {"uv": [4, 12, 5, 13], "rotation": 90, "texture": "#flowerbed"},
				"south": {"uv": [4, 12, 5, 13], "texture": "#flowerbed"},
				"west": {"uv": [4, 12, 5, 13], "rotation": 270, "texture": "#flowerbed"},
				"up": {"uv": [4, 12, 5, 13], "texture": "#flowerbed"},
				"down": {"uv": [4, 13, 5, 12], "texture": "#flowerbed"}
			}
		},
		{
			"name": "pink_petals_31",
			"from": [5, 1, 12],
			"to": [6, 1.25, 13],
			"faces": {
				"north": {"uv": [6, 12, 5, 13], "texture": "#flowerbed"},
				"east": {"uv": [5, 12, 6, 13], "rotation": 90, "texture": "#flowerbed"},
				"south": {"uv": [5, 12, 6, 13], "texture": "#flowerbed"},
				"west": {"uv": [5, 12, 6, 13], "rotation": 270, "texture": "#flowerbed"},
				"up": {"uv": [5, 12, 6, 13], "texture": "#flowerbed"},
				"down": {"uv": [5, 13, 6, 12], "texture": "#flowerbed"}
			}
		},
		{
			"name": "pink_petals_stem_1",
			"from": [4, 0, 11],
			"to": [5, 1, 12],
			"faces": {
				"north": {"uv": [1, 6, 0, 7], "texture": "#stem", "tintindex": 1},
				"east": {"uv": [0, 6, 1, 7], "texture": "#stem", "tintindex": 1},
				"south": {"uv": [0, 6, 1, 7], "texture": "#stem", "tintindex": 1},
				"west": {"uv": [0, 6, 1, 7], "texture": "#stem", "tintindex": 1},
				"up": {"uv": [0, 6, 1, 7], "texture": "#stem", "tintindex": 1},
				"down": {"uv": [0, 6, 1, 7], "texture": "#stem", "tintindex": 1}
			}
		}
	],
	"groups": [
		{
			"name": "pink_petals",
			"origin": [8, 8, 8],
			"color": 0,
			"children": [0, 1, 2, 3]
		},
		{
			"name": "pink_petals",
			"origin": [8, 8, 8],
			"color": 0,
			"children": [4, 5, 6, 7, 8, 9, 10, 11, 12]
		},
		{
			"name": "pink_petals_stem",
			"origin": [8, 8, 8],
			"color": 0,
			"children": [13]
		}
	]
}