{
	"credit": "Made with Blockbench",
	"parent": "minecraft:block/flowerbed_4",
	"textures": {
		"flowerbed": "block/pink_petals",
		"stem": "block/pink_petals_stem"
	},
	"elements": [
		{
			"name": "pink_petals_1",
			"from": [10, 2, 5],
			"to": [13, 2.25, 7],
			"faces": {
				"north": {"uv": [13, 5, 10, 6], "texture": "#flowerbed"},
				"east": {"uv": [12, 5, 13, 7], "rotation": 90, "texture": "#flowerbed"},
				"south": {"uv": [10, 6, 13, 7], "texture": "#flowerbed"},
				"west": {"uv": [10, 5, 11, 7], "rotation": 270, "texture": "#flowerbed"},
				"up": {"uv": [10, 5, 13, 7], "texture": "#flowerbed"},
				"down": {"uv": [10, 7, 13, 5], "texture": "#flowerbed"}
			}
		},
		{
			"name": "pink_petals_2",
			"from": [10, 2, 0],
			"to": [13, 2.25, 2],
			"faces": {
				"north": {"uv": [13, 0, 10, 1], "texture": "#flowerbed"},
				"east": {"uv": [12, 0, 13, 2], "rotation": 90, "texture": "#flowerbed"},
				"south": {"uv": [10, 1, 13, 2], "texture": "#flowerbed"},
				"west": {"uv": [10, 0, 11, 2], "rotation": 270, "texture": "#flowerbed"},
				"up": {"uv": [10, 0, 13, 2], "texture": "#flowerbed"},
				"down": {"uv": [10, 2, 13, 0], "texture": "#flowerbed"}
			}
		},
		{
			"name": "pink_petals_4",
			"from": [8, 2, 2],
			"to": [10, 2.25, 5],
			"faces": {
				"north": {"uv": [10, 2, 8, 3], "texture": "#flowerbed"},
				"east": {"uv": [9, 2, 10, 5], "rotation": 90, "texture": "#flowerbed"},
				"south": {"uv": [8, 4, 10, 5], "texture": "#flowerbed"},
				"west": {"uv": [8, 2, 9, 5], "rotation": 270, "texture": "#flowerbed"},
				"up": {"uv": [8, 2, 10, 5], "texture": "#flowerbed"},
				"down": {"uv": [8, 5, 10, 2], "texture": "#flowerbed"}
			}
		},
		{
			"name": "pink_petals_5",
			"from": [13, 2, 2],
			"to": [15, 2.25, 5],
			"faces": {
				"north": {"uv": [15, 2, 13, 3], "texture": "#flowerbed"},
				"east": {"uv": [14, 2, 15, 5], "rotation": 90, "texture": "#flowerbed"},
				"south": {"uv": [13, 4, 15, 5], "texture": "#flowerbed"},
				"west": {"uv": [13, 2, 14, 5], "rotation": 270, "texture": "#flowerbed"},
				"up": {"uv": [13, 2, 15, 5], "texture": "#flowerbed"},
				"down": {"uv": [13, 5, 15, 2], "texture": "#flowerbed"}
			}
		},
		{
			"name": "pink_petals_13",
			"from": [10, 2, 2],
			"to": [11, 2.25, 3],
			"faces": {
				"north": {"uv": [11, 2, 10, 3], "texture": "#flowerbed"},
				"east": {"uv": [10, 2, 11, 3], "rotation": 90, "texture": "#flowerbed"},
				"south": {"uv": [10, 2, 11, 3], "texture": "#flowerbed"},
				"west": {"uv": [10, 2, 11, 3], "rotation": 270, "texture": "#flowerbed"},
				"up": {"uv": [10, 2, 11, 3], "texture": "#flowerbed"},
				"down": {"uv": [10, 3, 11, 2], "texture": "#flowerbed"}
			}
		},
		{
			"name": "pink_petals_14",
			"from": [11, 2, 2],
			"to": [12, 2.15, 3],
			"faces": {
				"north": {"uv": [12, 2, 11, 3], "texture": "#flowerbed"},
				"east": {"uv": [11, 2, 12, 3], "rotation": 90, "texture": "#flowerbed"},
				"south": {"uv": [11, 2, 12, 3], "texture": "#flowerbed"},
				"west": {"uv": [11, 2, 12, 3], "rotation": 270, "texture": "#flowerbed"},
				"up": {"uv": [11, 2, 12, 3], "texture": "#flowerbed"},
				"down": {"uv": [11, 3, 12, 2], "texture": "#flowerbed"}
			}
		},
		{
			"name": "pink_petals_15",
			"from": [12, 2, 2],
			"to": [13, 2.25, 3],
			"faces": {
				"north": {"uv": [13, 2, 12, 3], "texture": "#flowerbed"},
				"east": {"uv": [12, 2, 13, 3], "rotation": 90, "texture": "#flowerbed"},
				"south": {"uv": [12, 2, 13, 3], "texture": "#flowerbed"},
				"west": {"uv": [12, 2, 13, 3], "rotation": 270, "texture": "#flowerbed"},
				"up": {"uv": [12, 2, 13, 3], "texture": "#flowerbed"},
				"down": {"uv": [12, 3, 13, 2], "texture": "#flowerbed"}
			}
		},
		{
			"name": "pink_petals_20",
			"from": [10, 2, 3],
			"to": [11, 2.15, 4],
			"faces": {
				"north": {"uv": [11, 3, 10, 4], "texture": "#flowerbed"},
				"east": {"uv": [10, 3, 11, 4], "rotation": 90, "texture": "#flowerbed"},
				"south": {"uv": [10, 3, 11, 4], "texture": "#flowerbed"},
				"west": {"uv": [10, 3, 11, 4], "rotation": 270, "texture": "#flowerbed"},
				"up": {"uv": [10, 3, 11, 4], "texture": "#flowerbed"},
				"down": {"uv": [10, 4, 11, 3], "texture": "#flowerbed"}
			}
		},
		{
			"name": "pink_petals_21",
			"from": [11, 2, 3],
			"to": [12, 2.05, 4],
			"faces": {
				"north": {"uv": [12, 3, 11, 4], "texture": "#flowerbed"},
				"east": {"uv": [11, 3, 12, 4], "rotation": 90, "texture": "#flowerbed"},
				"south": {"uv": [11, 3, 12, 4], "texture": "#flowerbed"},
				"west": {"uv": [11, 3, 12, 4], "rotation": 270, "texture": "#flowerbed"},
				"up": {"uv": [11, 3, 12, 4], "texture": "#flowerbed"},
				"down": {"uv": [11, 4, 12, 3], "texture": "#flowerbed"}
			}
		},
		{
			"name": "pink_petals_22",
			"from": [12, 2, 3],
			"to": [13, 2.15, 4],
			"faces": {
				"north": {"uv": [13, 3, 12, 4], "texture": "#flowerbed"},
				"east": {"uv": [12, 3, 13, 4], "rotation": 90, "texture": "#flowerbed"},
				"south": {"uv": [12, 3, 13, 4], "texture": "#flowerbed"},
				"west": {"uv": [12, 3, 13, 4], "rotation": 270, "texture": "#flowerbed"},
				"up": {"uv": [12, 3, 13, 4], "texture": "#flowerbed"},
				"down": {"uv": [12, 4, 13, 3], "texture": "#flowerbed"}
			}
		},
		{
			"name": "pink_petals_28",
			"from": [10, 2, 4],
			"to": [11, 2.25, 5],
			"faces": {
				"north": {"uv": [11, 4, 10, 5], "texture": "#flowerbed"},
				"east": {"uv": [10, 4, 11, 5], "rotation": 90, "texture": "#flowerbed"},
				"south": {"uv": [10, 4, 11, 5], "texture": "#flowerbed"},
				"west": {"uv": [10, 4, 11, 5], "rotation": 270, "texture": "#flowerbed"},
				"up": {"uv": [10, 4, 11, 5], "texture": "#flowerbed"},
				"down": {"uv": [10, 5, 11, 4], "texture": "#flowerbed"}
			}
		},
		{
			"name": "pink_petals_29",
			"from": [11, 2, 4],
			"to": [12, 2.15, 5],
			"faces": {
				"north": {"uv": [12, 4, 11, 5], "texture": "#flowerbed"},
				"east": {"uv": [11, 4, 12, 5], "rotation": 90, "texture": "#flowerbed"},
				"south": {"uv": [11, 4, 12, 5], "texture": "#flowerbed"},
				"west": {"uv": [11, 4, 12, 5], "rotation": 270, "texture": "#flowerbed"},
				"up": {"uv": [11, 4, 12, 5], "texture": "#flowerbed"},
				"down": {"uv": [11, 5, 12, 4], "texture": "#flowerbed"}
			}
		},
		{
			"name": "pink_petals_30",
			"from": [12, 2, 4],
			"to": [13, 2.25, 5],
			"faces": {
				"north": {"uv": [13, 4, 12, 5], "texture": "#flowerbed"},
				"east": {"uv": [12, 4, 13, 5], "rotation": 90, "texture": "#flowerbed"},
				"south": {"uv": [12, 4, 13, 5], "texture": "#flowerbed"},
				"west": {"uv": [12, 4, 13, 5], "rotation": 270, "texture": "#flowerbed"},
				"up": {"uv": [12, 4, 13, 5], "texture": "#flowerbed"},
				"down": {"uv": [12, 5, 13, 4], "texture": "#flowerbed"}
			}
		},
		{
			"name": "pink_petals_stem_1",
			"from": [11, 0, 3],
			"to": [12, 2, 4],
			"faces": {
				"north": {"uv": [1, 5, 0, 7], "texture": "#stem", "tintindex": 1},
				"east": {"uv": [0, 5, 1, 7], "texture": "#stem", "tintindex": 1},
				"south": {"uv": [0, 5, 1, 7], "texture": "#stem", "tintindex": 1},
				"west": {"uv": [0, 5, 1, 7], "texture": "#stem", "tintindex": 1},
				"up": {"uv": [0, 5, 1, 6], "texture": "#stem", "tintindex": 1},
				"down": {"uv": [0, 6, 1, 7], "texture": "#stem", "tintindex": 1}
			}
		}
	],
	"groups": [
		{
			"name": "pink_petals",
			"origin": [8, 8, 8],
			"color": 0,
			"children": [0, 1, 2, 3]
		},
		{
			"name": "pink_petals",
			"origin": [8, 8, 8],
			"color": 0,
			"children": [4, 5, 6, 7, 8, 9, 10, 11, 12]
		},
		{
			"name": "pink_petals_stem",
			"origin": [8, 8, 8],
			"color": 0,
			"children": [13]
		}
	]
}