{
	"credit": "Made with Blockbench",
	"parent": "minecraft:block/flowerbed_3",
	"textures": {
		"flowerbed": "block/pink_petals",
		"stem": "block/pink_petals_stem"
	},
	"elements": [
		{
			"name": "pink_petals_3",
			"from": [9, 2, 8],
			"to": [10, 2.25, 9],
			"faces": {
				"north": {"uv": [10, 10, 9, 11], "texture": "#flowerbed"},
				"east": {"uv": [9, 10, 10, 11], "rotation": 90, "texture": "#flowerbed"},
				"south": {"uv": [9, 10, 10, 11], "texture": "#flowerbed"},
				"west": {"uv": [9, 10, 10, 11], "rotation": 270, "texture": "#flowerbed"},
				"up": {"uv": [9, 10, 10, 11], "texture": "#flowerbed"},
				"down": {"uv": [9, 11, 10, 10], "texture": "#flowerbed"}
			}
		},
		{
			"name": "pink_petals_5",
			"from": [8, 2, 9],
			"to": [9, 2.25, 10],
			"faces": {
				"north": {"uv": [9, 9, 8, 10], "texture": "#flowerbed"},
				"east": {"uv": [8, 9, 9, 10], "rotation": 90, "texture": "#flowerbed"},
				"south": {"uv": [8, 9, 9, 10], "texture": "#flowerbed"},
				"west": {"uv": [8, 9, 9, 10], "rotation": 270, "texture": "#flowerbed"},
				"up": {"uv": [8, 9, 9, 10], "texture": "#flowerbed"},
				"down": {"uv": [8, 10, 9, 9], "texture": "#flowerbed"}
			}
		},
		{
			"name": "pink_petals_6",
			"from": [10, 2, 9],
			"to": [11, 2.25, 10],
			"faces": {
				"north": {"uv": [11, 9, 10, 10], "texture": "#flowerbed"},
				"east": {"uv": [10, 9, 11, 10], "rotation": 90, "texture": "#flowerbed"},
				"south": {"uv": [10, 9, 11, 10], "texture": "#flowerbed"},
				"west": {"uv": [10, 9, 11, 10], "rotation": 270, "texture": "#flowerbed"},
				"up": {"uv": [10, 9, 11, 10], "texture": "#flowerbed"},
				"down": {"uv": [10, 10, 11, 9], "texture": "#flowerbed"}
			}
		},
		{
			"name": "pink_petals_4",
			"from": [9, 2, 8],
			"to": [10, 2.25, 9],
			"faces": {
				"north": {"uv": [10, 10, 9, 11], "texture": "#flowerbed"},
				"east": {"uv": [9, 10, 10, 11], "rotation": 90, "texture": "#flowerbed"},
				"south": {"uv": [9, 10, 10, 11], "texture": "#flowerbed"},
				"west": {"uv": [9, 10, 10, 11], "rotation": 270, "texture": "#flowerbed"},
				"up": {"uv": [9, 10, 10, 11], "texture": "#flowerbed"},
				"down": {"uv": [9, 9, 10, 8], "texture": "#flowerbed"}
			}
		},
		{
			"name": "pink_petals_4",
			"from": [9, 2, 9],
			"to": [10, 2.1, 10],
			"faces": {
				"north": {"uv": [10, 9, 9, 10], "texture": "#flowerbed"},
				"east": {"uv": [9, 9, 10, 10], "rotation": 90, "texture": "#flowerbed"},
				"south": {"uv": [9, 9, 10, 10], "texture": "#flowerbed"},
				"west": {"uv": [9, 9, 10, 10], "rotation": 270, "texture": "#flowerbed"},
				"up": {"uv": [9, 9, 10, 10], "texture": "#flowerbed"},
				"down": {"uv": [9, 10, 10, 9], "texture": "#flowerbed"}
			}
		},
		{
			"name": "pink_petals_5",
			"from": [9, 2, 10],
			"to": [10, 2.25, 11],
			"faces": {
				"north": {"uv": [10, 8, 9, 9], "texture": "#flowerbed"},
				"east": {"uv": [9, 8, 10, 9], "rotation": 90, "texture": "#flowerbed"},
				"south": {"uv": [9, 8, 10, 9], "texture": "#flowerbed"},
				"west": {"uv": [9, 8, 10, 9], "rotation": 270, "texture": "#flowerbed"},
				"up": {"uv": [9, 8, 10, 9], "texture": "#flowerbed"},
				"down": {"uv": [9, 9, 10, 8], "texture": "#flowerbed"}
			}
		},
		{
			"name": "pink_petals_6",
			"from": [14, 2, 11],
			"to": [15, 2.25, 12],
			"faces": {
				"north": {"uv": [15, 9, 14, 10], "texture": "#flowerbed"},
				"east": {"uv": [14, 9, 15, 10], "rotation": 90, "texture": "#flowerbed"},
				"south": {"uv": [14, 9, 15, 10], "texture": "#flowerbed"},
				"west": {"uv": [14, 9, 15, 10], "rotation": 270, "texture": "#flowerbed"},
				"up": {"uv": [14, 9, 15, 10], "texture": "#flowerbed"},
				"down": {"uv": [14, 10, 15, 9], "texture": "#flowerbed"}
			}
		},
		{
			"name": "pink_petals_5",
			"from": [14, 2, 10],
			"to": [15, 2.1, 11],
			"faces": {
				"north": {"uv": [15, 10, 14, 11], "texture": "#flowerbed"},
				"east": {"uv": [14, 10, 15, 11], "rotation": 90, "texture": "#flowerbed"},
				"south": {"uv": [14, 10, 15, 11], "texture": "#flowerbed"},
				"west": {"uv": [14, 10, 15, 11], "rotation": 270, "texture": "#flowerbed"},
				"up": {"uv": [14, 10, 15, 11], "texture": "#flowerbed"},
				"down": {"uv": [14, 11, 15, 10], "texture": "#flowerbed"}
			}
		},
		{
			"name": "pink_petals_5",
			"from": [14, 2, 9],
			"to": [15, 2.25, 10],
			"faces": {
				"north": {"uv": [15, 11, 14, 12], "texture": "#flowerbed"},
				"east": {"uv": [14, 11, 15, 12], "rotation": 90, "texture": "#flowerbed"},
				"south": {"uv": [14, 11, 15, 12], "texture": "#flowerbed"},
				"west": {"uv": [14, 11, 15, 12], "rotation": 270, "texture": "#flowerbed"},
				"up": {"uv": [14, 11, 15, 12], "texture": "#flowerbed"},
				"down": {"uv": [14, 10, 15, 9], "texture": "#flowerbed"}
			}
		},
		{
			"name": "pink_petals_7",
			"from": [15, 2, 10],
			"to": [16, 2.25, 11],
			"faces": {
				"north": {"uv": [16, 10, 15, 11], "texture": "#flowerbed"},
				"east": {"uv": [15, 10, 16, 11], "rotation": 90, "texture": "#flowerbed"},
				"south": {"uv": [15, 10, 16, 11], "texture": "#flowerbed"},
				"west": {"uv": [15, 10, 16, 11], "rotation": 270, "texture": "#flowerbed"},
				"up": {"uv": [15, 10, 16, 11], "texture": "#flowerbed"},
				"down": {"uv": [15, 11, 16, 10], "texture": "#flowerbed"}
			}
		},
		{
			"name": "pink_petals_6",
			"from": [13, 2, 10],
			"to": [14, 2.25, 11],
			"faces": {
				"north": {"uv": [14, 10, 13, 11], "texture": "#flowerbed"},
				"east": {"uv": [13, 10, 14, 11], "rotation": 90, "texture": "#flowerbed"},
				"south": {"uv": [13, 10, 14, 11], "texture": "#flowerbed"},
				"west": {"uv": [13, 10, 14, 11], "rotation": 270, "texture": "#flowerbed"},
				"up": {"uv": [13, 10, 14, 11], "texture": "#flowerbed"},
				"down": {"uv": [13, 11, 14, 10], "texture": "#flowerbed"}
			}
		},
		{
			"name": "pink_petals_4",
			"from": [14, 2, 9],
			"to": [15, 2.25, 10],
			"faces": {
				"north": {"uv": [15, 11, 14, 12], "texture": "#flowerbed"},
				"east": {"uv": [14, 11, 15, 12], "rotation": 90, "texture": "#flowerbed"},
				"south": {"uv": [14, 11, 15, 12], "texture": "#flowerbed"},
				"west": {"uv": [14, 11, 15, 12], "rotation": 270, "texture": "#flowerbed"},
				"up": {"uv": [14, 11, 15, 12], "texture": "#flowerbed"},
				"down": {"uv": [14, 12, 15, 11], "texture": "#flowerbed"}
			}
		},
		{
			"name": "pink_petals_21",
			"from": [11, 2, 12],
			"to": [13, 2.25, 13],
			"faces": {
				"north": {"uv": [13, 12, 11, 13], "texture": "#flowerbed"},
				"east": {"uv": [12, 12, 13, 13], "rotation": 90, "texture": "#flowerbed"},
				"south": {"uv": [11, 12, 13, 13], "texture": "#flowerbed"},
				"west": {"uv": [11, 12, 12, 13], "rotation": 270, "texture": "#flowerbed"},
				"up": {"uv": [11, 12, 13, 13], "texture": "#flowerbed"},
				"down": {"uv": [11, 13, 13, 12], "texture": "#flowerbed"}
			}
		},
		{
			"name": "pink_petals_22",
			"from": [11, 2, 15],
			"to": [13, 2.25, 16],
			"faces": {
				"north": {"uv": [13, 15, 11, 16], "texture": "#flowerbed"},
				"east": {"uv": [12, 15, 13, 16], "rotation": 90, "texture": "#flowerbed"},
				"south": {"uv": [11, 15, 13, 16], "texture": "#flowerbed"},
				"west": {"uv": [11, 15, 12, 16], "rotation": 270, "texture": "#flowerbed"},
				"up": {"uv": [11, 15, 13, 16], "texture": "#flowerbed"},
				"down": {"uv": [11, 16, 13, 15], "texture": "#flowerbed"}
			}
		},
		{
			"name": "pink_petals_23",
			"from": [11, 2, 13],
			"to": [13, 2.1, 15],
			"faces": {
				"north": {"uv": [13, 14, 11, 15], "texture": "#flowerbed"},
				"east": {"uv": [12, 13, 13, 15], "rotation": 90, "texture": "#flowerbed"},
				"south": {"uv": [11, 14, 13, 15], "texture": "#flowerbed"},
				"west": {"uv": [11, 13, 12, 15], "rotation": 270, "texture": "#flowerbed"},
				"up": {"uv": [11, 13, 13, 15], "texture": "#flowerbed"},
				"down": {"uv": [11, 15, 13, 13], "texture": "#flowerbed"}
			}
		},
		{
			"name": "pink_petals_22",
			"from": [10, 2, 13],
			"to": [11, 2.25, 15],
			"faces": {
				"north": {"uv": [11, 13, 10, 14], "texture": "#flowerbed"},
				"east": {"uv": [10, 13, 11, 15], "rotation": 90, "texture": "#flowerbed"},
				"south": {"uv": [10, 14, 11, 15], "texture": "#flowerbed"},
				"west": {"uv": [10, 13, 11, 15], "rotation": 270, "texture": "#flowerbed"},
				"up": {"uv": [10, 13, 11, 15], "texture": "#flowerbed"},
				"down": {"uv": [10, 15, 11, 13], "texture": "#flowerbed"}
			}
		},
		{
			"name": "pink_petals_23",
			"from": [13, 2, 13],
			"to": [14, 2.25, 15],
			"faces": {
				"north": {"uv": [14, 13, 13, 14], "texture": "#flowerbed"},
				"east": {"uv": [13, 13, 14, 15], "rotation": 90, "texture": "#flowerbed"},
				"south": {"uv": [13, 14, 14, 15], "texture": "#flowerbed"},
				"west": {"uv": [13, 13, 14, 15], "rotation": 270, "texture": "#flowerbed"},
				"up": {"uv": [13, 13, 14, 15], "texture": "#flowerbed"},
				"down": {"uv": [13, 15, 14, 13], "texture": "#flowerbed"}
			}
		},
		{
			"name": "pink_petals_stem_0",
			"from": [9.125, 0, 9.125],
			"to": [9.875, 2, 9.875],
			"rotation": {"angle": 0, "axis": "y", "origin": [1.525, 0, 1.525]},
			"faces": {
				"north": {"uv": [1, 5, 0, 7], "texture": "#stem", "tintindex": 1},
				"east": {"uv": [0, 5, 1, 7], "texture": "#stem", "tintindex": 1},
				"south": {"uv": [0, 5, 1, 7], "texture": "#stem", "tintindex": 1},
				"west": {"uv": [0, 5, 1, 7], "texture": "#stem", "tintindex": 1},
				"up": {"uv": [0, 5, 1, 6], "texture": "#stem", "tintindex": 1},
				"down": {"uv": [0, 6, 1, 7], "texture": "#stem", "tintindex": 1}
			}
		},
		{
			"name": "pink_petals_stem_1",
			"from": [14.125, 0, 10.125],
			"to": [14.875, 2, 10.875],
			"rotation": {"angle": 0, "axis": "y", "origin": [1.525, 0, 1.525]},
			"faces": {
				"north": {"uv": [1, 5, 0, 7], "texture": "#stem", "tintindex": 1},
				"east": {"uv": [0, 5, 1, 7], "texture": "#stem", "tintindex": 1},
				"south": {"uv": [0, 5, 1, 7], "texture": "#stem", "tintindex": 1},
				"west": {"uv": [0, 5, 1, 7], "texture": "#stem", "tintindex": 1},
				"up": {"uv": [0, 5, 1, 6], "texture": "#stem", "tintindex": 1},
				"down": {"uv": [0, 6, 1, 7], "texture": "#stem", "tintindex": 1}
			}
		},
		{
			"name": "pink_petals_stem_2",
			"from": [11.625, 0, 13.625],
			"to": [12.375, 2, 14.375],
			"rotation": {"angle": 0, "axis": "y", "origin": [1.525, 0, 1.525]},
			"faces": {
				"north": {"uv": [1, 5, 0, 7], "texture": "#stem", "tintindex": 1},
				"east": {"uv": [0, 5, 1, 7], "texture": "#stem", "tintindex": 1},
				"south": {"uv": [0, 5, 1, 7], "texture": "#stem", "tintindex": 1},
				"west": {"uv": [0, 5, 1, 7], "texture": "#stem", "tintindex": 1},
				"up": {"uv": [0, 5, 1, 6], "texture": "#stem", "tintindex": 1},
				"down": {"uv": [0, 6, 1, 7], "texture": "#stem", "tintindex": 1}
			}
		}
	],
	"groups": [
		{
			"name": "pink_petals",
			"origin": [8, 8, 8],
			"color": 0,
			"children": [0, 1, 2, 3, 4, 5, 6, 7, 8, 9, 10, 11, 12, 13, 14, 15, 16]
		},
		{
			"name": "pink_petals_stem",
			"origin": [8, 8, 8],
			"color": 0,
			"children": [17, 18, 19]
		}
	]
}