{
	"credit": "Made with Blockbench",
	"parent": "minecraft:block/flowerbed_1",
	"textures": {
		"1": "block/pink_petals",
		"2": "block/pink_petals_stem",
		"particle": "block/pink_petals"
	},
	"elements": [
		{
			"name": "pink_petals_0",
			"from": [4, 3, 0],
			"to": [5, 3.25, 1],
			"faces": {
				"north": {"uv": [5, 2, 4, 3], "texture": "#1"},
				"east": {"uv": [4, 2, 5, 3], "rotation": 90, "texture": "#1"},
				"south": {"uv": [4, 2, 5, 3], "texture": "#1"},
				"west": {"uv": [4, 2, 5, 3], "rotation": 270, "texture": "#1"},
				"up": {"uv": [4, 2, 5, 3], "texture": "#1"},
				"down": {"uv": [4, 3, 5, 2], "texture": "#1"}
			}
		},
		{
			"name": "pink_petals_1",
			"from": [4, 3, 1],
			"to": [5, 3.1, 2],
			"faces": {
				"north": {"uv": [5, 1, 4, 2], "texture": "#1"},
				"east": {"uv": [4, 1, 5, 2], "rotation": 90, "texture": "#1"},
				"south": {"uv": [4, 1, 5, 2], "texture": "#1"},
				"west": {"uv": [4, 1, 5, 2], "rotation": 270, "texture": "#1"},
				"up": {"uv": [4, 1, 5, 2], "texture": "#1"},
				"down": {"uv": [4, 2, 5, 1], "texture": "#1"}
			}
		},
		{
			"name": "pink_petals_2",
			"from": [4, 3, 2],
			"to": [5, 3.25, 3],
			"faces": {
				"north": {"uv": [5, 0, 4, 1], "texture": "#1"},
				"east": {"uv": [4, 0, 5, 1], "rotation": 90, "texture": "#1"},
				"south": {"uv": [4, 0, 5, 1], "texture": "#1"},
				"west": {"uv": [4, 0, 5, 1], "rotation": 270, "texture": "#1"},
				"up": {"uv": [4, 0, 5, 1], "texture": "#1"},
				"down": {"uv": [4, 1, 5, 0], "texture": "#1"}
			}
		},
		{
			"name": "pink_petals_1",
			"from": [4, 3, 0],
			"to": [5, 3.25, 1],
			"faces": {
				"north": {"uv": [5, 2, 4, 3], "texture": "#1"},
				"east": {"uv": [4, 2, 5, 3], "rotation": 90, "texture": "#1"},
				"south": {"uv": [4, 2, 5, 3], "texture": "#1"},
				"west": {"uv": [4, 2, 5, 3], "rotation": 270, "texture": "#1"},
				"up": {"uv": [4, 2, 5, 3], "texture": "#1"},
				"down": {"uv": [4, 1, 5, 0], "texture": "#1"}
			}
		},
		{
			"name": "pink_petals_2",
			"from": [3, 3, 1],
			"to": [4, 3.25, 2],
			"faces": {
				"north": {"uv": [4, 1, 3, 2], "texture": "#1"},
				"east": {"uv": [3, 1, 4, 2], "rotation": 90, "texture": "#1"},
				"south": {"uv": [3, 1, 4, 2], "texture": "#1"},
				"west": {"uv": [3, 1, 4, 2], "rotation": 270, "texture": "#1"},
				"up": {"uv": [3, 1, 4, 2], "texture": "#1"},
				"down": {"uv": [3, 2, 4, 1], "texture": "#1"}
			}
		},
		{
			"name": "pink_petals_3",
			"from": [5, 3, 1],
			"to": [6, 3.25, 2],
			"faces": {
				"north": {"uv": [6, 1, 5, 2], "texture": "#1"},
				"east": {"uv": [5, 1, 6, 2], "rotation": 90, "texture": "#1"},
				"south": {"uv": [5, 1, 6, 2], "texture": "#1"},
				"west": {"uv": [5, 1, 6, 2], "rotation": 270, "texture": "#1"},
				"up": {"uv": [5, 1, 6, 2], "texture": "#1"},
				"down": {"uv": [5, 2, 6, 1], "texture": "#1"}
			}
		},
		{
			"name": "pink_petals_1",
			"from": [1, 3, 4],
			"to": [2, 3.25, 5],
			"faces": {
				"north": {"uv": [2, 6, 1, 7], "texture": "#1"},
				"east": {"uv": [1, 6, 2, 7], "rotation": 90, "texture": "#1"},
				"south": {"uv": [1, 6, 2, 7], "texture": "#1"},
				"west": {"uv": [1, 6, 2, 7], "rotation": 270, "texture": "#1"},
				"up": {"uv": [1, 6, 2, 7], "texture": "#1"},
				"down": {"uv": [1, 7, 2, 6], "texture": "#1"}
			}
		},
		{
			"name": "pink_petals_3",
			"from": [0, 3, 5],
			"to": [1, 3.25, 6],
			"faces": {
				"north": {"uv": [1, 5, 0, 6], "texture": "#1"},
				"east": {"uv": [0, 5, 1, 6], "rotation": 90, "texture": "#1"},
				"south": {"uv": [0, 5, 1, 6], "texture": "#1"},
				"west": {"uv": [0, 5, 1, 6], "rotation": 270, "texture": "#1"},
				"up": {"uv": [0, 5, 1, 6], "texture": "#1"},
				"down": {"uv": [0, 6, 1, 5], "texture": "#1"}
			}
		},
		{
			"name": "pink_petals_4",
			"from": [2, 3, 5],
			"to": [3, 3.25, 6],
			"faces": {
				"north": {"uv": [3, 5, 2, 6], "texture": "#1"},
				"east": {"uv": [2, 5, 3, 6], "rotation": 90, "texture": "#1"},
				"south": {"uv": [2, 5, 3, 6], "texture": "#1"},
				"west": {"uv": [2, 5, 3, 6], "rotation": 270, "texture": "#1"},
				"up": {"uv": [2, 5, 3, 6], "texture": "#1"},
				"down": {"uv": [2, 6, 3, 5], "texture": "#1"}
			}
		},
		{
			"name": "pink_petals_2",
			"from": [1, 3, 4],
			"to": [2, 3.25, 5],
			"faces": {
				"north": {"uv": [2, 6, 1, 7], "texture": "#1"},
				"east": {"uv": [1, 6, 2, 7], "rotation": 90, "texture": "#1"},
				"south": {"uv": [1, 6, 2, 7], "texture": "#1"},
				"west": {"uv": [1, 6, 2, 7], "rotation": 270, "texture": "#1"},
				"up": {"uv": [1, 6, 2, 7], "texture": "#1"},
				"down": {"uv": [1, 5, 2, 4], "texture": "#1"}
			}
		},
		{
			"name": "pink_petals_2",
			"from": [1, 3, 5],
			"to": [2, 3.1, 6],
			"faces": {
				"north": {"uv": [2, 5, 1, 6], "texture": "#1"},
				"east": {"uv": [1, 5, 2, 6], "rotation": 90, "texture": "#1"},
				"south": {"uv": [1, 5, 2, 6], "texture": "#1"},
				"west": {"uv": [1, 5, 2, 6], "rotation": 270, "texture": "#1"},
				"up": {"uv": [1, 5, 2, 6], "texture": "#1"},
				"down": {"uv": [1, 6, 2, 5], "texture": "#1"}
			}
		},
		{
			"name": "pink_petals_3",
			"from": [1, 3, 6],
			"to": [2, 3.25, 7],
			"faces": {
				"north": {"uv": [2, 4, 1, 5], "texture": "#1"},
				"east": {"uv": [1, 4, 2, 5], "rotation": 90, "texture": "#1"},
				"south": {"uv": [1, 4, 2, 5], "texture": "#1"},
				"west": {"uv": [1, 4, 2, 5], "rotation": 270, "texture": "#1"},
				"up": {"uv": [1, 4, 2, 5], "texture": "#1"},
				"down": {"uv": [1, 5, 2, 4], "texture": "#1"}
			}
		},
		{
			"name": "pink_petals_2",
			"from": [6, 3, 5],
			"to": [7, 3.25, 6],
			"rotation": {"angle": 0, "axis": "y", "origin": [1.5, 0, 1.5]},
			"faces": {
				"north": {"uv": [7, 7, 6, 8], "texture": "#1"},
				"east": {"uv": [6, 7, 7, 8], "rotation": 90, "texture": "#1"},
				"south": {"uv": [6, 7, 7, 8], "texture": "#1"},
				"west": {"uv": [6, 7, 7, 8], "rotation": 270, "texture": "#1"},
				"up": {"uv": [6, 7, 7, 8], "texture": "#1"},
				"down": {"uv": [6, 8, 7, 7], "texture": "#1"}
			}
		},
		{
			"name": "pink_petals_4",
			"from": [5, 3, 6],
			"to": [6, 3.25, 7],
			"rotation": {"angle": 0, "axis": "y", "origin": [1.5, 0, 1.5]},
			"faces": {
				"north": {"uv": [6, 6, 5, 7], "texture": "#1"},
				"east": {"uv": [5, 6, 6, 7], "rotation": 90, "texture": "#1"},
				"south": {"uv": [5, 6, 6, 7], "texture": "#1"},
				"west": {"uv": [5, 6, 6, 7], "rotation": 270, "texture": "#1"},
				"up": {"uv": [5, 6, 6, 7], "texture": "#1"},
				"down": {"uv": [5, 7, 6, 6], "texture": "#1"}
			}
		},
		{
			"name": "pink_petals_5",
			"from": [7, 3, 6],
			"to": [8, 3.25, 7],
			"rotation": {"angle": 0, "axis": "y", "origin": [1.5, 0, 1.5]},
			"faces": {
				"north": {"uv": [8, 6, 7, 7], "texture": "#1"},
				"east": {"uv": [7, 6, 8, 7], "rotation": 90, "texture": "#1"},
				"south": {"uv": [7, 6, 8, 7], "texture": "#1"},
				"west": {"uv": [7, 6, 8, 7], "rotation": 270, "texture": "#1"},
				"up": {"uv": [7, 6, 8, 7], "texture": "#1"},
				"down": {"uv": [7, 7, 8, 6], "texture": "#1"}
			}
		},
		{
			"name": "pink_petals_3",
			"from": [6, 3, 5],
			"to": [7, 3.25, 6],
			"rotation": {"angle": 0, "axis": "y", "origin": [1.5, 0, 1.5]},
			"faces": {
				"north": {"uv": [7, 7, 6, 8], "texture": "#1"},
				"east": {"uv": [6, 7, 7, 8], "rotation": 90, "texture": "#1"},
				"south": {"uv": [6, 7, 7, 8], "texture": "#1"},
				"west": {"uv": [6, 7, 7, 8], "rotation": 270, "texture": "#1"},
				"up": {"uv": [6, 7, 7, 8], "texture": "#1"},
				"down": {"uv": [6, 6, 7, 5], "texture": "#1"}
			}
		},
		{
			"name": "pink_petals_3",
			"from": [6, 3, 6],
			"to": [7, 3.1, 7],
			"rotation": {"angle": 0, "axis": "y", "origin": [1.5, 0, 1.5]},
			"faces": {
				"north": {"uv": [7, 6, 6, 7], "texture": "#1"},
				"east": {"uv": [6, 6, 7, 7], "rotation": 90, "texture": "#1"},
				"south": {"uv": [6, 6, 7, 7], "texture": "#1"},
				"west": {"uv": [6, 6, 7, 7], "rotation": 270, "texture": "#1"},
				"up": {"uv": [6, 6, 7, 7], "texture": "#1"},
				"down": {"uv": [6, 7, 7, 6], "texture": "#1"}
			}
		},
		{
			"name": "pink_petals_4",
			"from": [6, 3, 7],
			"to": [7, 3.25, 8],
			"rotation": {"angle": 0, "axis": "y", "origin": [1.5, 0, 1.5]},
			"faces": {
				"north": {"uv": [7, 5, 6, 6], "texture": "#1"},
				"east": {"uv": [6, 5, 7, 6], "rotation": 90, "texture": "#1"},
				"south": {"uv": [6, 5, 7, 6], "texture": "#1"},
				"west": {"uv": [6, 5, 7, 6], "rotation": 270, "texture": "#1"},
				"up": {"uv": [6, 5, 7, 6], "texture": "#1"},
				"down": {"uv": [6, 6, 7, 5], "texture": "#1"}
			}
		},
		{
			"name": "pink_petals_stem_0",
			"from": [6.125, 0, 6.125],
			"to": [6.875, 3, 6.875],
			"rotation": {"angle": 0, "axis": "y", "origin": [1.525, 0, 1.525]},
			"faces": {
				"north": {"uv": [1, 4, 0, 7], "texture": "#2", "tintindex": 1},
				"east": {"uv": [0, 4, 1, 7], "texture": "#2", "tintindex": 1},
				"south": {"uv": [0, 4, 1, 7], "texture": "#2", "tintindex": 1},
				"west": {"uv": [0, 4, 1, 7], "texture": "#2", "tintindex": 1},
				"up": {"uv": [0, 4, 1, 5], "texture": "#2", "tintindex": 1},
				"down": {"uv": [0, 6, 1, 7], "texture": "#2", "tintindex": 1}
			}
		},
		{
			"name": "pink_petals_stem_1",
			"from": [4.125, 0, 1.125],
			"to": [4.875, 3, 1.875],
			"rotation": {"angle": 0, "axis": "y", "origin": [1.525, 0, 1.525]},
			"faces": {
				"north": {"uv": [1, 4, 0, 7], "texture": "#2", "tintindex": 1},
				"east": {"uv": [0, 4, 1, 7], "texture": "#2", "tintindex": 1},
				"south": {"uv": [0, 4, 1, 7], "texture": "#2", "tintindex": 1},
				"west": {"uv": [0, 4, 1, 7], "texture": "#2", "tintindex": 1},
				"up": {"uv": [0, 4, 1, 5], "texture": "#2", "tintindex": 1},
				"down": {"uv": [0, 6, 1, 7], "texture": "#2", "tintindex": 1}
			}
		},
		{
			"name": "pink_petals_stem_2",
			"from": [1.125, 0, 5.125],
			"to": [1.875, 3, 5.875],
			"rotation": {"angle": 0, "axis": "y", "origin": [1.525, 0, 1.525]},
			"faces": {
				"north": {"uv": [1, 4, 0, 7], "texture": "#2", "tintindex": 1},
				"east": {"uv": [0, 4, 1, 7], "texture": "#2", "tintindex": 1},
				"south": {"uv": [0, 4, 1, 7], "texture": "#2", "tintindex": 1},
				"west": {"uv": [0, 4, 1, 7], "texture": "#2", "tintindex": 1},
				"up": {"uv": [0, 4, 1, 5], "texture": "#2", "tintindex": 1},
				"down": {"uv": [0, 6, 1, 7], "texture": "#2", "tintindex": 1}
			}
		}
	],
	"groups": [
		{
			"name": "pink_petals",
			"origin": [8, 8, 8],
			"color": 0,
			"children": [0, 1, 2, 3, 4, 5, 6, 7, 8, 9, 10, 11, 12, 13, 14, 15, 16, 17]
		},
		{
			"name": "pink_petals_stem",
			"origin": [8, 8, 8],
			"color": 0,
			"children": [18, 19, 20]
		}
	]
}