{
	"credit": "Made with Blockbench",
	"ambientocclusion": false,
	"textures": {
		"2": "block/pitcher_crop_top_stage_3",
		"particle": "block/pitcher_crop_top"
	},
	"elements": [
		{
			"name": "pitcher_crop_top_stage_3_0",
			"from": [7, 10, 6.5],
			"to": [10, 11, 8.5],
			"rotation": {"angle": 0, "axis": "y", "origin": [16, 0, 0]},
			"faces": {
				"north": {"uv": [6, 5, 9, 6], "texture": "#2"},
				"east": {"uv": [7, 5, 6, 6], "texture": "#2"},
				"south": {"uv": [9, 5, 6, 6], "texture": "#2"},
				"west": {"uv": [9, 5, 8, 6], "texture": "#2"},
				"up": {"uv": [9, 5, 6, 6], "texture": "#2"},
				"down": {"uv": [9, 5, 6, 6], "texture": "#2"}
			}
		},
		{
			"name": "pitcher_crop_top_stage_3_1",
			"from": [6.5, 8, 8.5],
			"to": [9.5, 10, 9.5],
			"rotation": {"angle": 0, "axis": "y", "origin": [16, 0, 0]},
			"faces": {
				"north": {"uv": [9, 7, 6, 9], "texture": "#2"},
				"east": {"uv": [9, 7, 8, 9], "texture": "#2"},
				"south": {"uv": [9, 7, 6, 9], "texture": "#2"},
				"west": {"uv": [7, 7, 6, 9], "texture": "#2"},
				"up": {"uv": [9, 5, 6, 6], "texture": "#2"},
				"down": {"uv": [9, 8, 6, 9], "texture": "#2"}
			}
		},
		{
			"name": "pitcher_crop_top_stage_3_1",
			"from": [6, 9, 5.5],
			"to": [11, 10, 7],
			"rotation": {"angle": 0, "axis": "y", "origin": [16, 0, 0]},
			"faces": {
				"north": {"uv": [5, 6, 10, 7], "texture": "#2"},
				"east": {"uv": [6, 6, 5, 7], "texture": "#2"},
				"south": {"uv": [10, 6, 5, 7], "texture": "#2"},
				"west": {"uv": [10, 6, 9, 7], "texture": "#2"},
				"up": {"uv": [10, 6, 5, 7], "texture": "#2"},
				"down": {"uv": [10, 6, 5, 7], "texture": "#2"}
			}
		},
		{
			"name": "pitcher_crop_top_stage_3_2",
			"from": [5, 8, 4.5],
			"to": [11, 9, 6],
			"rotation": {"angle": 0, "axis": "y", "origin": [16, 0, 0]},
			"faces": {
				"north": {"uv": [5, 7, 11, 8], "texture": "#2"},
				"east": {"uv": [6, 7, 5, 8], "texture": "#2"},
				"south": {"uv": [11, 7, 5, 8], "texture": "#2"},
				"west": {"uv": [11, 7, 10, 8], "texture": "#2"},
				"up": {"uv": [11, 7, 5, 8], "texture": "#2"},
				"down": {"uv": [11, 7, 5, 8], "texture": "#2"}
			}
		},
		{
			"name": "pitcher_crop_top_stage_3_3",
			"from": [4, 7, 4],
			"to": [10, 8, 5],
			"rotation": {"angle": 0, "axis": "y", "origin": [16, 0, 0]},
			"faces": {
				"north": {"uv": [6, 8, 12, 9], "texture": "#2"},
				"east": {"uv": [7, 8, 6, 9], "texture": "#2"},
				"south": {"uv": [12, 8, 6, 9], "texture": "#2"},
				"west": {"uv": [12, 8, 11, 9], "texture": "#2"},
				"up": {"uv": [12, 8, 6, 9], "texture": "#2"},
				"down": {"uv": [12, 8, 6, 9], "texture": "#2"}
			}
		},
		{
			"name": "pitcher_crop_top_stage_3_4",
			"from": [6, 6, 9],
			"to": [10, 7, 10],
			"rotation": {"angle": 0, "axis": "y", "origin": [16, 0, 0]},
			"faces": {
				"north": {"uv": [6, 9, 10, 10], "texture": "#2"},
				"east": {"uv": [7, 10, 6, 11], "texture": "#2"},
				"south": {"uv": [10, 11, 6, 12], "texture": "#2"},
				"west": {"uv": [7, 10, 6, 11], "texture": "#2"},
				"up": {"uv": [10, 8, 6, 9], "texture": "#2"},
				"down": {"uv": [10, 9, 6, 10], "texture": "#2"}
			}
		},
		{
			"name": "pitcher_crop_top_stage_3_5",
			"from": [6.5, 7, 9],
			"to": [9.5, 8, 10],
			"rotation": {"angle": 0, "axis": "y", "origin": [16, 0, 0]},
			"faces": {
				"north": {"uv": [6, 8, 10, 9], "texture": "#2"},
				"east": {"uv": [7, 10, 6, 11], "texture": "#2"},
				"south": {"uv": [6, 8, 10, 9], "texture": "#2"},
				"west": {"uv": [7, 10, 6, 11], "texture": "#2"},
				"up": {"uv": [6, 8, 10, 9], "texture": "#2"},
				"down": {"uv": [10, 9, 6, 10], "texture": "#2"}
			}
		},
		{
			"name": "pitcher_crop_top_stage_3_5",
			"from": [6, 5, 9],
			"to": [10, 6, 10],
			"rotation": {"angle": 0, "axis": "y", "origin": [16, 0, 0]},
			"faces": {
				"north": {"uv": [7, 10, 9, 11], "texture": "#2"},
				"east": {"uv": [7, 10, 6, 11], "texture": "#2"},
				"south": {"uv": [10, 11, 6, 12], "texture": "#2"},
				"west": {"uv": [7, 10, 6, 11], "texture": "#2"},
				"up": {"uv": [10, 8, 6, 9], "texture": "#2"},
				"down": {"uv": [10, 9, 6, 10], "texture": "#2"}
			}
		},
		{
			"name": "pitcher_crop_top_stage_3_5",
			"from": [10, 5, 6],
			"to": [11, 6, 9],
			"rotation": {"angle": 0, "axis": "y", "origin": [16, 0, 0]},
			"faces": {
				"north": {"uv": [5, 10, 6, 11], "texture": "#2"},
				"east": {"uv": [8, 11, 5, 12], "texture": "#2"},
				"south": {"uv": [6, 10, 5, 11], "texture": "#2"},
				"west": {"uv": [9, 9, 6, 10], "texture": "#2"},
				"up": {"uv": [7, 10, 6, 13], "texture": "#2"}
			}
		},
		{
			"name": "pitcher_crop_top_stage_3_6",
			"from": [9, 5, 6],
			"to": [10, 6, 7],
			"rotation": {"angle": 0, "axis": "y", "origin": [16, 0, 0]},
			"faces": {
				"north": {"uv": [6, 10, 7, 11], "texture": "#2"},
				"east": {"uv": [6, 10, 7, 11], "texture": "#2"},
				"south": {"uv": [6, 10, 7, 11], "texture": "#2"},
				"west": {"uv": [6, 10, 7, 11], "texture": "#2"},
				"up": {"uv": [6, 10, 7, 11], "texture": "#2"}
			}
		},
		{
			"name": "pitcher_crop_top_stage_3_6",
			"from": [5, 5, 6],
			"to": [6, 6, 9],
			"faces": {
				"north": {"uv": [6, 10, 5, 11], "texture": "#2"},
				"east": {"uv": [6, 9, 9, 10], "texture": "#2"},
				"south": {"uv": [5, 10, 6, 11], "texture": "#2"},
				"west": {"uv": [5, 11, 8, 12], "texture": "#2"},
				"up": {"uv": [6, 10, 7, 13], "texture": "#2"}
			}
		},
		{
			"name": "pitcher_crop_top_stage_3_7",
			"from": [6, 5, 6],
			"to": [7, 6, 7],
			"faces": {
				"north": {"uv": [7, 10, 6, 11], "texture": "#2"},
				"east": {"uv": [7, 10, 6, 11], "texture": "#2"},
				"south": {"uv": [7, 10, 6, 11], "texture": "#2"},
				"west": {"uv": [7, 10, 6, 11], "texture": "#2"},
				"up": {"uv": [7, 10, 6, 11], "texture": "#2"}
			}
		},
		{
			"name": "pitcher_crop_top_stage_3_6",
			"from": [5, 4, 5],
			"to": [11, 5, 11],
			"rotation": {"angle": 0, "axis": "y", "origin": [16, 0, 0]},
			"faces": {
				"north": {"uv": [5, 11, 11, 12], "texture": "#2"},
				"east": {"uv": [5, 11, 11, 12], "texture": "#2"},
				"south": {"uv": [5, 11, 11, 12], "texture": "#2"},
				"west": {"uv": [5, 11, 11, 12], "texture": "#2"},
				"down": {"uv": [11, 11, 5, 12], "texture": "#2"}
			}
		},
		{
			"name": "pitcher_crop_top_stage_3_10",
			"from": [5, 0, 5],
			"to": [11, 1, 11],
			"rotation": {"angle": 0, "axis": "y", "origin": [16, 0, 0]},
			"faces": {
				"north": {"uv": [5, 15, 11, 16], "texture": "#2"},
				"east": {"uv": [5, 15, 11, 16], "texture": "#2"},
				"south": {"uv": [5, 15, 11, 16], "texture": "#2"},
				"west": {"uv": [5, 15, 11, 16], "texture": "#2"},
				"up": {"uv": [11, 15, 5, 16], "texture": "#2"}
			}
		},
		{
			"from": [6, 4.999, 8],
			"to": [10, 4.999, 9],
			"rotation": {"angle": 0, "axis": "y", "origin": [2, 2.999, 7]},
			"faces": {
				"north": {"uv": [0, 0, 4, 0], "texture": "#missing"},
				"east": {"uv": [0, 0, 2, 0], "texture": "#missing"},
				"south": {"uv": [0, 0, 4, 0], "texture": "#missing"},
				"west": {"uv": [0, 0, 2, 0], "texture": "#missing"},
				"up": {"uv": [6, 10, 10, 9], "texture": "#2"},
				"down": {"uv": [0, 0, 4, 2], "texture": "#missing"}
			}
		},
		{
			"from": [6, 4.999, 7],
			"to": [10, 4.999, 8],
			"rotation": {"angle": 0, "axis": "y", "origin": [2, 2.999, 7]},
			"faces": {
				"north": {"uv": [0, 0, 4, 0], "texture": "#missing"},
				"east": {"uv": [0, 0, 2, 0], "texture": "#missing"},
				"south": {"uv": [0, 0, 4, 0], "texture": "#missing"},
				"west": {"uv": [0, 0, 2, 0], "texture": "#missing"},
				"up": {"uv": [7, 11, 9, 10], "texture": "#2"},
				"down": {"uv": [0, 0, 4, 2], "texture": "#missing"}
			}
		},
		{
			"from": [4, 1, 4],
			"to": [12, 4, 12],
			"faces": {
				"north": {"uv": [4, 12, 12, 15], "texture": "#2"},
				"east": {"uv": [12, 12, 4, 15], "texture": "#2"},
				"south": {"uv": [4, 12, 12, 15], "texture": "#2"},
				"west": {"uv": [12, 12, 4, 15], "texture": "#2"}
			}
		},
		{
			"from": [4, 4, 4],
			"to": [12, 4, 5],
			"faces": {
				"up": {"uv": [12, 12, 4, 13], "texture": "#2"}
			}
		},
		{
			"from": [4, 4, 11],
			"to": [12, 4, 12],
			"faces": {
				"up": {"uv": [4, 12, 12, 13], "texture": "#2"}
			}
		},
		{
			"from": [4, 4, 5],
			"to": [5, 4, 11],
			"faces": {
				"up": {"uv": [11, 12, 5, 13], "rotation": 90, "texture": "#2"}
			}
		},
		{
			"from": [11, 4, 5],
			"to": [12, 4, 11],
			"faces": {
				"up": {"uv": [5, 12, 11, 13], "rotation": 90, "texture": "#2"}
			}
		},
		{
			"from": [11, 1, 5],
			"to": [12, 1, 11],
			"rotation": {"angle": 0, "axis": "y", "origin": [0, 16, 0]},
			"faces": {
				"down": {"uv": [11, 14, 5, 15], "rotation": 90, "texture": "#2"}
			}
		},
		{
			"from": [4, 1, 11],
			"to": [12, 1, 12],
			"rotation": {"angle": 0, "axis": "y", "origin": [0, 16, 0]},
			"faces": {
				"down": {"uv": [4, 15, 12, 14], "texture": "#2"}
			}
		},
		{
			"from": [4, 1, 4],
			"to": [12, 1, 5],
			"rotation": {"angle": 0, "axis": "y", "origin": [0, 16, 0]},
			"faces": {
				"down": {"uv": [12, 15, 4, 14], "texture": "#2"}
			}
		},
		{
			"from": [4, 1, 5],
			"to": [5, 1, 11],
			"rotation": {"angle": 0, "axis": "y", "origin": [0, 16, 0]},
			"faces": {
				"down": {"uv": [5, 14, 11, 15], "rotation": 90, "texture": "#2"}
			}
		},
		{
			"from": [5, 0, 5],
			"to": [6, 0, 11],
			"rotation": {"angle": 0, "axis": "y", "origin": [0, 16, 0]},
			"faces": {
				"down": {"uv": [5, 15, 11, 16], "rotation": 90, "texture": "#2"}
			}
		},
		{
			"from": [10, 0, 5],
			"to": [11, 0, 11],
			"rotation": {"angle": 0, "axis": "y", "origin": [0, 16, 0]},
			"faces": {
				"down": {"uv": [5, 15, 11, 16], "rotation": 90, "texture": "#2"}
			}
		},
		{
			"from": [6, 0, 10],
			"to": [10, 0, 11],
			"rotation": {"angle": 0, "axis": "y", "origin": [0, 16, 0]},
			"faces": {
				"down": {"uv": [10, 15, 6, 16], "rotation": 180, "texture": "#2"}
			}
		},
		{
			"from": [6, 0, 5],
			"to": [10, 0, 6],
			"rotation": {"angle": 0, "axis": "y", "origin": [0, 16, 0]},
			"faces": {
				"down": {"uv": [6, 15, 10, 16], "rotation": 180, "texture": "#2"}
			}
		},
		{
			"from": [10, 5, 5],
			"to": [11, 5, 11],
			"faces": {
				"north": {"uv": [0, 0, 1, 0], "texture": "#2"},
				"east": {"uv": [0, 0, 6, 0], "texture": "#2"},
				"south": {"uv": [0, 0, 1, 0], "texture": "#2"},
				"west": {"uv": [0, 0, 6, 0], "texture": "#2"},
				"up": {"uv": [11, 11, 5, 12], "rotation": 90, "texture": "#2"},
				"down": {"uv": [0, 0, 1, 6], "texture": "#2"}
			}
		},
		{
			"from": [6, 5, 10],
			"to": [10, 5, 11],
			"faces": {
				"north": {"uv": [0, 0, 1, 0], "texture": "#2"},
				"east": {"uv": [0, 0, 6, 0], "texture": "#2"},
				"south": {"uv": [0, 0, 1, 0], "texture": "#2"},
				"west": {"uv": [0, 0, 6, 0], "texture": "#2"},
				"up": {"uv": [6, 11, 10, 12], "texture": "#2"},
				"down": {"uv": [0, 0, 1, 6], "texture": "#2"}
			}
		},
		{
			"from": [6, 5, 5],
			"to": [10, 5, 6],
			"faces": {
				"north": {"uv": [0, 0, 1, 0], "texture": "#2"},
				"east": {"uv": [0, 0, 6, 0], "texture": "#2"},
				"south": {"uv": [0, 0, 1, 0], "texture": "#2"},
				"west": {"uv": [0, 0, 6, 0], "texture": "#2"},
				"up": {"uv": [10, 11, 6, 12], "texture": "#2"},
				"down": {"uv": [0, 0, 1, 6], "texture": "#2"}
			}
		},
		{
			"from": [6, 5, 6],
			"to": [10, 5, 7],
			"faces": {
				"north": {"uv": [0, 0, 1, 0], "texture": "#2"},
				"east": {"uv": [0, 0, 6, 0], "texture": "#2"},
				"south": {"uv": [0, 0, 1, 0], "texture": "#2"},
				"west": {"uv": [0, 0, 6, 0], "texture": "#2"},
				"up": {"uv": [11, 11, 7, 12], "texture": "#2"},
				"down": {"uv": [0, 0, 1, 6], "texture": "#2"}
			}
		},
		{
			"from": [5, 5, 5],
			"to": [6, 5, 11],
			"faces": {
				"north": {"uv": [0, 0, 1, 0], "texture": "#2"},
				"east": {"uv": [0, 0, 6, 0], "texture": "#2"},
				"south": {"uv": [0, 0, 1, 0], "texture": "#2"},
				"west": {"uv": [0, 0, 6, 0], "texture": "#2"},
				"up": {"uv": [11, 11, 5, 12], "rotation": 90, "texture": "#2"},
				"down": {"uv": [0, 0, 1, 6], "texture": "#2"}
			}
		}
	],
	"groups": [
		{
			"name": "pitcher_crop_top_stage_3",
			"origin": [8, 8, 8],
			"color": 0,
			"children": [0, 1, 2, 3, 4, 5, 6, 7, 8, 9, 10, 11, 12, 13, 14, 15]
		},
		16,
		17,
		18,
		19,
		20,
		21,
		22,
		23,
		24,
		25,
		26,
		27,
		28,
		29,
		30,
		31,
		32,
		33
	],
	"corangeit": "Made with Blockbench"
}