{
	"credit": "Made with Blockbench",
	"parent": "minecraft:block/pointed_dripstone",
	"textures": {
		"particle": "block/pointed_dripstone_up_tip",
		"cross": "block/pointed_dripstone_up_tip"
	},
	"elements": [
		{
			"name": "pointed_dripstone_up_tip_0",
			"from": [7, 10, 7],
			"to": [9, 11, 8],
			"rotation": {"angle": 0, "axis": "y", "origin": [8.05455, 5.5, 7.5]},
			"faces": {
				"north": {"uv": [7, 5, 9, 6], "texture": "#cross"},
				"east": {"uv": [7, 5, 8, 6], "texture": "#cross"},
				"south": {"uv": [7, 6, 9, 5], "rotation": 180, "texture": "#cross"},
				"west": {"uv": [8, 5, 9, 6], "texture": "#cross"},
				"up": {"uv": [9, 5, 7, 6], "texture": "#cross"},
				"down": {"uv": [7, 5, 9, 6], "rotation": 180, "texture": "#cross"}
			}
		},
		{
			"name": "pointed_dripstone_up_tip_1",
			"from": [7, 9, 7],
			"to": [10, 10, 8],
			"rotation": {"angle": 0, "axis": "y", "origin": [8.05455, 5.5, 7.5]},
			"faces": {
				"north": {"uv": [6, 6, 9, 7], "texture": "#cross"},
				"east": {"uv": [6, 6, 7, 7], "texture": "#cross"},
				"south": {"uv": [6, 7, 9, 6], "rotation": 180, "texture": "#cross"},
				"west": {"uv": [8, 6, 9, 7], "texture": "#cross"},
				"up": {"uv": [9, 6, 6, 7], "texture": "#cross"},
				"down": {"uv": [6, 6, 9, 7], "rotation": 180, "texture": "#cross"}
			}
		},
		{
			"name": "pointed_dripstone_up_tip_2",
			"from": [7, 8, 7],
			"to": [10, 9, 8],
			"rotation": {"angle": 0, "axis": "y", "origin": [8.05455, 5.5, 7.5]},
			"faces": {
				"north": {"uv": [6, 7, 9, 8], "texture": "#cross"},
				"east": {"uv": [6, 7, 7, 8], "texture": "#cross"},
				"south": {"uv": [6, 8, 9, 7], "rotation": 180, "texture": "#cross"},
				"west": {"uv": [8, 7, 9, 8], "texture": "#cross"},
				"up": {"uv": [9, 7, 6, 8], "texture": "#cross"},
				"down": {"uv": [6, 7, 9, 8], "rotation": 180, "texture": "#cross"}
			}
		},
		{
			"name": "pointed_dripstone_up_tip_3",
			"from": [6, 7, 6],
			"to": [10, 8, 7],
			"rotation": {"angle": 0, "axis": "y", "origin": [8.05455, 5.5, 6.5]},
			"faces": {
				"north": {"uv": [6, 8, 10, 9], "texture": "#cross"},
				"east": {"uv": [6, 8, 7, 9], "texture": "#cross"},
				"south": {"uv": [6, 9, 10, 8], "rotation": 180, "texture": "#cross"},
				"west": {"uv": [9, 8, 10, 9], "texture": "#cross"},
				"up": {"uv": [10, 8, 6, 9], "texture": "#cross"},
				"down": {"uv": [6, 8, 10, 9], "rotation": 180, "texture": "#cross"}
			}
		},
		{
			"name": "pointed_dripstone_up_tip_4",
			"from": [6, 6, 6],
			"to": [10, 7, 7],
			"rotation": {"angle": 0, "axis": "y", "origin": [8.05455, 5.5, 6.5]},
			"faces": {
				"north": {"uv": [6, 9, 10, 10], "texture": "#cross"},
				"east": {"uv": [6, 9, 7, 10], "texture": "#cross"},
				"south": {"uv": [6, 10, 10, 9], "rotation": 180, "texture": "#cross"},
				"west": {"uv": [9, 9, 10, 10], "texture": "#cross"},
				"up": {"uv": [10, 9, 6, 10], "texture": "#cross"},
				"down": {"uv": [6, 9, 10, 10], "rotation": 180, "texture": "#cross"}
			}
		},
		{
			"name": "pointed_dripstone_up_tip_5",
			"from": [6, 5, 6],
			"to": [10, 6, 7],
			"rotation": {"angle": 0, "axis": "y", "origin": [8.05455, 5.5, 6.5]},
			"faces": {
				"north": {"uv": [6, 10, 10, 11], "texture": "#cross"},
				"east": {"uv": [6, 10, 7, 11], "texture": "#cross"},
				"south": {"uv": [6, 11, 10, 10], "rotation": 180, "texture": "#cross"},
				"west": {"uv": [9, 10, 10, 11], "texture": "#cross"},
				"up": {"uv": [10, 10, 6, 11], "texture": "#cross"},
				"down": {"uv": [6, 10, 10, 11], "rotation": 180, "texture": "#cross"}
			}
		},
		{
			"name": "pointed_dripstone_up_tip_6",
			"from": [5, 4, 5],
			"to": [11, 5, 6],
			"rotation": {"angle": 0, "axis": "y", "origin": [8.05455, 5.5, 5.5]},
			"faces": {
				"north": {"uv": [5, 11, 11, 12], "texture": "#cross"},
				"east": {"uv": [5, 11, 6, 12], "texture": "#cross"},
				"south": {"uv": [5, 12, 11, 11], "rotation": 180, "texture": "#cross"},
				"west": {"uv": [10, 11, 11, 12], "texture": "#cross"},
				"up": {"uv": [11, 11, 5, 12], "texture": "#cross"},
				"down": {"uv": [5, 11, 11, 12], "rotation": 180, "texture": "#cross"}
			}
		},
		{
			"name": "pointed_dripstone_up_tip_7",
			"from": [5, 3, 5],
			"to": [11, 4, 6],
			"rotation": {"angle": 0, "axis": "y", "origin": [8.05455, 5.5, 5.5]},
			"faces": {
				"north": {"uv": [5, 12, 11, 13], "texture": "#cross"},
				"east": {"uv": [5, 12, 6, 13], "texture": "#cross"},
				"south": {"uv": [5, 13, 11, 12], "rotation": 180, "texture": "#cross"},
				"west": {"uv": [10, 12, 11, 13], "texture": "#cross"},
				"up": {"uv": [11, 12, 5, 13], "texture": "#cross"},
				"down": {"uv": [5, 12, 11, 13], "rotation": 180, "texture": "#cross"}
			}
		},
		{
			"name": "pointed_dripstone_up_tip_8",
			"from": [5, 2, 5],
			"to": [11, 3, 6],
			"rotation": {"angle": 0, "axis": "y", "origin": [8.05455, 5.5, 5.5]},
			"faces": {
				"north": {"uv": [5, 13, 11, 14], "texture": "#cross"},
				"east": {"uv": [5, 13, 6, 14], "texture": "#cross"},
				"south": {"uv": [5, 14, 11, 13], "rotation": 180, "texture": "#cross"},
				"west": {"uv": [10, 13, 11, 14], "texture": "#cross"},
				"up": {"uv": [11, 13, 5, 14], "texture": "#cross"},
				"down": {"uv": [5, 13, 11, 14], "rotation": 180, "texture": "#cross"}
			}
		},
		{
			"name": "pointed_dripstone_up_tip_9",
			"from": [4, 1, 4],
			"to": [11, 2, 5],
			"rotation": {"angle": 0, "axis": "y", "origin": [8.05455, 5.5, 4.5]},
			"faces": {
				"north": {"uv": [5, 14, 12, 15], "texture": "#cross"},
				"east": {"uv": [5, 14, 6, 15], "texture": "#cross"},
				"south": {"uv": [5, 15, 12, 14], "rotation": 180, "texture": "#cross"},
				"west": {"uv": [11, 14, 12, 15], "texture": "#cross"},
				"up": {"uv": [12, 14, 5, 15], "texture": "#cross"},
				"down": {"uv": [5, 14, 12, 15], "rotation": 180, "texture": "#cross"}
			}
		},
		{
			"name": "pointed_dripstone_up_tip_10",
			"from": [4, 0, 4],
			"to": [12, 1, 5],
			"rotation": {"angle": 0, "axis": "y", "origin": [8.05455, 5.5, 4.5]},
			"faces": {
				"north": {"uv": [4, 15, 12, 16], "texture": "#cross"},
				"east": {"uv": [4, 15, 5, 16], "texture": "#cross"},
				"south": {"uv": [4, 16, 12, 15], "rotation": 180, "texture": "#cross"},
				"west": {"uv": [11, 15, 12, 16], "texture": "#cross"},
				"up": {"uv": [12, 15, 4, 16], "texture": "#cross"},
				"down": {"uv": [4, 15, 12, 16], "rotation": 180, "texture": "#cross"}
			}
		},
		{
			"name": "pointed_dripstone_up_tip_1",
			"from": [7, 10, 8],
			"to": [9, 11, 9],
			"rotation": {"angle": 0, "axis": "y", "origin": [7.95455, 5.5, 9.88636]},
			"faces": {
				"north": {"uv": [7, 6, 9, 5], "rotation": 180, "texture": "#cross"},
				"east": {"uv": [8, 5, 9, 6], "texture": "#cross"},
				"south": {"uv": [7, 5, 9, 6], "texture": "#cross"},
				"west": {"uv": [7, 5, 8, 6], "texture": "#cross"},
				"up": {"uv": [9, 5, 7, 6], "rotation": 180, "texture": "#cross"},
				"down": {"uv": [7, 5, 9, 6], "texture": "#cross"}
			}
		},
		{
			"name": "pointed_dripstone_up_tip_2",
			"from": [6, 9, 8],
			"to": [9, 10, 9],
			"rotation": {"angle": 0, "axis": "y", "origin": [7.95455, 5.5, 9.88636]},
			"faces": {
				"north": {"uv": [6, 7, 9, 6], "rotation": 180, "texture": "#cross"},
				"east": {"uv": [8, 6, 9, 7], "texture": "#cross"},
				"south": {"uv": [6, 6, 9, 7], "texture": "#cross"},
				"west": {"uv": [6, 6, 7, 7], "texture": "#cross"},
				"up": {"uv": [9, 6, 6, 7], "rotation": 180, "texture": "#cross"},
				"down": {"uv": [6, 6, 9, 7], "texture": "#cross"}
			}
		},
		{
			"name": "pointed_dripstone_up_tip_3",
			"from": [6, 8, 8],
			"to": [9, 9, 9],
			"rotation": {"angle": 0, "axis": "y", "origin": [7.95455, 5.5, 9.88636]},
			"faces": {
				"north": {"uv": [6, 8, 9, 7], "rotation": 180, "texture": "#cross"},
				"east": {"uv": [8, 7, 9, 8], "texture": "#cross"},
				"south": {"uv": [6, 7, 9, 8], "texture": "#cross"},
				"west": {"uv": [6, 7, 7, 8], "texture": "#cross"},
				"up": {"uv": [9, 7, 6, 8], "rotation": 180, "texture": "#cross"},
				"down": {"uv": [6, 7, 9, 8], "texture": "#cross"}
			}
		},
		{
			"name": "pointed_dripstone_up_tip_4",
			"from": [6, 7, 9],
			"to": [10, 8, 10],
			"rotation": {"angle": 0, "axis": "y", "origin": [7.95455, 5.5, 9.88636]},
			"faces": {
				"north": {"uv": [6, 9, 10, 8], "rotation": 180, "texture": "#cross"},
				"east": {"uv": [9, 8, 10, 9], "texture": "#cross"},
				"south": {"uv": [6, 8, 10, 9], "texture": "#cross"},
				"west": {"uv": [6, 8, 7, 9], "texture": "#cross"},
				"up": {"uv": [10, 8, 6, 9], "rotation": 180, "texture": "#cross"},
				"down": {"uv": [6, 8, 10, 9], "texture": "#cross"}
			}
		},
		{
			"name": "pointed_dripstone_up_tip_5",
			"from": [6, 6, 9],
			"to": [10, 7, 10],
			"rotation": {"angle": 0, "axis": "y", "origin": [7.95455, 5.5, 9.88636]},
			"faces": {
				"north": {"uv": [6, 10, 10, 9], "rotation": 180, "texture": "#cross"},
				"east": {"uv": [9, 9, 10, 10], "texture": "#cross"},
				"south": {"uv": [6, 9, 10, 10], "texture": "#cross"},
				"west": {"uv": [6, 9, 7, 10], "texture": "#cross"},
				"up": {"uv": [10, 9, 6, 10], "rotation": 180, "texture": "#cross"},
				"down": {"uv": [6, 9, 10, 10], "texture": "#cross"}
			}
		},
		{
			"name": "pointed_dripstone_up_tip_6",
			"from": [6, 5, 9],
			"to": [10, 6, 10],
			"rotation": {"angle": 0, "axis": "y", "origin": [7.95455, 5.5, 9.88636]},
			"faces": {
				"north": {"uv": [6, 11, 10, 10], "rotation": 180, "texture": "#cross"},
				"east": {"uv": [9, 10, 10, 11], "texture": "#cross"},
				"south": {"uv": [6, 10, 10, 11], "texture": "#cross"},
				"west": {"uv": [6, 10, 7, 11], "texture": "#cross"},
				"up": {"uv": [10, 10, 6, 11], "rotation": 180, "texture": "#cross"},
				"down": {"uv": [6, 10, 10, 11], "texture": "#cross"}
			}
		},
		{
			"name": "pointed_dripstone_up_tip_7",
			"from": [5, 4, 10],
			"to": [11, 5, 11],
			"rotation": {"angle": 0, "axis": "y", "origin": [7.95455, 5.5, 9.88636]},
			"faces": {
				"north": {"uv": [5, 12, 11, 11], "rotation": 180, "texture": "#cross"},
				"east": {"uv": [10, 11, 11, 12], "texture": "#cross"},
				"south": {"uv": [5, 11, 11, 12], "texture": "#cross"},
				"west": {"uv": [5, 11, 6, 12], "texture": "#cross"},
				"up": {"uv": [11, 11, 5, 12], "rotation": 180, "texture": "#cross"},
				"down": {"uv": [5, 11, 11, 12], "texture": "#cross"}
			}
		},
		{
			"name": "pointed_dripstone_up_tip_8",
			"from": [5, 3, 10],
			"to": [11, 4, 11],
			"rotation": {"angle": 0, "axis": "y", "origin": [7.95455, 5.5, 9.88636]},
			"faces": {
				"north": {"uv": [5, 13, 11, 12], "rotation": 180, "texture": "#cross"},
				"east": {"uv": [10, 12, 11, 13], "texture": "#cross"},
				"south": {"uv": [5, 12, 11, 13], "texture": "#cross"},
				"west": {"uv": [5, 12, 6, 13], "texture": "#cross"},
				"up": {"uv": [11, 12, 5, 13], "rotation": 180, "texture": "#cross"},
				"down": {"uv": [5, 12, 11, 13], "texture": "#cross"}
			}
		},
		{
			"name": "pointed_dripstone_up_tip_9",
			"from": [5, 2, 10],
			"to": [11, 3, 11],
			"rotation": {"angle": 0, "axis": "y", "origin": [7.95455, 5.5, 9.88636]},
			"faces": {
				"north": {"uv": [5, 14, 11, 13], "rotation": 180, "texture": "#cross"},
				"east": {"uv": [10, 13, 11, 14], "texture": "#cross"},
				"south": {"uv": [5, 13, 11, 14], "texture": "#cross"},
				"west": {"uv": [5, 13, 6, 14], "texture": "#cross"},
				"up": {"uv": [11, 13, 5, 14], "rotation": 180, "texture": "#cross"},
				"down": {"uv": [5, 13, 11, 14], "texture": "#cross"}
			}
		},
		{
			"name": "pointed_dripstone_up_tip_10",
			"from": [5, 1, 11],
			"to": [12, 2, 12],
			"rotation": {"angle": 0, "axis": "y", "origin": [7.95455, 5.5, 9.88636]},
			"faces": {
				"north": {"uv": [5, 15, 12, 14], "rotation": 180, "texture": "#cross"},
				"east": {"uv": [11, 14, 12, 15], "texture": "#cross"},
				"south": {"uv": [5, 14, 12, 15], "texture": "#cross"},
				"west": {"uv": [5, 14, 6, 15], "texture": "#cross"},
				"up": {"uv": [12, 14, 5, 15], "rotation": 180, "texture": "#cross"},
				"down": {"uv": [5, 14, 12, 15], "texture": "#cross"}
			}
		},
		{
			"name": "pointed_dripstone_up_tip_11",
			"from": [4, 0, 11],
			"to": [12, 1, 12],
			"rotation": {"angle": 0, "axis": "y", "origin": [7.95455, 5.5, 9.88636]},
			"faces": {
				"north": {"uv": [4, 16, 12, 15], "rotation": 180, "texture": "#cross"},
				"east": {"uv": [11, 15, 12, 16], "texture": "#cross"},
				"south": {"uv": [4, 15, 12, 16], "texture": "#cross"},
				"west": {"uv": [4, 15, 5, 16], "texture": "#cross"},
				"up": {"uv": [12, 15, 4, 16], "rotation": 180, "texture": "#cross"},
				"down": {"uv": [4, 15, 12, 16], "texture": "#cross"}
			}
		},
		{
			"from": [6, 5, 7],
			"to": [7, 8, 9],
			"rotation": {"angle": 0, "axis": "y", "origin": [6.5, 7.5, 7.5]},
			"faces": {
				"north": {"uv": [0, 0, 1, 3], "texture": "#missing"},
				"east": {"uv": [9, 8, 7, 11], "texture": "#cross"},
				"south": {"uv": [0, 0, 1, 3], "texture": "#missing"},
				"west": {"uv": [9, 8, 7, 11], "texture": "#cross"},
				"up": {"uv": [9, 8, 7, 9], "rotation": 90, "texture": "#cross"},
				"down": {"uv": [7, 9, 9, 10], "rotation": 90, "texture": "#cross"}
			}
		},
		{
			"from": [9, 5, 7],
			"to": [10, 8, 9],
			"rotation": {"angle": 0, "axis": "y", "origin": [9.5, 6.5, 8]},
			"faces": {
				"north": {"uv": [0, 0, 1, 3], "texture": "#missing"},
				"east": {"uv": [9, 8, 7, 11], "texture": "#cross"},
				"south": {"uv": [0, 0, 1, 3], "texture": "#missing"},
				"west": {"uv": [9, 8, 7, 11], "texture": "#cross"},
				"up": {"uv": [9, 8, 7, 9], "rotation": 270, "texture": "#cross"},
				"down": {"uv": [7, 9, 9, 10], "rotation": 270, "texture": "#cross"}
			}
		},
		{
			"from": [5, 2, 6],
			"to": [6, 5, 10],
			"rotation": {"angle": 0, "axis": "y", "origin": [13, 12, 14]},
			"faces": {
				"north": {"uv": [0, 0, 1, 3], "texture": "#missing"},
				"east": {"uv": [10, 11, 6, 14], "texture": "#cross"},
				"south": {"uv": [0, 0, 1, 3], "texture": "#missing"},
				"west": {"uv": [10, 11, 6, 14], "texture": "#cross"},
				"up": {"uv": [10, 11, 6, 12], "rotation": 90, "texture": "#cross"},
				"down": {"uv": [4, 15, 12, 16], "rotation": 90, "texture": "#cross"}
			}
		},
		{
			"from": [10, 2, 6],
			"to": [11, 5, 10],
			"rotation": {"angle": 0, "axis": "y", "origin": [10.5, 3.5, 8]},
			"faces": {
				"north": {"uv": [0, 0, 1, 3], "texture": "#missing"},
				"east": {"uv": [10, 11, 6, 14], "texture": "#cross"},
				"south": {"uv": [0, 0, 1, 3], "texture": "#missing"},
				"west": {"uv": [10, 11, 6, 14], "texture": "#cross"},
				"up": {"uv": [10, 11, 6, 12], "rotation": 270, "texture": "#cross"},
				"down": {"uv": [4, 15, 12, 16], "rotation": 90, "texture": "#cross"}
			}
		},
		{
			"from": [11, 0, 5],
			"to": [12, 2, 11],
			"rotation": {"angle": 0, "axis": "y", "origin": [11.5, 0.5, 10.5]},
			"faces": {
				"north": {"uv": [10, 14, 11, 16], "texture": "#cross"},
				"east": {"uv": [11, 14, 5, 16], "texture": "#cross"},
				"south": {"uv": [0, 0, 1, 2], "texture": "#missing"},
				"west": {"uv": [11, 14, 5, 16], "texture": "#cross"},
				"up": {"uv": [11, 14, 5, 15], "rotation": 90, "texture": "#cross"},
				"down": {"uv": [4, 15, 12, 16], "rotation": 90, "texture": "#cross"}
			}
		},
		{
			"from": [4, 0, 5],
			"to": [5, 2, 11],
			"rotation": {"angle": 0, "axis": "y", "origin": [4.5, 1, 8]},
			"faces": {
				"north": {"uv": [0, 0, 1, 2], "texture": "#missing"},
				"east": {"uv": [11, 14, 5, 16], "texture": "#cross"},
				"south": {"uv": [10, 14, 11, 16], "texture": "#cross"},
				"west": {"uv": [11, 14, 5, 16], "texture": "#cross"},
				"up": {"uv": [11, 14, 5, 15], "rotation": 270, "texture": "#cross"},
				"down": {"uv": [4, 15, 12, 16], "rotation": 90, "texture": "#cross"}
			}
		}
	],
	"groups": [
		{
			"name": "pointed_dripstone_up_tip",
			"origin": [8, 8, 8],
			"children": [0, 1, 2, 3, 4, 5, 6, 7, 8, 9, 10]
		},
		{
			"name": "pointed_dripstone_up_tip",
			"origin": [8, 8, 8],
			"children": [11, 12, 13, 14, 15, 16, 17, 18, 19, 20, 21]
		}, 22, 23, 24, 25, 26, 27]
}