{
	"credit": "Made with Blockbench",
	"parent": "minecraft:block/pointed_dripstone",
	"textures": {
		"cross": "block/pointed_dripstone_up_tip_merge"
	},
	"elements": [
		{
			"name": "pointed_dripstone_up_tip_merge_0",
			"from": [6, 15, 8],
			"to": [9, 16, 9],
			"rotation": {"angle": 0, "axis": "x", "origin": [8, 8, 16]},
			"faces": {
				"north": {"uv": [6, 1, 9, 0], "rotation": 180, "texture": "#cross"},
				"east": {"uv": [8, 0, 9, 1], "texture": "#cross"},
				"south": {"uv": [6, 0, 9, 1], "texture": "#cross"},
				"west": {"uv": [6, 0, 7, 1], "texture": "#cross"},
				"up": {"uv": [9, 0, 6, 1], "rotation": 180, "texture": "#cross"},
				"down": {"uv": [6, 0, 9, 1], "texture": "#cross"}
			}
		},
		{
			"name": "pointed_dripstone_up_tip_merge_1",
			"from": [6, 14, 8],
			"to": [9, 15, 9],
			"rotation": {"angle": 0, "axis": "x", "origin": [8, 8, 16]},
			"faces": {
				"north": {"uv": [6, 2, 9, 1], "rotation": 180, "texture": "#cross"},
				"east": {"uv": [8, 1, 9, 2], "texture": "#cross"},
				"south": {"uv": [6, 1, 9, 2], "texture": "#cross"},
				"west": {"uv": [6, 1, 7, 2], "texture": "#cross"},
				"up": {"uv": [9, 1, 6, 2], "rotation": 180, "texture": "#cross"},
				"down": {"uv": [6, 1, 9, 2], "texture": "#cross"}
			}
		},
		{
			"name": "pointed_dripstone_up_tip_merge_2",
			"from": [6, 13, 8],
			"to": [9, 14, 9],
			"rotation": {"angle": 0, "axis": "x", "origin": [8, 8, 16]},
			"faces": {
				"north": {"uv": [6, 3, 9, 2], "rotation": 180, "texture": "#cross"},
				"east": {"uv": [8, 2, 9, 3], "texture": "#cross"},
				"south": {"uv": [6, 2, 9, 3], "texture": "#cross"},
				"west": {"uv": [6, 2, 7, 3], "texture": "#cross"},
				"up": {"uv": [9, 2, 6, 3], "rotation": 180, "texture": "#cross"},
				"down": {"uv": [6, 2, 9, 3], "texture": "#cross"}
			}
		},
		{
			"name": "pointed_dripstone_up_tip_merge_3",
			"from": [5, 12, 8],
			"to": [9, 13, 9],
			"rotation": {"angle": 0, "axis": "x", "origin": [8, 8, 16]},
			"faces": {
				"north": {"uv": [5, 4, 9, 3], "rotation": 180, "texture": "#cross"},
				"east": {"uv": [8, 3, 9, 4], "texture": "#cross"},
				"south": {"uv": [5, 3, 9, 4], "texture": "#cross"},
				"west": {"uv": [5, 3, 6, 4], "texture": "#cross"},
				"up": {"uv": [9, 3, 5, 4], "rotation": 180, "texture": "#cross"},
				"down": {"uv": [5, 3, 9, 4], "texture": "#cross"}
			}
		},
		{
			"name": "pointed_dripstone_up_tip_merge_4",
			"from": [5, 11, 9],
			"to": [10, 12, 10],
			"rotation": {"angle": 0, "axis": "x", "origin": [8, 8, 17]},
			"faces": {
				"north": {"uv": [5, 5, 10, 4], "rotation": 180, "texture": "#cross"},
				"east": {"uv": [9, 4, 10, 5], "texture": "#cross"},
				"south": {"uv": [5, 4, 10, 5], "texture": "#cross"},
				"west": {"uv": [5, 4, 6, 5], "texture": "#cross"},
				"up": {"uv": [10, 4, 5, 5], "rotation": 180, "texture": "#cross"},
				"down": {"uv": [5, 4, 10, 5], "texture": "#cross"}
			}
		},
		{
			"name": "pointed_dripstone_up_tip_merge_5",
			"from": [5, 10, 9],
			"to": [10, 11, 10],
			"rotation": {"angle": 0, "axis": "x", "origin": [8, 8, 17]},
			"faces": {
				"north": {"uv": [5, 6, 10, 5], "rotation": 180, "texture": "#cross"},
				"east": {"uv": [9, 5, 10, 6], "texture": "#cross"},
				"south": {"uv": [5, 5, 10, 6], "texture": "#cross"},
				"west": {"uv": [5, 5, 6, 6], "texture": "#cross"},
				"up": {"uv": [10, 5, 5, 6], "rotation": 180, "texture": "#cross"},
				"down": {"uv": [5, 5, 10, 6], "texture": "#cross"}
			}
		},
		{
			"name": "pointed_dripstone_up_tip_merge_6",
			"from": [5, 9, 9],
			"to": [10, 10, 10],
			"rotation": {"angle": 0, "axis": "x", "origin": [8, 8, 17]},
			"faces": {
				"north": {"uv": [5, 7, 10, 6], "rotation": 180, "texture": "#cross"},
				"east": {"uv": [9, 6, 10, 7], "texture": "#cross"},
				"south": {"uv": [5, 6, 10, 7], "texture": "#cross"},
				"west": {"uv": [5, 6, 6, 7], "texture": "#cross"},
				"up": {"uv": [10, 6, 5, 7], "rotation": 180, "texture": "#cross"},
				"down": {"uv": [5, 6, 10, 7], "texture": "#cross"}
			}
		},
		{
			"name": "pointed_dripstone_up_tip_merge_7",
			"from": [5, 8, 9],
			"to": [10, 9, 10],
			"rotation": {"angle": 0, "axis": "x", "origin": [8, 8, 17]},
			"faces": {
				"north": {"uv": [5, 8, 10, 7], "rotation": 180, "texture": "#cross"},
				"east": {"uv": [9, 7, 10, 8], "texture": "#cross"},
				"south": {"uv": [5, 7, 10, 8], "texture": "#cross"},
				"west": {"uv": [5, 7, 6, 8], "texture": "#cross"},
				"up": {"uv": [10, 7, 5, 8], "rotation": 180, "texture": "#cross"},
				"down": {"uv": [5, 7, 10, 8], "texture": "#cross"}
			}
		},
		{
			"name": "pointed_dripstone_up_tip_merge_8",
			"from": [5, 7, 9],
			"to": [10, 8, 10],
			"rotation": {"angle": 0, "axis": "x", "origin": [8, 8, 17]},
			"faces": {
				"north": {"uv": [5, 9, 10, 8], "rotation": 180, "texture": "#cross"},
				"east": {"uv": [9, 8, 10, 9], "texture": "#cross"},
				"south": {"uv": [5, 8, 10, 9], "texture": "#cross"},
				"west": {"uv": [5, 8, 6, 9], "texture": "#cross"},
				"up": {"uv": [10, 8, 5, 9], "rotation": 180, "texture": "#cross"},
				"down": {"uv": [5, 8, 10, 9], "texture": "#cross"}
			}
		},
		{
			"name": "pointed_dripstone_up_tip_merge_9",
			"from": [5, 6, 9],
			"to": [10, 7, 10],
			"rotation": {"angle": 0, "axis": "x", "origin": [8, 8, 17]},
			"faces": {
				"north": {"uv": [5, 10, 10, 9], "rotation": 180, "texture": "#cross"},
				"east": {"uv": [9, 9, 10, 10], "texture": "#cross"},
				"south": {"uv": [5, 9, 10, 10], "texture": "#cross"},
				"west": {"uv": [5, 9, 6, 10], "texture": "#cross"},
				"up": {"uv": [10, 9, 5, 10], "rotation": 180, "texture": "#cross"},
				"down": {"uv": [5, 9, 10, 10], "texture": "#cross"}
			}
		},
		{
			"name": "pointed_dripstone_up_tip_merge_10",
			"from": [4, 5, 10],
			"to": [10, 6, 11],
			"rotation": {"angle": 0, "axis": "x", "origin": [8, 8, 18]},
			"faces": {
				"north": {"uv": [4, 11, 10, 10], "rotation": 180, "texture": "#cross"},
				"east": {"uv": [9, 10, 10, 11], "texture": "#cross"},
				"south": {"uv": [4, 10, 10, 11], "texture": "#cross"},
				"west": {"uv": [4, 10, 5, 11], "texture": "#cross"},
				"up": {"uv": [10, 10, 4, 11], "rotation": 180, "texture": "#cross"},
				"down": {"uv": [4, 10, 10, 11], "texture": "#cross"}
			}
		},
		{
			"name": "pointed_dripstone_up_tip_merge_11",
			"from": [4, 4, 10],
			"to": [11, 5, 11],
			"rotation": {"angle": 0, "axis": "x", "origin": [8, 8, 18]},
			"faces": {
				"north": {"uv": [4, 12, 11, 11], "rotation": 180, "texture": "#cross"},
				"east": {"uv": [10, 11, 11, 12], "texture": "#cross"},
				"south": {"uv": [4, 11, 11, 12], "texture": "#cross"},
				"west": {"uv": [4, 11, 5, 12], "texture": "#cross"},
				"up": {"uv": [11, 11, 4, 12], "rotation": 180, "texture": "#cross"},
				"down": {"uv": [4, 11, 11, 12], "texture": "#cross"}
			}
		},
		{
			"name": "pointed_dripstone_up_tip_merge_12",
			"from": [4, 3, 10],
			"to": [11, 4, 11],
			"rotation": {"angle": 0, "axis": "x", "origin": [8, 8, 18]},
			"faces": {
				"north": {"uv": [4, 13, 11, 12], "rotation": 180, "texture": "#cross"},
				"east": {"uv": [10, 12, 11, 13], "texture": "#cross"},
				"south": {"uv": [4, 12, 11, 13], "texture": "#cross"},
				"west": {"uv": [4, 12, 5, 13], "texture": "#cross"},
				"up": {"uv": [11, 12, 4, 13], "rotation": 180, "texture": "#cross"},
				"down": {"uv": [4, 12, 11, 13], "texture": "#cross"}
			}
		},
		{
			"name": "pointed_dripstone_up_tip_merge_13",
			"from": [4, 2, 10],
			"to": [11, 3, 11],
			"rotation": {"angle": 0, "axis": "x", "origin": [8, 8, 18]},
			"faces": {
				"north": {"uv": [4, 14, 11, 13], "rotation": 180, "texture": "#cross"},
				"east": {"uv": [10, 13, 11, 14], "texture": "#cross"},
				"south": {"uv": [4, 13, 11, 14], "texture": "#cross"},
				"west": {"uv": [4, 13, 5, 14], "texture": "#cross"},
				"up": {"uv": [11, 13, 4, 14], "rotation": 180, "texture": "#cross"},
				"down": {"uv": [4, 13, 11, 14], "texture": "#cross"}
			}
		},
		{
			"name": "pointed_dripstone_up_tip_merge_14",
			"from": [4, 1, 11],
			"to": [12, 2, 12],
			"rotation": {"angle": 0, "axis": "x", "origin": [8, 8, 19]},
			"faces": {
				"north": {"uv": [4, 15, 12, 14], "rotation": 180, "texture": "#cross"},
				"east": {"uv": [11, 14, 12, 15], "texture": "#cross"},
				"south": {"uv": [4, 14, 12, 15], "texture": "#cross"},
				"west": {"uv": [4, 14, 5, 15], "texture": "#cross"},
				"up": {"uv": [12, 14, 4, 15], "rotation": 180, "texture": "#cross"},
				"down": {"uv": [4, 14, 12, 15], "texture": "#cross"}
			}
		},
		{
			"name": "pointed_dripstone_up_tip_merge_15",
			"from": [4, 0, 11],
			"to": [12, 1, 12],
			"rotation": {"angle": 0, "axis": "x", "origin": [8, 8, 19]},
			"faces": {
				"north": {"uv": [4, 16, 12, 15], "rotation": 180, "texture": "#cross"},
				"east": {"uv": [11, 15, 12, 16], "texture": "#cross"},
				"south": {"uv": [4, 15, 12, 16], "texture": "#cross"},
				"west": {"uv": [4, 15, 5, 16], "texture": "#cross"},
				"up": {"uv": [12, 15, 4, 16], "rotation": 180, "texture": "#cross"},
				"down": {"uv": [4, 15, 12, 16], "texture": "#cross"}
			}
		},
		{
			"name": "pointed_dripstone_up_tip_merge_1",
			"from": [7, 15, 7],
			"to": [10, 16, 8],
			"rotation": {"angle": 0, "axis": "y", "origin": [8, 8, 0]},
			"faces": {
				"north": {"uv": [6, 0, 9, 1], "texture": "#cross"},
				"east": {"uv": [6, 0, 7, 1], "texture": "#cross"},
				"south": {"uv": [6, 1, 9, 0], "rotation": 180, "texture": "#cross"},
				"west": {"uv": [8, 0, 9, 1], "texture": "#cross"},
				"up": {"uv": [9, 0, 6, 1], "texture": "#cross"},
				"down": {"uv": [6, 0, 9, 1], "rotation": 180, "texture": "#cross"}
			}
		},
		{
			"name": "pointed_dripstone_up_tip_merge_2",
			"from": [7, 14, 7],
			"to": [10, 15, 8],
			"rotation": {"angle": 0, "axis": "y", "origin": [8, 8, 0]},
			"faces": {
				"north": {"uv": [6, 1, 9, 2], "texture": "#cross"},
				"east": {"uv": [6, 1, 7, 2], "texture": "#cross"},
				"south": {"uv": [6, 2, 9, 1], "rotation": 180, "texture": "#cross"},
				"west": {"uv": [8, 1, 9, 2], "texture": "#cross"},
				"up": {"uv": [9, 1, 6, 2], "texture": "#cross"},
				"down": {"uv": [6, 1, 9, 2], "rotation": 180, "texture": "#cross"}
			}
		},
		{
			"name": "pointed_dripstone_up_tip_merge_3",
			"from": [7, 13, 7],
			"to": [10, 14, 8],
			"rotation": {"angle": 0, "axis": "y", "origin": [8, 8, 0]},
			"faces": {
				"north": {"uv": [6, 2, 9, 3], "texture": "#cross"},
				"east": {"uv": [6, 2, 7, 3], "texture": "#cross"},
				"south": {"uv": [6, 3, 9, 2], "rotation": 180, "texture": "#cross"},
				"west": {"uv": [8, 2, 9, 3], "texture": "#cross"},
				"up": {"uv": [9, 2, 6, 3], "texture": "#cross"},
				"down": {"uv": [6, 2, 9, 3], "rotation": 180, "texture": "#cross"}
			}
		},
		{
			"name": "pointed_dripstone_up_tip_merge_4",
			"from": [7, 12, 7],
			"to": [11, 13, 8],
			"rotation": {"angle": 0, "axis": "y", "origin": [8, 8, 0]},
			"faces": {
				"north": {"uv": [5, 3, 9, 4], "texture": "#cross"},
				"east": {"uv": [5, 3, 6, 4], "texture": "#cross"},
				"south": {"uv": [5, 4, 9, 3], "rotation": 180, "texture": "#cross"},
				"west": {"uv": [8, 3, 9, 4], "texture": "#cross"},
				"up": {"uv": [9, 3, 5, 4], "texture": "#cross"},
				"down": {"uv": [5, 3, 9, 4], "rotation": 180, "texture": "#cross"}
			}
		},
		{
			"name": "pointed_dripstone_up_tip_merge_5",
			"from": [6, 11, 6],
			"to": [11, 12, 7],
			"rotation": {"angle": 0, "axis": "y", "origin": [8, 8, -1]},
			"faces": {
				"north": {"uv": [5, 4, 10, 5], "texture": "#cross"},
				"east": {"uv": [5, 4, 6, 5], "texture": "#cross"},
				"south": {"uv": [5, 5, 10, 4], "rotation": 180, "texture": "#cross"},
				"west": {"uv": [9, 4, 10, 5], "texture": "#cross"},
				"up": {"uv": [10, 4, 5, 5], "texture": "#cross"},
				"down": {"uv": [5, 4, 10, 5], "rotation": 180, "texture": "#cross"}
			}
		},
		{
			"name": "pointed_dripstone_up_tip_merge_6",
			"from": [6, 10, 6],
			"to": [11, 11, 7],
			"rotation": {"angle": 0, "axis": "y", "origin": [8, 8, -1]},
			"faces": {
				"north": {"uv": [5, 5, 10, 6], "texture": "#cross"},
				"east": {"uv": [5, 5, 6, 6], "texture": "#cross"},
				"south": {"uv": [5, 6, 10, 5], "rotation": 180, "texture": "#cross"},
				"west": {"uv": [9, 5, 10, 6], "texture": "#cross"},
				"up": {"uv": [10, 5, 5, 6], "texture": "#cross"},
				"down": {"uv": [5, 5, 10, 6], "rotation": 180, "texture": "#cross"}
			}
		},
		{
			"name": "pointed_dripstone_up_tip_merge_7",
			"from": [6, 9, 6],
			"to": [11, 10, 7],
			"rotation": {"angle": 0, "axis": "y", "origin": [8, 8, -1]},
			"faces": {
				"north": {"uv": [5, 6, 10, 7], "texture": "#cross"},
				"east": {"uv": [5, 6, 6, 7], "texture": "#cross"},
				"south": {"uv": [5, 7, 10, 6], "rotation": 180, "texture": "#cross"},
				"west": {"uv": [9, 6, 10, 7], "texture": "#cross"},
				"up": {"uv": [10, 6, 5, 7], "texture": "#cross"},
				"down": {"uv": [5, 6, 10, 7], "rotation": 180, "texture": "#cross"}
			}
		},
		{
			"name": "pointed_dripstone_up_tip_merge_8",
			"from": [6, 8, 6],
			"to": [11, 9, 7],
			"rotation": {"angle": 0, "axis": "y", "origin": [8, 8, -1]},
			"faces": {
				"north": {"uv": [5, 7, 10, 8], "texture": "#cross"},
				"east": {"uv": [5, 7, 6, 8], "texture": "#cross"},
				"south": {"uv": [5, 8, 10, 7], "rotation": 180, "texture": "#cross"},
				"west": {"uv": [9, 7, 10, 8], "texture": "#cross"},
				"up": {"uv": [10, 7, 5, 8], "texture": "#cross"},
				"down": {"uv": [5, 7, 10, 8], "rotation": 180, "texture": "#cross"}
			}
		},
		{
			"name": "pointed_dripstone_up_tip_merge_9",
			"from": [6, 7, 6],
			"to": [11, 8, 7],
			"rotation": {"angle": 0, "axis": "y", "origin": [8, 8, -1]},
			"faces": {
				"north": {"uv": [5, 8, 10, 9], "texture": "#cross"},
				"east": {"uv": [5, 8, 6, 9], "texture": "#cross"},
				"south": {"uv": [5, 9, 10, 8], "rotation": 180, "texture": "#cross"},
				"west": {"uv": [9, 8, 10, 9], "texture": "#cross"},
				"up": {"uv": [10, 8, 5, 9], "texture": "#cross"},
				"down": {"uv": [5, 8, 10, 9], "rotation": 180, "texture": "#cross"}
			}
		},
		{
			"name": "pointed_dripstone_up_tip_merge_10",
			"from": [6, 6, 6],
			"to": [11, 7, 7],
			"rotation": {"angle": 0, "axis": "y", "origin": [8, 8, -1]},
			"faces": {
				"north": {"uv": [5, 9, 10, 10], "texture": "#cross"},
				"east": {"uv": [5, 9, 6, 10], "texture": "#cross"},
				"south": {"uv": [5, 10, 10, 9], "rotation": 180, "texture": "#cross"},
				"west": {"uv": [9, 9, 10, 10], "texture": "#cross"},
				"up": {"uv": [10, 9, 5, 10], "texture": "#cross"},
				"down": {"uv": [5, 9, 10, 10], "rotation": 180, "texture": "#cross"}
			}
		},
		{
			"name": "pointed_dripstone_up_tip_merge_11",
			"from": [6, 5, 5],
			"to": [12, 6, 6],
			"rotation": {"angle": 0, "axis": "y", "origin": [8, 8, -2]},
			"faces": {
				"north": {"uv": [4, 10, 10, 11], "texture": "#cross"},
				"east": {"uv": [4, 10, 5, 11], "texture": "#cross"},
				"south": {"uv": [4, 11, 10, 10], "rotation": 180, "texture": "#cross"},
				"west": {"uv": [9, 10, 10, 11], "texture": "#cross"},
				"up": {"uv": [10, 10, 4, 11], "texture": "#cross"},
				"down": {"uv": [4, 10, 10, 11], "rotation": 180, "texture": "#cross"}
			}
		},
		{
			"name": "pointed_dripstone_up_tip_merge_12",
			"from": [5, 4, 5],
			"to": [12, 5, 6],
			"rotation": {"angle": 0, "axis": "y", "origin": [8, 8, -2]},
			"faces": {
				"north": {"uv": [4, 11, 11, 12], "texture": "#cross"},
				"east": {"uv": [4, 11, 5, 12], "texture": "#cross"},
				"south": {"uv": [4, 12, 11, 11], "rotation": 180, "texture": "#cross"},
				"west": {"uv": [10, 11, 11, 12], "texture": "#cross"},
				"up": {"uv": [11, 11, 4, 12], "texture": "#cross"},
				"down": {"uv": [4, 11, 11, 12], "rotation": 180, "texture": "#cross"}
			}
		},
		{
			"name": "pointed_dripstone_up_tip_merge_13",
			"from": [5, 3, 5],
			"to": [12, 4, 6],
			"rotation": {"angle": 0, "axis": "y", "origin": [8, 8, -2]},
			"faces": {
				"north": {"uv": [4, 12, 11, 13], "texture": "#cross"},
				"east": {"uv": [4, 12, 5, 13], "texture": "#cross"},
				"south": {"uv": [4, 13, 11, 12], "rotation": 180, "texture": "#cross"},
				"west": {"uv": [10, 12, 11, 13], "texture": "#cross"},
				"up": {"uv": [11, 12, 4, 13], "texture": "#cross"},
				"down": {"uv": [4, 12, 11, 13], "rotation": 180, "texture": "#cross"}
			}
		},
		{
			"name": "pointed_dripstone_up_tip_merge_14",
			"from": [5, 2, 5],
			"to": [12, 3, 6],
			"rotation": {"angle": 0, "axis": "y", "origin": [8, 8, -2]},
			"faces": {
				"north": {"uv": [4, 13, 11, 14], "texture": "#cross"},
				"east": {"uv": [4, 13, 5, 14], "texture": "#cross"},
				"south": {"uv": [4, 14, 11, 13], "rotation": 180, "texture": "#cross"},
				"west": {"uv": [10, 13, 11, 14], "texture": "#cross"},
				"up": {"uv": [11, 13, 4, 14], "texture": "#cross"},
				"down": {"uv": [4, 13, 11, 14], "rotation": 180, "texture": "#cross"}
			}
		},
		{
			"name": "pointed_dripstone_up_tip_merge_15",
			"from": [4, 1, 4],
			"to": [12, 2, 5],
			"rotation": {"angle": 0, "axis": "y", "origin": [8, 8, -3]},
			"faces": {
				"north": {"uv": [4, 14, 12, 15], "texture": "#cross"},
				"east": {"uv": [4, 14, 5, 15], "texture": "#cross"},
				"south": {"uv": [4, 15, 12, 14], "rotation": 180, "texture": "#cross"},
				"west": {"uv": [11, 14, 12, 15], "texture": "#cross"},
				"up": {"uv": [12, 14, 4, 15], "texture": "#cross"},
				"down": {"uv": [4, 14, 12, 15], "rotation": 180, "texture": "#cross"}
			}
		},
		{
			"name": "pointed_dripstone_up_tip_merge_16",
			"from": [4, 0, 4],
			"to": [12, 1, 5],
			"rotation": {"angle": 0, "axis": "y", "origin": [8, 8, -3]},
			"faces": {
				"north": {"uv": [4, 15, 12, 16], "texture": "#cross"},
				"east": {"uv": [4, 15, 5, 16], "texture": "#cross"},
				"south": {"uv": [4, 16, 12, 15], "rotation": 180, "texture": "#cross"},
				"west": {"uv": [11, 15, 12, 16], "texture": "#cross"},
				"up": {"uv": [12, 15, 4, 16], "texture": "#cross"},
				"down": {"uv": [4, 15, 12, 16], "rotation": 180, "texture": "#cross"}
			}
		},
		{
			"from": [10, 5, 6],
			"to": [11, 6, 7],
			"rotation": {"angle": 0, "axis": "y", "origin": [18, 19, 16]},
			"faces": {
				"north": {"uv": [0, 0, 1, 1], "texture": "#missing"},
				"east": {"uv": [5, 10, 6, 11], "texture": "#cross"},
				"south": {"uv": [0, 0, 1, 1], "texture": "#missing"},
				"west": {"uv": [7, 10, 6, 11], "texture": "#cross"},
				"up": {"uv": [0, 0, 1, 1], "texture": "#missing"},
				"down": {"uv": [4, 15, 5, 16], "rotation": 90, "texture": "#cross"}
			}
		},
		{
			"from": [10, 5, 7],
			"to": [11, 12, 9],
			"rotation": {"angle": 0, "axis": "y", "origin": [18, 19, 18]},
			"faces": {
				"north": {"uv": [0, 0, 1, 7], "texture": "#missing"},
				"east": {"uv": [8, 4, 6, 11], "texture": "#cross"},
				"south": {"uv": [8, 4, 9, 11], "texture": "#cross"},
				"west": {"uv": [8, 4, 6, 11], "texture": "#cross"},
				"up": {"uv": [6, 4, 8, 5], "rotation": 90, "texture": "#cross"},
				"down": {"uv": [4, 15, 12, 16], "rotation": 90, "texture": "#cross"}
			}
		},
		{
			"from": [9, 12, 8],
			"to": [10, 13, 9],
			"rotation": {"angle": 0, "axis": "y", "origin": [17, 26, 18]},
			"faces": {
				"north": {"uv": [9, 9, 10, 10], "texture": "#cross"},
				"east": {"uv": [9, 9, 10, 10], "texture": "#cross"},
				"south": {"uv": [9, 9, 10, 10], "texture": "#cross"},
				"west": {"uv": [9, 9, 10, 10], "texture": "#cross"},
				"up": {"uv": [9, 9, 10, 10], "texture": "#cross"},
				"down": {"uv": [9, 9, 10, 10], "texture": "#cross"}
			}
		},
		{
			"from": [11, 0, 5],
			"to": [12, 2, 11],
			"rotation": {"angle": 0, "axis": "y", "origin": [19, 9, 18]},
			"faces": {
				"north": {"uv": [0, 0, 1, 2], "texture": "#missing"},
				"east": {"uv": [11, 14, 5, 16], "texture": "#cross"},
				"south": {"uv": [0, 0, 1, 2], "texture": "#missing"},
				"west": {"uv": [11, 14, 5, 16], "texture": "#cross"},
				"up": {"uv": [10, 14, 11, 15], "texture": "#cross"},
				"down": {"uv": [4, 15, 12, 16], "rotation": 90, "texture": "#cross"}
			}
		},
		{
			"from": [11, 2, 6],
			"to": [12, 5, 10],
			"rotation": {"angle": 0, "axis": "y", "origin": [19, 12, 18]},
			"faces": {
				"north": {"uv": [0, 0, 1, 3], "texture": "#missing"},
				"east": {"uv": [9, 11, 5, 14], "texture": "#cross"},
				"south": {"uv": [9, 11, 10, 14], "texture": "#cross"},
				"west": {"uv": [9, 11, 5, 14], "texture": "#cross"},
				"up": {"uv": [5, 11, 9, 12], "rotation": 90, "texture": "#cross"},
				"down": {"uv": [0, 0, 1, 4], "texture": "#missing"}
			}
		},
		{
			"from": [10, 5, 9],
			"to": [11, 6, 10],
			"rotation": {"angle": 0, "axis": "y", "origin": [18, 19, 19]},
			"faces": {
				"north": {"uv": [9, 9, 10, 10], "texture": "#cross"},
				"east": {"uv": [9, 9, 10, 10], "texture": "#cross"},
				"south": {"uv": [9, 9, 10, 10], "texture": "#cross"},
				"west": {"uv": [9, 9, 10, 10], "texture": "#cross"},
				"up": {"uv": [9, 9, 10, 10], "texture": "#cross"},
				"down": {"uv": [9, 9, 10, 10], "texture": "#cross"}
			}
		},
		{
			"from": [5, 5, 9],
			"to": [6, 6, 10],
			"rotation": {"angle": 0, "axis": "y", "origin": [5.41667, 6.08333, 7.83333]},
			"faces": {
				"north": {"uv": [0, 0, 1, 1], "texture": "#missing"},
				"east": {"uv": [7, 10, 6, 11], "texture": "#cross"},
				"south": {"uv": [0, 0, 1, 1], "texture": "#missing"},
				"west": {"uv": [5, 10, 6, 11], "texture": "#cross"},
				"up": {"uv": [0, 0, 1, 1], "rotation": 180, "texture": "#missing"},
				"down": {"uv": [7, 10, 6, 11], "texture": "#cross"}
			}
		},
		{
			"from": [5, 5, 7],
			"to": [6, 12, 9],
			"rotation": {"angle": 0, "axis": "y", "origin": [5.41667, 6.08333, 7.83333]},
			"faces": {
				"north": {"uv": [8, 4, 9, 11], "texture": "#cross"},
				"east": {"uv": [8, 4, 6, 11], "texture": "#cross"},
				"south": {"uv": [0, 0, 1, 7], "texture": "#missing"},
				"west": {"uv": [8, 4, 6, 11], "texture": "#cross"},
				"up": {"uv": [6, 4, 8, 5], "rotation": 270, "texture": "#cross"},
				"down": {"uv": [4, 15, 12, 16], "rotation": 90, "texture": "#cross"}
			}
		},
		{
			"from": [6, 12, 7],
			"to": [7, 13, 8],
			"rotation": {"angle": 0, "axis": "y", "origin": [5.41667, 6.08333, 7.83333]},
			"faces": {
				"north": {"uv": [9, 9, 10, 10], "texture": "#cross"},
				"east": {"uv": [9, 9, 10, 10], "texture": "#cross"},
				"south": {"uv": [9, 9, 10, 10], "texture": "#cross"},
				"west": {"uv": [9, 9, 10, 10], "texture": "#cross"},
				"up": {"uv": [9, 9, 10, 10], "rotation": 180, "texture": "#cross"},
				"down": {"uv": [9, 9, 10, 10], "rotation": 180, "texture": "#cross"}
			}
		},
		{
			"from": [4, 0, 5],
			"to": [5, 2, 11],
			"rotation": {"angle": 0, "axis": "y", "origin": [5.41667, 6.08333, 7.83333]},
			"faces": {
				"north": {"uv": [0, 0, 1, 2], "texture": "#missing"},
				"east": {"uv": [11, 14, 5, 16], "texture": "#cross"},
				"south": {"uv": [0, 0, 1, 2], "texture": "#missing"},
				"west": {"uv": [11, 14, 5, 16], "texture": "#cross"},
				"up": {"uv": [10, 14, 11, 15], "rotation": 180, "texture": "#cross"},
				"down": {"uv": [4, 15, 12, 16], "rotation": 90, "texture": "#cross"}
			}
		},
		{
			"from": [4, 2, 6],
			"to": [5, 5, 10],
			"rotation": {"angle": 0, "axis": "y", "origin": [5.41667, 6.08333, 7.83333]},
			"faces": {
				"north": {"uv": [9, 11, 10, 14], "texture": "#cross"},
				"east": {"uv": [9, 11, 5, 14], "texture": "#cross"},
				"south": {"uv": [0, 0, 1, 3], "texture": "#missing"},
				"west": {"uv": [9, 11, 5, 14], "texture": "#cross"},
				"up": {"uv": [5, 11, 9, 12], "rotation": 270, "texture": "#cross"},
				"down": {"uv": [0, 0, 1, 4], "rotation": 180, "texture": "#missing"}
			}
		},
		{
			"from": [5, 5, 6],
			"to": [6, 6, 7],
			"rotation": {"angle": 0, "axis": "y", "origin": [5.41667, 6.08333, 7.83333]},
			"faces": {
				"north": {"uv": [9, 9, 10, 10], "texture": "#cross"},
				"east": {"uv": [9, 9, 10, 10], "texture": "#cross"},
				"south": {"uv": [9, 9, 10, 10], "texture": "#cross"},
				"west": {"uv": [9, 9, 10, 10], "texture": "#cross"},
				"up": {"uv": [9, 9, 10, 10], "rotation": 180, "texture": "#cross"},
				"down": {"uv": [9, 9, 10, 10], "rotation": 180, "texture": "#cross"}
			}
		}
	],
	"groups": [
		{
			"name": "pointed_dripstone_up_tip_merge",
			"origin": [8, 8, 8],
			"children": [0, 1, 2, 3, 4, 5, 6, 7, 8, 9, 10, 11, 12, 13, 14, 15]
		},
		{
			"name": "pointed_dripstone_up_tip_merge",
			"origin": [8, 8, 8],
			"children": [16, 17, 18, 19, 20, 21, 22, 23, 24, 25, 26, 27, 28, 29, 30, 31]
		},
		{
			"name": "group",
			"origin": [18, 19, 19],
			"children": [32, 33, 34, 35, 36, 37]
		},
		{
			"name": "group",
			"origin": [18, 19, 19],
			"children": [38, 39, 40, 41, 42, 43]
		}
	]
}