{
	"credit": "Made with Blockbench",
	"parent": "minecraft:block/crop",
	"ambientocclusion": false,
	"textures": {
		"particle": "block/potatoes_stage2",
		"crop": "block/potatoes_stage2"
	},
	"elements": [
		{
			"name": "potatoes_stage2_34",
			"from": [13, -1, 2.5],
			"to": [14, 0, 5.5],
			"faces": {
				"north": {"uv": [3, 15, 4, 16], "texture": "#crop"},
				"east": {"uv": [3, 15, 6, 16], "texture": "#crop"},
				"south": {"uv": [5, 16, 6, 15], "rotation": 180, "texture": "#crop"},
				"west": {"uv": [3, 15, 4, 16], "texture": "#crop"},
				"up": {"uv": [6, 15, 3, 16], "rotation": 90, "texture": "#crop"},
				"down": {"uv": [3, 15, 4, 16], "rotation": 180, "texture": "#crop"}
			}
		},
		{
			"name": "potatoes_stage2_36",
			"from": [11, -1, 2.5],
			"to": [12, 0, 5.5],
			"faces": {
				"north": {"uv": [5, 15, 6, 16], "texture": "#crop"},
				"east": {"uv": [5, 15, 6, 16], "texture": "#crop"},
				"south": {"uv": [3, 16, 4, 15], "texture": "#crop"},
				"west": {"uv": [3, 15, 6, 16], "texture": "#crop"},
				"up": {"uv": [6, 15, 3, 16], "rotation": 90, "texture": "#crop"},
				"down": {"uv": [5, 15, 6, 16], "rotation": 180, "texture": "#crop"}
			}
		},
		{
			"name": "potatoes_stage2_35",
			"from": [12, -1, 2.5],
			"to": [13, 0, 5.5],
			"faces": {
				"north": {"uv": [4, 15, 5, 16], "texture": "#crop"},
				"east": {"uv": [4, 15, 5, 16], "texture": "#crop"},
				"south": {"uv": [4, 16, 5, 15], "rotation": 180, "texture": "#crop"},
				"west": {"uv": [4, 15, 5, 16], "texture": "#crop"},
				"up": {"uv": [6, 15, 3, 16], "rotation": 270, "texture": "#crop"},
				"down": {"uv": [4, 15, 5, 16], "rotation": 180, "texture": "#crop"}
			}
		},
		{
			"name": "potatoes_stage2_27",
			"from": [11, 0, 3.6],
			"to": [12, 1, 4.35],
			"faces": {
				"north": {"uv": [5, 14, 6, 15], "texture": "#crop"},
				"east": {"uv": [5, 14, 6, 15], "texture": "#crop"},
				"south": {"uv": [5, 15, 6, 14], "rotation": 180, "texture": "#crop"},
				"west": {"uv": [5, 14, 6, 15], "texture": "#crop"},
				"up": {"uv": [6, 14, 5, 15], "texture": "#crop"},
				"down": {"uv": [5, 14, 6, 15], "rotation": 180, "texture": "#crop"}
			}
		},
		{
			"name": "potatoes_stage2_21",
			"from": [11, 1, 3.6],
			"to": [12, 2, 4.35],
			"faces": {
				"north": {"uv": [5, 13, 6, 14], "texture": "#crop"},
				"east": {"uv": [5, 13, 6, 14], "texture": "#crop"},
				"south": {"uv": [5, 14, 6, 13], "rotation": 180, "texture": "#crop"},
				"west": {"uv": [5, 13, 6, 14], "texture": "#crop"},
				"up": {"uv": [6, 13, 5, 14], "texture": "#crop"},
				"down": {"uv": [5, 13, 6, 14], "rotation": 180, "texture": "#crop"}
			}
		},
		{
			"name": "potatoes_stage2_17",
			"from": [12, 2, 3.6],
			"to": [13, 3, 4.35],
			"faces": {
				"north": {"uv": [4, 12, 5, 13], "texture": "#crop"},
				"east": {"uv": [4, 12, 5, 13], "texture": "#crop"},
				"south": {"uv": [4, 13, 5, 12], "rotation": 180, "texture": "#crop"},
				"west": {"uv": [4, 12, 5, 13], "texture": "#crop"},
				"up": {"uv": [5, 12, 4, 13], "texture": "#crop"},
				"down": {"uv": [4, 12, 5, 13], "rotation": 180, "texture": "#crop"}
			}
		},
		{
			"name": "potatoes_stage2_13",
			"from": [12, 3, 3.6],
			"to": [13, 4, 4.35],
			"faces": {
				"north": {"uv": [4, 11, 5, 12], "texture": "#crop"},
				"east": {"uv": [4, 11, 5, 12], "texture": "#crop"},
				"south": {"uv": [4, 12, 5, 11], "rotation": 180, "texture": "#crop"},
				"west": {"uv": [4, 11, 5, 12], "texture": "#crop"},
				"up": {"uv": [5, 11, 4, 12], "texture": "#crop"},
				"down": {"uv": [4, 11, 5, 12], "rotation": 180, "texture": "#crop"}
			}
		},
		{
			"name": "potatoes_stage2_28",
			"from": [11, 0, 3.6],
			"to": [12, 1, 4.35],
			"faces": {
				"north": {"uv": [5, 14, 6, 15], "texture": "#crop"},
				"east": {"uv": [5, 14, 6, 15], "texture": "#crop"},
				"south": {"uv": [5, 15, 6, 14], "rotation": 180, "texture": "#crop"},
				"west": {"uv": [5, 14, 6, 15], "texture": "#crop"},
				"up": {"uv": [6, 14, 5, 15], "texture": "#crop"},
				"down": {"uv": [5, 14, 6, 15], "rotation": 180, "texture": "#crop"}
			}
		},
		{
			"name": "potatoes_stage2_22",
			"from": [11, 1, 3.6],
			"to": [12, 2, 4.35],
			"faces": {
				"north": {"uv": [5, 13, 6, 14], "texture": "#crop"},
				"east": {"uv": [5, 13, 6, 14], "texture": "#crop"},
				"south": {"uv": [5, 14, 6, 13], "rotation": 180, "texture": "#crop"},
				"west": {"uv": [5, 13, 6, 14], "texture": "#crop"},
				"up": {"uv": [6, 13, 5, 14], "texture": "#crop"},
				"down": {"uv": [5, 13, 6, 14], "rotation": 180, "texture": "#crop"}
			}
		},
		{
			"name": "potatoes_stage2_18",
			"from": [12, 2, 3.6],
			"to": [13, 3, 4.35],
			"faces": {
				"north": {"uv": [4, 12, 5, 13], "texture": "#crop"},
				"east": {"uv": [4, 12, 5, 13], "texture": "#crop"},
				"south": {"uv": [4, 13, 5, 12], "rotation": 180, "texture": "#crop"},
				"west": {"uv": [4, 12, 5, 13], "texture": "#crop"},
				"up": {"uv": [5, 12, 4, 13], "texture": "#crop"},
				"down": {"uv": [4, 12, 5, 13], "rotation": 180, "texture": "#crop"}
			}
		},
		{
			"name": "potatoes_stage2_14",
			"from": [12, 3, 3.6],
			"to": [13, 4, 4.35],
			"faces": {
				"north": {"uv": [4, 11, 5, 12], "texture": "#crop"},
				"east": {"uv": [4, 11, 5, 12], "texture": "#crop"},
				"south": {"uv": [4, 12, 5, 11], "rotation": 180, "texture": "#crop"},
				"west": {"uv": [4, 11, 5, 12], "texture": "#crop"},
				"up": {"uv": [5, 11, 4, 12], "texture": "#crop"},
				"down": {"uv": [4, 11, 5, 12], "rotation": 180, "texture": "#crop"}
			}
		},
		{
			"name": "potatoes_stage2_27",
			"from": [12.15, 1, 2],
			"to": [12.9, 2, 3],
			"rotation": {"angle": 0, "axis": "y", "origin": [12.525, 1.25, 4.75]},
			"faces": {
				"north": {"uv": [11, 13, 12, 14], "texture": "#crop"},
				"east": {"uv": [11, 13, 12, 14], "texture": "#crop"},
				"south": {"uv": [11, 13, 12, 14], "texture": "#crop"},
				"west": {"uv": [11, 14, 12, 13], "rotation": 180, "texture": "#crop"},
				"up": {"uv": [12, 13, 11, 14], "rotation": 90, "texture": "#crop"},
				"down": {"uv": [11, 13, 12, 14], "rotation": 90, "texture": "#crop"}
			}
		},
		{
			"name": "potatoes_stage2_21",
			"from": [12.15, 2, 1],
			"to": [12.9, 3, 2],
			"rotation": {"angle": 0, "axis": "y", "origin": [12.525, 1.25, 4.75]},
			"faces": {
				"north": {"uv": [12, 12, 13, 13], "texture": "#crop"},
				"east": {"uv": [12, 12, 13, 13], "texture": "#crop"},
				"south": {"uv": [12, 12, 13, 13], "texture": "#crop"},
				"west": {"uv": [12, 13, 13, 12], "rotation": 180, "texture": "#crop"},
				"up": {"uv": [13, 12, 12, 13], "rotation": 90, "texture": "#crop"},
				"down": {"uv": [12, 12, 13, 13], "rotation": 90, "texture": "#crop"}
			}
		},
		{
			"name": "potatoes_stage2_33",
			"from": [12.15, 0, 3],
			"to": [12.9, 1, 4],
			"rotation": {"angle": 0, "axis": "y", "origin": [12.525, 1.25, 4.75]},
			"faces": {
				"north": {"uv": [10, 14, 11, 15], "texture": "#crop"},
				"east": {"uv": [10, 14, 11, 15], "texture": "#crop"},
				"south": {"uv": [10, 14, 11, 15], "texture": "#crop"},
				"west": {"uv": [10, 15, 11, 14], "rotation": 180, "texture": "#crop"},
				"up": {"uv": [11, 14, 10, 15], "rotation": 90, "texture": "#crop"},
				"down": {"uv": [10, 14, 11, 15], "rotation": 90, "texture": "#crop"}
			}
		},
		{
			"name": "potatoes_stage2_34",
			"from": [12.15, 0, 3],
			"to": [12.9, 1, 4],
			"rotation": {"angle": 0, "axis": "y", "origin": [12.525, 1.25, 4.75]},
			"faces": {
				"north": {"uv": [10, 14, 11, 15], "texture": "#crop"},
				"east": {"uv": [10, 14, 11, 15], "texture": "#crop"},
				"south": {"uv": [10, 14, 11, 15], "texture": "#crop"},
				"west": {"uv": [10, 15, 11, 14], "rotation": 180, "texture": "#crop"},
				"up": {"uv": [11, 14, 10, 15], "rotation": 90, "texture": "#crop"},
				"down": {"uv": [10, 14, 11, 15], "rotation": 90, "texture": "#crop"}
			}
		},
		{
			"name": "potatoes_stage2_34",
			"from": [12.15, 0, 3],
			"to": [12.9, 1, 4],
			"rotation": {"angle": 0, "axis": "y", "origin": [12.525, 1.25, 4.75]},
			"faces": {
				"north": {"uv": [10, 14, 11, 15], "texture": "#crop"},
				"east": {"uv": [10, 14, 11, 15], "texture": "#crop"},
				"south": {"uv": [10, 14, 11, 15], "texture": "#crop"},
				"west": {"uv": [10, 15, 11, 14], "rotation": 180, "texture": "#crop"},
				"up": {"uv": [11, 14, 10, 15], "rotation": 90, "texture": "#crop"},
				"down": {"uv": [10, 14, 11, 15], "rotation": 90, "texture": "#crop"}
			}
		},
		{
			"name": "potatoes_stage2_28",
			"from": [12.15, 1, 2],
			"to": [12.9, 2, 3],
			"rotation": {"angle": 0, "axis": "y", "origin": [12.525, 1.25, 4.75]},
			"faces": {
				"north": {"uv": [11, 13, 12, 14], "texture": "#crop"},
				"east": {"uv": [11, 13, 12, 14], "texture": "#crop"},
				"south": {"uv": [11, 13, 12, 14], "texture": "#crop"},
				"west": {"uv": [11, 14, 12, 13], "rotation": 180, "texture": "#crop"},
				"up": {"uv": [12, 13, 11, 14], "rotation": 90, "texture": "#crop"},
				"down": {"uv": [11, 13, 12, 14], "rotation": 90, "texture": "#crop"}
			}
		},
		{
			"name": "potatoes_stage2_22",
			"from": [12.15, 2, 1],
			"to": [12.9, 3, 2],
			"rotation": {"angle": 0, "axis": "y", "origin": [12.525, 1.25, 4.75]},
			"faces": {
				"north": {"uv": [12, 12, 13, 13], "texture": "#crop"},
				"east": {"uv": [12, 12, 13, 13], "texture": "#crop"},
				"south": {"uv": [12, 12, 13, 13], "texture": "#crop"},
				"west": {"uv": [12, 13, 13, 12], "rotation": 180, "texture": "#crop"},
				"up": {"uv": [13, 12, 12, 13], "rotation": 90, "texture": "#crop"},
				"down": {"uv": [12, 12, 13, 13], "rotation": 90, "texture": "#crop"}
			}
		},
		{
			"name": "potatoes_stage2_34",
			"from": [12.15, 0, 3],
			"to": [12.9, 1, 4],
			"rotation": {"angle": 0, "axis": "y", "origin": [12.525, 1.25, 4.75]},
			"faces": {
				"north": {"uv": [10, 14, 11, 15], "texture": "#crop"},
				"east": {"uv": [10, 14, 11, 15], "texture": "#crop"},
				"south": {"uv": [10, 14, 11, 15], "texture": "#crop"},
				"west": {"uv": [10, 15, 11, 14], "rotation": 180, "texture": "#crop"},
				"up": {"uv": [11, 14, 10, 15], "rotation": 90, "texture": "#crop"},
				"down": {"uv": [10, 14, 11, 15], "rotation": 90, "texture": "#crop"}
			}
		},
		{
			"name": "potatoes_stage2_35",
			"from": [12.15, 0, 3],
			"to": [12.9, 1, 4],
			"rotation": {"angle": 0, "axis": "y", "origin": [12.525, 1.25, 4.75]},
			"faces": {
				"north": {"uv": [10, 14, 11, 15], "texture": "#crop"},
				"east": {"uv": [10, 14, 11, 15], "texture": "#crop"},
				"south": {"uv": [10, 14, 11, 15], "texture": "#crop"},
				"west": {"uv": [10, 15, 11, 14], "rotation": 180, "texture": "#crop"},
				"up": {"uv": [11, 14, 10, 15], "rotation": 90, "texture": "#crop"},
				"down": {"uv": [10, 14, 11, 15], "rotation": 90, "texture": "#crop"}
			}
		},
		{
			"name": "potatoes_stage2_35",
			"from": [12.15, 0, 3],
			"to": [12.9, 1, 4],
			"rotation": {"angle": 0, "axis": "y", "origin": [12.525, 1.25, 4.75]},
			"faces": {
				"north": {"uv": [10, 14, 11, 15], "texture": "#crop"},
				"east": {"uv": [10, 14, 11, 15], "texture": "#crop"},
				"south": {"uv": [10, 14, 11, 15], "texture": "#crop"},
				"west": {"uv": [10, 15, 11, 14], "rotation": 180, "texture": "#crop"},
				"up": {"uv": [11, 14, 10, 15], "rotation": 90, "texture": "#crop"},
				"down": {"uv": [10, 14, 11, 15], "rotation": 90, "texture": "#crop"}
			}
		},
		{
			"name": "potatoes_stage2_35",
			"from": [13, -1, 2.5],
			"to": [14, 0, 5.5],
			"faces": {
				"north": {"uv": [3, 15, 4, 16], "texture": "#crop"},
				"east": {"uv": [3, 15, 6, 16], "texture": "#crop"},
				"south": {"uv": [5, 16, 6, 15], "rotation": 180, "texture": "#crop"},
				"west": {"uv": [3, 15, 4, 16], "texture": "#crop"},
				"up": {"uv": [6, 15, 3, 16], "rotation": 90, "texture": "#crop"},
				"down": {"uv": [3, 15, 4, 16], "rotation": 180, "texture": "#crop"}
			}
		},
		{
			"name": "potatoes_stage2_37",
			"from": [11, -1, 2.5],
			"to": [12, 0, 5.5],
			"faces": {
				"north": {"uv": [5, 15, 6, 16], "texture": "#crop"},
				"east": {"uv": [5, 15, 6, 16], "texture": "#crop"},
				"south": {"uv": [3, 16, 4, 15], "texture": "#crop"},
				"west": {"uv": [3, 15, 6, 16], "texture": "#crop"},
				"up": {"uv": [6, 15, 3, 16], "rotation": 90, "texture": "#crop"},
				"down": {"uv": [5, 15, 6, 16], "rotation": 180, "texture": "#crop"}
			}
		},
		{
			"name": "potatoes_stage2_36",
			"from": [12, -1, 2.5],
			"to": [13, 0, 5.5],
			"faces": {
				"north": {"uv": [4, 15, 5, 16], "texture": "#crop"},
				"east": {"uv": [4, 15, 5, 16], "texture": "#crop"},
				"south": {"uv": [4, 16, 5, 15], "rotation": 180, "texture": "#crop"},
				"west": {"uv": [4, 15, 5, 16], "texture": "#crop"},
				"up": {"uv": [6, 15, 3, 16], "rotation": 270, "texture": "#crop"},
				"down": {"uv": [4, 15, 5, 16], "rotation": 180, "texture": "#crop"}
			}
		},
		{
			"name": "potatoes_stage2_35",
			"from": [1.982, -1, 10.982],
			"to": [2.982, 0, 13.982],
			"rotation": {"angle": 0, "axis": "y", "origin": [7.541, 0.94, 3.441]},
			"faces": {
				"north": {"uv": [5, 16, 6, 15], "rotation": 180, "texture": "#crop"},
				"east": {"uv": [3, 15, 4, 16], "texture": "#crop"},
				"south": {"uv": [3, 15, 4, 16], "texture": "#crop"},
				"west": {"uv": [3, 15, 6, 16], "texture": "#crop"},
				"up": {"uv": [6, 15, 3, 16], "rotation": 270, "texture": "#crop"},
				"down": {"uv": [3, 15, 4, 16], "texture": "#crop"}
			}
		},
		{
			"name": "potatoes_stage2_37",
			"from": [3.982, -1, 10.982],
			"to": [4.982, 0, 13.982],
			"rotation": {"angle": 0, "axis": "y", "origin": [7.541, 0.94, 3.441]},
			"faces": {
				"north": {"uv": [3, 16, 4, 15], "texture": "#crop"},
				"east": {"uv": [3, 15, 6, 16], "texture": "#crop"},
				"south": {"uv": [5, 15, 6, 16], "texture": "#crop"},
				"west": {"uv": [5, 15, 6, 16], "texture": "#crop"},
				"up": {"uv": [6, 15, 3, 16], "rotation": 270, "texture": "#crop"},
				"down": {"uv": [5, 15, 6, 16], "texture": "#crop"}
			}
		},
		{
			"name": "potatoes_stage2_36",
			"from": [2.982, -1, 10.982],
			"to": [3.982, 0, 13.982],
			"rotation": {"angle": 0, "axis": "y", "origin": [7.541, 0.94, 3.441]},
			"faces": {
				"north": {"uv": [4, 16, 5, 15], "rotation": 180, "texture": "#crop"},
				"east": {"uv": [4, 15, 5, 16], "texture": "#crop"},
				"south": {"uv": [4, 15, 5, 16], "texture": "#crop"},
				"west": {"uv": [4, 15, 5, 16], "texture": "#crop"},
				"up": {"uv": [6, 15, 3, 16], "rotation": 90, "texture": "#crop"},
				"down": {"uv": [4, 15, 5, 16], "texture": "#crop"}
			}
		},
		{
			"name": "potatoes_stage2_28",
			"from": [3.982, 0, 12.132],
			"to": [4.982, 1, 12.882],
			"rotation": {"angle": 0, "axis": "y", "origin": [7.541, 0.94, 3.441]},
			"faces": {
				"north": {"uv": [5, 15, 6, 14], "rotation": 180, "texture": "#crop"},
				"east": {"uv": [5, 14, 6, 15], "texture": "#crop"},
				"south": {"uv": [5, 14, 6, 15], "texture": "#crop"},
				"west": {"uv": [5, 14, 6, 15], "texture": "#crop"},
				"up": {"uv": [6, 14, 5, 15], "rotation": 180, "texture": "#crop"},
				"down": {"uv": [5, 14, 6, 15], "texture": "#crop"}
			}
		},
		{
			"name": "potatoes_stage2_22",
			"from": [3.982, 1, 12.132],
			"to": [4.982, 2, 12.882],
			"rotation": {"angle": 0, "axis": "y", "origin": [7.541, 0.94, 3.441]},
			"faces": {
				"north": {"uv": [5, 14, 6, 13], "rotation": 180, "texture": "#crop"},
				"east": {"uv": [5, 13, 6, 14], "texture": "#crop"},
				"south": {"uv": [5, 13, 6, 14], "texture": "#crop"},
				"west": {"uv": [5, 13, 6, 14], "texture": "#crop"},
				"up": {"uv": [6, 13, 5, 14], "rotation": 180, "texture": "#crop"},
				"down": {"uv": [5, 13, 6, 14], "texture": "#crop"}
			}
		},
		{
			"name": "potatoes_stage2_18",
			"from": [2.982, 2, 12.132],
			"to": [3.982, 3, 12.882],
			"rotation": {"angle": 0, "axis": "y", "origin": [7.541, 0.94, 3.441]},
			"faces": {
				"north": {"uv": [4, 13, 5, 12], "rotation": 180, "texture": "#crop"},
				"east": {"uv": [4, 12, 5, 13], "texture": "#crop"},
				"south": {"uv": [4, 12, 5, 13], "texture": "#crop"},
				"west": {"uv": [4, 12, 5, 13], "texture": "#crop"},
				"up": {"uv": [5, 12, 4, 13], "rotation": 180, "texture": "#crop"},
				"down": {"uv": [4, 12, 5, 13], "texture": "#crop"}
			}
		},
		{
			"name": "potatoes_stage2_14",
			"from": [2.982, 3, 12.132],
			"to": [3.982, 4, 12.882],
			"rotation": {"angle": 0, "axis": "y", "origin": [7.541, 0.94, 3.441]},
			"faces": {
				"north": {"uv": [4, 12, 5, 11], "rotation": 180, "texture": "#crop"},
				"east": {"uv": [4, 11, 5, 12], "texture": "#crop"},
				"south": {"uv": [4, 11, 5, 12], "texture": "#crop"},
				"west": {"uv": [4, 11, 5, 12], "texture": "#crop"},
				"up": {"uv": [5, 11, 4, 12], "rotation": 180, "texture": "#crop"},
				"down": {"uv": [4, 11, 5, 12], "texture": "#crop"}
			}
		},
		{
			"name": "potatoes_stage2_29",
			"from": [3.982, 0, 12.132],
			"to": [4.982, 1, 12.882],
			"rotation": {"angle": 0, "axis": "y", "origin": [7.541, 0.94, 3.441]},
			"faces": {
				"north": {"uv": [5, 15, 6, 14], "rotation": 180, "texture": "#crop"},
				"east": {"uv": [5, 14, 6, 15], "texture": "#crop"},
				"south": {"uv": [5, 14, 6, 15], "texture": "#crop"},
				"west": {"uv": [5, 14, 6, 15], "texture": "#crop"},
				"up": {"uv": [6, 14, 5, 15], "rotation": 180, "texture": "#crop"},
				"down": {"uv": [5, 14, 6, 15], "texture": "#crop"}
			}
		},
		{
			"name": "potatoes_stage2_23",
			"from": [3.982, 1, 12.132],
			"to": [4.982, 2, 12.882],
			"rotation": {"angle": 0, "axis": "y", "origin": [7.541, 0.94, 3.441]},
			"faces": {
				"north": {"uv": [5, 14, 6, 13], "rotation": 180, "texture": "#crop"},
				"east": {"uv": [5, 13, 6, 14], "texture": "#crop"},
				"south": {"uv": [5, 13, 6, 14], "texture": "#crop"},
				"west": {"uv": [5, 13, 6, 14], "texture": "#crop"},
				"up": {"uv": [6, 13, 5, 14], "rotation": 180, "texture": "#crop"},
				"down": {"uv": [5, 13, 6, 14], "texture": "#crop"}
			}
		},
		{
			"name": "potatoes_stage2_19",
			"from": [2.982, 2, 12.132],
			"to": [3.982, 3, 12.882],
			"rotation": {"angle": 0, "axis": "y", "origin": [7.541, 0.94, 3.441]},
			"faces": {
				"north": {"uv": [4, 13, 5, 12], "rotation": 180, "texture": "#crop"},
				"east": {"uv": [4, 12, 5, 13], "texture": "#crop"},
				"south": {"uv": [4, 12, 5, 13], "texture": "#crop"},
				"west": {"uv": [4, 12, 5, 13], "texture": "#crop"},
				"up": {"uv": [5, 12, 4, 13], "rotation": 180, "texture": "#crop"},
				"down": {"uv": [4, 12, 5, 13], "texture": "#crop"}
			}
		},
		{
			"name": "potatoes_stage2_15",
			"from": [2.982, 3, 12.132],
			"to": [3.982, 4, 12.882],
			"rotation": {"angle": 0, "axis": "y", "origin": [7.541, 0.94, 3.441]},
			"faces": {
				"north": {"uv": [4, 12, 5, 11], "rotation": 180, "texture": "#crop"},
				"east": {"uv": [4, 11, 5, 12], "texture": "#crop"},
				"south": {"uv": [4, 11, 5, 12], "texture": "#crop"},
				"west": {"uv": [4, 11, 5, 12], "texture": "#crop"},
				"up": {"uv": [5, 11, 4, 12], "rotation": 180, "texture": "#crop"},
				"down": {"uv": [4, 11, 5, 12], "texture": "#crop"}
			}
		},
		{
			"name": "potatoes_stage2_28",
			"from": [3.082, 1, 13.482],
			"to": [3.832, 2, 14.482],
			"rotation": {"angle": 0, "axis": "y", "origin": [7.541, 0.94, 3.441]},
			"faces": {
				"north": {"uv": [11, 13, 12, 14], "texture": "#crop"},
				"east": {"uv": [11, 14, 12, 13], "rotation": 180, "texture": "#crop"},
				"south": {"uv": [11, 13, 12, 14], "texture": "#crop"},
				"west": {"uv": [11, 13, 12, 14], "texture": "#crop"},
				"up": {"uv": [12, 13, 11, 14], "rotation": 270, "texture": "#crop"},
				"down": {"uv": [11, 13, 12, 14], "rotation": 270, "texture": "#crop"}
			}
		},
		{
			"name": "potatoes_stage2_22",
			"from": [3.082, 2, 14.482],
			"to": [3.832, 3, 15.482],
			"rotation": {"angle": 0, "axis": "y", "origin": [7.541, 0.94, 3.441]},
			"faces": {
				"north": {"uv": [12, 12, 13, 13], "texture": "#crop"},
				"east": {"uv": [12, 13, 13, 12], "rotation": 180, "texture": "#crop"},
				"south": {"uv": [12, 12, 13, 13], "texture": "#crop"},
				"west": {"uv": [12, 12, 13, 13], "texture": "#crop"},
				"up": {"uv": [13, 12, 12, 13], "rotation": 270, "texture": "#crop"},
				"down": {"uv": [12, 12, 13, 13], "rotation": 270, "texture": "#crop"}
			}
		},
		{
			"name": "potatoes_stage2_34",
			"from": [3.082, 0, 12.482],
			"to": [3.832, 1, 13.482],
			"rotation": {"angle": 0, "axis": "y", "origin": [7.541, 0.94, 3.441]},
			"faces": {
				"north": {"uv": [10, 14, 11, 15], "texture": "#crop"},
				"east": {"uv": [10, 15, 11, 14], "rotation": 180, "texture": "#crop"},
				"south": {"uv": [10, 14, 11, 15], "texture": "#crop"},
				"west": {"uv": [10, 14, 11, 15], "texture": "#crop"},
				"up": {"uv": [11, 14, 10, 15], "rotation": 270, "texture": "#crop"},
				"down": {"uv": [10, 14, 11, 15], "rotation": 270, "texture": "#crop"}
			}
		},
		{
			"name": "potatoes_stage2_35",
			"from": [3.082, 0, 12.482],
			"to": [3.832, 1, 13.482],
			"rotation": {"angle": 0, "axis": "y", "origin": [7.541, 0.94, 3.441]},
			"faces": {
				"north": {"uv": [10, 14, 11, 15], "texture": "#crop"},
				"east": {"uv": [10, 15, 11, 14], "rotation": 180, "texture": "#crop"},
				"south": {"uv": [10, 14, 11, 15], "texture": "#crop"},
				"west": {"uv": [10, 14, 11, 15], "texture": "#crop"},
				"up": {"uv": [11, 14, 10, 15], "rotation": 270, "texture": "#crop"},
				"down": {"uv": [10, 14, 11, 15], "rotation": 270, "texture": "#crop"}
			}
		},
		{
			"name": "potatoes_stage2_35",
			"from": [3.082, 0, 12.482],
			"to": [3.832, 1, 13.482],
			"rotation": {"angle": 0, "axis": "y", "origin": [7.541, 0.94, 3.441]},
			"faces": {
				"north": {"uv": [10, 14, 11, 15], "texture": "#crop"},
				"east": {"uv": [10, 15, 11, 14], "rotation": 180, "texture": "#crop"},
				"south": {"uv": [10, 14, 11, 15], "texture": "#crop"},
				"west": {"uv": [10, 14, 11, 15], "texture": "#crop"},
				"up": {"uv": [11, 14, 10, 15], "rotation": 270, "texture": "#crop"},
				"down": {"uv": [10, 14, 11, 15], "rotation": 270, "texture": "#crop"}
			}
		},
		{
			"name": "potatoes_stage2_29",
			"from": [3.082, 1, 13.482],
			"to": [3.832, 2, 14.482],
			"rotation": {"angle": 0, "axis": "y", "origin": [7.541, 0.94, 3.441]},
			"faces": {
				"north": {"uv": [11, 13, 12, 14], "texture": "#crop"},
				"east": {"uv": [11, 14, 12, 13], "rotation": 180, "texture": "#crop"},
				"south": {"uv": [11, 13, 12, 14], "texture": "#crop"},
				"west": {"uv": [11, 13, 12, 14], "texture": "#crop"},
				"up": {"uv": [12, 13, 11, 14], "rotation": 270, "texture": "#crop"},
				"down": {"uv": [11, 13, 12, 14], "rotation": 270, "texture": "#crop"}
			}
		},
		{
			"name": "potatoes_stage2_23",
			"from": [3.082, 2, 14.482],
			"to": [3.832, 3, 15.482],
			"rotation": {"angle": 0, "axis": "y", "origin": [7.541, 0.94, 3.441]},
			"faces": {
				"north": {"uv": [12, 12, 13, 13], "texture": "#crop"},
				"east": {"uv": [12, 13, 13, 12], "rotation": 180, "texture": "#crop"},
				"south": {"uv": [12, 12, 13, 13], "texture": "#crop"},
				"west": {"uv": [12, 12, 13, 13], "texture": "#crop"},
				"up": {"uv": [13, 12, 12, 13], "rotation": 270, "texture": "#crop"},
				"down": {"uv": [12, 12, 13, 13], "rotation": 270, "texture": "#crop"}
			}
		},
		{
			"name": "potatoes_stage2_35",
			"from": [3.082, 0, 12.482],
			"to": [3.832, 1, 13.482],
			"rotation": {"angle": 0, "axis": "y", "origin": [7.541, 0.94, 3.441]},
			"faces": {
				"north": {"uv": [10, 14, 11, 15], "texture": "#crop"},
				"east": {"uv": [10, 15, 11, 14], "rotation": 180, "texture": "#crop"},
				"south": {"uv": [10, 14, 11, 15], "texture": "#crop"},
				"west": {"uv": [10, 14, 11, 15], "texture": "#crop"},
				"up": {"uv": [11, 14, 10, 15], "rotation": 270, "texture": "#crop"},
				"down": {"uv": [10, 14, 11, 15], "rotation": 270, "texture": "#crop"}
			}
		},
		{
			"name": "potatoes_stage2_36",
			"from": [3.082, 0, 12.482],
			"to": [3.832, 1, 13.482],
			"rotation": {"angle": 0, "axis": "y", "origin": [7.541, 0.94, 3.441]},
			"faces": {
				"north": {"uv": [10, 14, 11, 15], "texture": "#crop"},
				"east": {"uv": [10, 15, 11, 14], "rotation": 180, "texture": "#crop"},
				"south": {"uv": [10, 14, 11, 15], "texture": "#crop"},
				"west": {"uv": [10, 14, 11, 15], "texture": "#crop"},
				"up": {"uv": [11, 14, 10, 15], "rotation": 270, "texture": "#crop"},
				"down": {"uv": [10, 14, 11, 15], "rotation": 270, "texture": "#crop"}
			}
		},
		{
			"name": "potatoes_stage2_36",
			"from": [3.082, 0, 12.482],
			"to": [3.832, 1, 13.482],
			"rotation": {"angle": 0, "axis": "y", "origin": [7.541, 0.94, 3.441]},
			"faces": {
				"north": {"uv": [10, 14, 11, 15], "texture": "#crop"},
				"east": {"uv": [10, 15, 11, 14], "rotation": 180, "texture": "#crop"},
				"south": {"uv": [10, 14, 11, 15], "texture": "#crop"},
				"west": {"uv": [10, 14, 11, 15], "texture": "#crop"},
				"up": {"uv": [11, 14, 10, 15], "rotation": 270, "texture": "#crop"},
				"down": {"uv": [10, 14, 11, 15], "rotation": 270, "texture": "#crop"}
			}
		},
		{
			"name": "potatoes_stage2_36",
			"from": [1.982, -1, 10.982],
			"to": [2.982, 0, 13.982],
			"rotation": {"angle": 0, "axis": "y", "origin": [7.541, 0.94, 3.441]},
			"faces": {
				"north": {"uv": [5, 16, 6, 15], "rotation": 180, "texture": "#crop"},
				"east": {"uv": [3, 15, 4, 16], "texture": "#crop"},
				"south": {"uv": [3, 15, 4, 16], "texture": "#crop"},
				"west": {"uv": [3, 15, 6, 16], "texture": "#crop"},
				"up": {"uv": [6, 15, 3, 16], "rotation": 270, "texture": "#crop"},
				"down": {"uv": [3, 15, 4, 16], "texture": "#crop"}
			}
		},
		{
			"name": "potatoes_stage2_38",
			"from": [3.982, -1, 10.982],
			"to": [4.982, 0, 13.982],
			"rotation": {"angle": 0, "axis": "y", "origin": [7.541, 0.94, 3.441]},
			"faces": {
				"north": {"uv": [3, 16, 4, 15], "texture": "#crop"},
				"east": {"uv": [3, 15, 6, 16], "texture": "#crop"},
				"south": {"uv": [5, 15, 6, 16], "texture": "#crop"},
				"west": {"uv": [5, 15, 6, 16], "texture": "#crop"},
				"up": {"uv": [6, 15, 3, 16], "rotation": 270, "texture": "#crop"},
				"down": {"uv": [5, 15, 6, 16], "texture": "#crop"}
			}
		},
		{
			"name": "potatoes_stage2_37",
			"from": [2.982, -1, 10.982],
			"to": [3.982, 0, 13.982],
			"rotation": {"angle": 0, "axis": "y", "origin": [7.541, 0.94, 3.441]},
			"faces": {
				"north": {"uv": [4, 16, 5, 15], "rotation": 180, "texture": "#crop"},
				"east": {"uv": [4, 15, 5, 16], "texture": "#crop"},
				"south": {"uv": [4, 15, 5, 16], "texture": "#crop"},
				"west": {"uv": [4, 15, 5, 16], "texture": "#crop"},
				"up": {"uv": [6, 15, 3, 16], "rotation": 90, "texture": "#crop"},
				"down": {"uv": [4, 15, 5, 16], "texture": "#crop"}
			}
		},
		{
			"name": "potatoes_stage2_38",
			"from": [8, -1, 6],
			"to": [9, 0, 10],
			"faces": {
				"north": {"uv": [7, 15, 8, 16], "texture": "#crop"},
				"east": {"uv": [7, 15, 8, 16], "texture": "#crop"},
				"south": {"uv": [7, 16, 8, 15], "rotation": 180, "texture": "#crop"},
				"west": {"uv": [7, 15, 8, 16], "texture": "#crop"},
				"up": {"uv": [8, 15, 7, 16], "texture": "#crop"},
				"down": {"uv": [7, 15, 8, 16], "rotation": 180, "texture": "#crop"}
			}
		},
		{
			"name": "potatoes_stage2_39",
			"from": [7, -1, 6],
			"to": [8, 0, 10],
			"faces": {
				"north": {"uv": [8, 15, 9, 16], "texture": "#crop"},
				"east": {"uv": [8, 15, 9, 16], "texture": "#crop"},
				"south": {"uv": [8, 16, 9, 15], "rotation": 180, "texture": "#crop"},
				"west": {"uv": [8, 15, 9, 16], "texture": "#crop"},
				"up": {"uv": [9, 15, 8, 16], "texture": "#crop"},
				"down": {"uv": [8, 15, 9, 16], "rotation": 180, "texture": "#crop"}
			}
		},
		{
			"name": "potatoes_stage2_40",
			"from": [6, -1, 7],
			"to": [7, 0, 9],
			"faces": {
				"north": {"uv": [8, 15, 9, 16], "texture": "#crop"},
				"east": {"uv": [8, 15, 9, 16], "texture": "#crop"},
				"south": {"uv": [8, 16, 9, 15], "rotation": 180, "texture": "#crop"},
				"west": {"uv": [8, 15, 9, 16], "texture": "#crop"},
				"up": {"uv": [9, 15, 8, 16], "texture": "#crop"},
				"down": {"uv": [8, 15, 9, 16], "rotation": 180, "texture": "#crop"}
			}
		},
		{
			"name": "potatoes_stage2_41",
			"from": [9, -1, 7],
			"to": [10, 0, 9],
			"faces": {
				"north": {"uv": [8, 15, 9, 16], "texture": "#crop"},
				"east": {"uv": [8, 15, 9, 16], "texture": "#crop"},
				"south": {"uv": [8, 16, 9, 15], "rotation": 180, "texture": "#crop"},
				"west": {"uv": [8, 15, 9, 16], "texture": "#crop"},
				"up": {"uv": [9, 15, 8, 16], "texture": "#crop"},
				"down": {"uv": [8, 15, 9, 16], "rotation": 180, "texture": "#crop"}
			}
		},
		{
			"name": "potatoes_stage2_40",
			"from": [6, -1, 9],
			"to": [7, 0, 10],
			"faces": {
				"north": {"uv": [9, 15, 10, 16], "texture": "#crop"},
				"east": {"uv": [9, 15, 10, 16], "texture": "#crop"},
				"south": {"uv": [9, 16, 10, 15], "rotation": 180, "texture": "#crop"},
				"west": {"uv": [9, 15, 10, 16], "texture": "#crop"},
				"up": {"uv": [10, 15, 9, 16], "texture": "#crop"},
				"down": {"uv": [9, 15, 10, 16], "rotation": 180, "texture": "#crop"}
			}
		},
		{
			"name": "potatoes_stage2_41",
			"from": [6, -1, 6],
			"to": [7, 0, 7],
			"faces": {
				"north": {"uv": [9, 15, 10, 16], "texture": "#crop"},
				"east": {"uv": [9, 15, 10, 16], "texture": "#crop"},
				"south": {"uv": [9, 16, 10, 15], "rotation": 180, "texture": "#crop"},
				"west": {"uv": [9, 15, 10, 16], "texture": "#crop"},
				"up": {"uv": [10, 15, 9, 16], "texture": "#crop"},
				"down": {"uv": [9, 15, 10, 16], "rotation": 180, "texture": "#crop"}
			}
		},
		{
			"name": "potatoes_stage2_42",
			"from": [9, -1, 6],
			"to": [10, 0, 7],
			"faces": {
				"north": {"uv": [9, 15, 10, 16], "texture": "#crop"},
				"east": {"uv": [9, 15, 10, 16], "texture": "#crop"},
				"south": {"uv": [9, 16, 10, 15], "rotation": 180, "texture": "#crop"},
				"west": {"uv": [9, 15, 10, 16], "texture": "#crop"},
				"up": {"uv": [10, 15, 9, 16], "texture": "#crop"},
				"down": {"uv": [9, 15, 10, 16], "rotation": 180, "texture": "#crop"}
			}
		},
		{
			"name": "potatoes_stage2_30",
			"from": [7, 0, 7],
			"to": [8, 1, 9],
			"faces": {
				"north": {"uv": [8, 14, 9, 15], "texture": "#crop"},
				"east": {"uv": [8, 14, 9, 15], "texture": "#crop"},
				"south": {"uv": [8, 15, 9, 14], "rotation": 180, "texture": "#crop"},
				"west": {"uv": [8, 14, 9, 15], "texture": "#crop"},
				"up": {"uv": [9, 14, 8, 15], "texture": "#crop"},
				"down": {"uv": [8, 14, 9, 15], "rotation": 180, "texture": "#crop"}
			}
		},
		{
			"name": "potatoes_stage2_29",
			"from": [8, 0, 7],
			"to": [9, 1, 9],
			"faces": {
				"north": {"uv": [7, 14, 8, 15], "texture": "#crop"},
				"east": {"uv": [7, 14, 8, 15], "texture": "#crop"},
				"south": {"uv": [7, 15, 8, 14], "rotation": 180, "texture": "#crop"},
				"west": {"uv": [7, 14, 8, 15], "texture": "#crop"},
				"up": {"uv": [8, 14, 7, 15], "texture": "#crop"},
				"down": {"uv": [7, 14, 8, 15], "rotation": 180, "texture": "#crop"}
			}
		},
		{
			"name": "potatoes_stage2_37",
			"from": [9, -1, 9],
			"to": [10, 0, 10],
			"faces": {
				"north": {"uv": [6, 15, 7, 16], "texture": "#crop"},
				"east": {"uv": [6, 15, 7, 16], "texture": "#crop"},
				"south": {"uv": [6, 16, 7, 15], "rotation": 180, "texture": "#crop"},
				"west": {"uv": [6, 15, 7, 16], "texture": "#crop"},
				"up": {"uv": [7, 15, 6, 16], "texture": "#crop"},
				"down": {"uv": [6, 15, 7, 16], "rotation": 180, "texture": "#crop"}
			}
		},
		{
			"name": "potatoes_stage2_0",
			"from": [8, 9, 7.6],
			"to": [9, 10, 8.35],
			"faces": {
				"north": {"uv": [7, 5, 8, 6], "texture": "#crop"},
				"east": {"uv": [7, 5, 8, 6], "texture": "#crop"},
				"south": {"uv": [7, 6, 8, 5], "rotation": 180, "texture": "#crop"},
				"west": {"uv": [7, 5, 8, 6], "texture": "#crop"},
				"up": {"uv": [8, 5, 7, 6], "texture": "#crop"},
				"down": {"uv": [7, 5, 8, 6], "rotation": 180, "texture": "#crop"}
			}
		},
		{
			"name": "potatoes_stage2_1",
			"from": [7, 9, 7.6],
			"to": [8, 10, 8.35],
			"faces": {
				"north": {"uv": [8, 5, 9, 6], "texture": "#crop"},
				"east": {"uv": [8, 5, 9, 6], "texture": "#crop"},
				"south": {"uv": [8, 6, 9, 5], "rotation": 180, "texture": "#crop"},
				"west": {"uv": [8, 5, 9, 6], "texture": "#crop"},
				"up": {"uv": [9, 5, 8, 6], "texture": "#crop"},
				"down": {"uv": [8, 5, 9, 6], "rotation": 180, "texture": "#crop"}
			}
		},
		{
			"name": "potatoes_stage2_2",
			"from": [9, 8, 7.6],
			"to": [10, 9, 8.35],
			"faces": {
				"north": {"uv": [6, 6, 7, 7], "texture": "#crop"},
				"east": {"uv": [6, 6, 7, 7], "texture": "#crop"},
				"south": {"uv": [6, 7, 7, 6], "rotation": 180, "texture": "#crop"},
				"west": {"uv": [6, 6, 7, 7], "texture": "#crop"},
				"up": {"uv": [7, 6, 6, 7], "texture": "#crop"},
				"down": {"uv": [6, 6, 7, 7], "rotation": 180, "texture": "#crop"}
			}
		},
		{
			"name": "potatoes_stage2_3",
			"from": [6, 8, 7.6],
			"to": [7, 9, 8.35],
			"faces": {
				"north": {"uv": [9, 6, 10, 7], "texture": "#crop"},
				"east": {"uv": [9, 6, 10, 7], "texture": "#crop"},
				"south": {"uv": [9, 7, 10, 6], "rotation": 180, "texture": "#crop"},
				"west": {"uv": [9, 6, 10, 7], "texture": "#crop"},
				"up": {"uv": [10, 6, 9, 7], "texture": "#crop"},
				"down": {"uv": [9, 6, 10, 7], "rotation": 180, "texture": "#crop"}
			}
		},
		{
			"name": "potatoes_stage2_4",
			"from": [5, 8, 7.6],
			"to": [6, 9, 8.35],
			"faces": {
				"north": {"uv": [10, 6, 11, 7], "texture": "#crop"},
				"east": {"uv": [10, 6, 11, 7], "texture": "#crop"},
				"south": {"uv": [10, 7, 11, 6], "rotation": 180, "texture": "#crop"},
				"west": {"uv": [10, 6, 11, 7], "texture": "#crop"},
				"up": {"uv": [11, 6, 10, 7], "texture": "#crop"},
				"down": {"uv": [10, 6, 11, 7], "rotation": 180, "texture": "#crop"}
			}
		},
		{
			"name": "potatoes_stage2_5",
			"from": [9, 7, 7.6],
			"to": [10, 8, 8.35],
			"faces": {
				"north": {"uv": [6, 7, 7, 8], "texture": "#crop"},
				"east": {"uv": [6, 7, 7, 8], "texture": "#crop"},
				"south": {"uv": [6, 8, 7, 7], "rotation": 180, "texture": "#crop"},
				"west": {"uv": [6, 7, 7, 8], "texture": "#crop"},
				"up": {"uv": [7, 7, 6, 8], "texture": "#crop"},
				"down": {"uv": [6, 7, 7, 8], "rotation": 180, "texture": "#crop"}
			}
		},
		{
			"name": "potatoes_stage2_6",
			"from": [8, 7, 7.6],
			"to": [9, 8, 8.35],
			"faces": {
				"north": {"uv": [7, 7, 8, 8], "texture": "#crop"},
				"east": {"uv": [7, 7, 8, 8], "texture": "#crop"},
				"south": {"uv": [7, 8, 8, 7], "rotation": 180, "texture": "#crop"},
				"west": {"uv": [7, 7, 8, 8], "texture": "#crop"},
				"up": {"uv": [8, 7, 7, 8], "texture": "#crop"},
				"down": {"uv": [7, 7, 8, 8], "rotation": 180, "texture": "#crop"}
			}
		},
		{
			"name": "potatoes_stage2_7",
			"from": [6, 7, 7.6],
			"to": [7, 8, 8.35],
			"faces": {
				"north": {"uv": [9, 7, 10, 8], "texture": "#crop"},
				"east": {"uv": [9, 7, 10, 8], "texture": "#crop"},
				"south": {"uv": [9, 8, 10, 7], "rotation": 180, "texture": "#crop"},
				"west": {"uv": [9, 7, 10, 8], "texture": "#crop"},
				"up": {"uv": [10, 7, 9, 8], "texture": "#crop"},
				"down": {"uv": [9, 7, 10, 8], "rotation": 180, "texture": "#crop"}
			}
		},
		{
			"name": "potatoes_stage2_8",
			"from": [6, 6, 7.6],
			"to": [7, 7, 8.35],
			"faces": {
				"north": {"uv": [9, 8, 10, 9], "texture": "#crop"},
				"east": {"uv": [9, 8, 10, 9], "texture": "#crop"},
				"south": {"uv": [9, 9, 10, 8], "rotation": 180, "texture": "#crop"},
				"west": {"uv": [9, 8, 10, 9], "texture": "#crop"},
				"up": {"uv": [10, 8, 9, 9], "texture": "#crop"},
				"down": {"uv": [9, 8, 10, 9], "rotation": 180, "texture": "#crop"}
			}
		},
		{
			"name": "potatoes_stage2_9",
			"from": [7, 5, 7.6],
			"to": [8, 6, 8.35],
			"faces": {
				"north": {"uv": [8, 9, 9, 10], "texture": "#crop"},
				"east": {"uv": [8, 9, 9, 10], "texture": "#crop"},
				"south": {"uv": [8, 10, 9, 9], "rotation": 180, "texture": "#crop"},
				"west": {"uv": [8, 9, 9, 10], "texture": "#crop"},
				"up": {"uv": [9, 9, 8, 10], "texture": "#crop"},
				"down": {"uv": [8, 9, 9, 10], "rotation": 180, "texture": "#crop"}
			}
		},
		{
			"name": "potatoes_stage2_10",
			"from": [9, 4, 7.6],
			"to": [10, 5, 8.35],
			"faces": {
				"north": {"uv": [6, 10, 7, 11], "texture": "#crop"},
				"east": {"uv": [6, 10, 7, 11], "texture": "#crop"},
				"south": {"uv": [6, 11, 7, 10], "rotation": 180, "texture": "#crop"},
				"west": {"uv": [6, 10, 7, 11], "texture": "#crop"},
				"up": {"uv": [7, 10, 6, 11], "texture": "#crop"},
				"down": {"uv": [6, 10, 7, 11], "rotation": 180, "texture": "#crop"}
			}
		},
		{
			"name": "potatoes_stage2_11",
			"from": [8, 4, 7.6],
			"to": [9, 5, 8.35],
			"faces": {
				"north": {"uv": [7, 10, 8, 11], "texture": "#crop"},
				"east": {"uv": [7, 10, 8, 11], "texture": "#crop"},
				"south": {"uv": [7, 11, 8, 10], "rotation": 180, "texture": "#crop"},
				"west": {"uv": [7, 10, 8, 11], "texture": "#crop"},
				"up": {"uv": [8, 10, 7, 11], "texture": "#crop"},
				"down": {"uv": [7, 10, 8, 11], "rotation": 180, "texture": "#crop"}
			}
		},
		{
			"name": "potatoes_stage2_12",
			"from": [7, 4, 7.6],
			"to": [8, 5, 8.35],
			"faces": {
				"north": {"uv": [8, 10, 9, 11], "texture": "#crop"},
				"east": {"uv": [8, 10, 9, 11], "texture": "#crop"},
				"south": {"uv": [8, 11, 9, 10], "rotation": 180, "texture": "#crop"},
				"west": {"uv": [8, 10, 9, 11], "texture": "#crop"},
				"up": {"uv": [9, 10, 8, 11], "texture": "#crop"},
				"down": {"uv": [8, 10, 9, 11], "rotation": 180, "texture": "#crop"}
			}
		},
		{
			"name": "potatoes_stage2_14",
			"from": [8, 3, 7.6],
			"to": [9, 4, 8.35],
			"faces": {
				"north": {"uv": [7, 11, 8, 12], "texture": "#crop"},
				"east": {"uv": [7, 11, 8, 12], "texture": "#crop"},
				"south": {"uv": [7, 12, 8, 11], "rotation": 180, "texture": "#crop"},
				"west": {"uv": [7, 11, 8, 12], "texture": "#crop"},
				"up": {"uv": [8, 11, 7, 12], "texture": "#crop"},
				"down": {"uv": [7, 11, 8, 12], "rotation": 180, "texture": "#crop"}
			}
		},
		{
			"name": "potatoes_stage2_15",
			"from": [7, 3, 7.6],
			"to": [8, 4, 8.35],
			"faces": {
				"north": {"uv": [8, 11, 9, 12], "texture": "#crop"},
				"east": {"uv": [8, 11, 9, 12], "texture": "#crop"},
				"south": {"uv": [8, 12, 9, 11], "rotation": 180, "texture": "#crop"},
				"west": {"uv": [8, 11, 9, 12], "texture": "#crop"},
				"up": {"uv": [9, 11, 8, 12], "texture": "#crop"},
				"down": {"uv": [8, 11, 9, 12], "rotation": 180, "texture": "#crop"}
			}
		},
		{
			"name": "potatoes_stage2_16",
			"from": [6, 3, 7.6],
			"to": [7, 4, 8.35],
			"faces": {
				"north": {"uv": [9, 11, 10, 12], "texture": "#crop"},
				"east": {"uv": [9, 11, 10, 12], "texture": "#crop"},
				"south": {"uv": [9, 12, 10, 11], "rotation": 180, "texture": "#crop"},
				"west": {"uv": [9, 11, 10, 12], "texture": "#crop"},
				"up": {"uv": [10, 11, 9, 12], "texture": "#crop"},
				"down": {"uv": [9, 11, 10, 12], "rotation": 180, "texture": "#crop"}
			}
		},
		{
			"name": "potatoes_stage2_18",
			"from": [8, 2, 7.6],
			"to": [9, 3, 8.35],
			"faces": {
				"north": {"uv": [7, 12, 8, 13], "texture": "#crop"},
				"east": {"uv": [7, 12, 8, 13], "texture": "#crop"},
				"south": {"uv": [7, 13, 8, 12], "rotation": 180, "texture": "#crop"},
				"west": {"uv": [7, 12, 8, 13], "texture": "#crop"},
				"up": {"uv": [8, 12, 7, 13], "texture": "#crop"},
				"down": {"uv": [7, 12, 8, 13], "rotation": 180, "texture": "#crop"}
			}
		},
		{
			"name": "potatoes_stage2_19",
			"from": [7, 2, 7.6],
			"to": [8, 3, 8.35],
			"faces": {
				"north": {"uv": [8, 12, 9, 13], "texture": "#crop"},
				"east": {"uv": [8, 12, 9, 13], "texture": "#crop"},
				"south": {"uv": [8, 13, 9, 12], "rotation": 180, "texture": "#crop"},
				"west": {"uv": [8, 12, 9, 13], "texture": "#crop"},
				"up": {"uv": [9, 12, 8, 13], "texture": "#crop"},
				"down": {"uv": [8, 12, 9, 13], "rotation": 180, "texture": "#crop"}
			}
		},
		{
			"name": "potatoes_stage2_24",
			"from": [7, 1, 7.6],
			"to": [8, 2, 8.35],
			"faces": {
				"north": {"uv": [8, 13, 9, 14], "texture": "#crop"},
				"east": {"uv": [8, 13, 9, 14], "texture": "#crop"},
				"south": {"uv": [8, 14, 9, 13], "rotation": 180, "texture": "#crop"},
				"west": {"uv": [8, 13, 9, 14], "texture": "#crop"},
				"up": {"uv": [9, 13, 8, 14], "texture": "#crop"},
				"down": {"uv": [8, 13, 9, 14], "rotation": 180, "texture": "#crop"}
			}
		},
		{
			"name": "potatoes_stage2_25",
			"from": [6, 1, 7.6],
			"to": [7, 2, 8.35],
			"faces": {
				"north": {"uv": [9, 13, 10, 14], "texture": "#crop"},
				"east": {"uv": [9, 13, 10, 14], "texture": "#crop"},
				"south": {"uv": [9, 14, 10, 13], "rotation": 180, "texture": "#crop"},
				"west": {"uv": [9, 13, 10, 14], "texture": "#crop"},
				"up": {"uv": [10, 13, 9, 14], "texture": "#crop"},
				"down": {"uv": [9, 13, 10, 14], "rotation": 180, "texture": "#crop"}
			}
		},
		{
			"name": "potatoes_stage2_22",
			"from": [9, 1, 7.6],
			"to": [10, 2, 8.35],
			"faces": {
				"north": {"uv": [6, 13, 7, 14], "texture": "#crop"},
				"east": {"uv": [6, 13, 7, 14], "texture": "#crop"},
				"south": {"uv": [6, 14, 7, 13], "rotation": 180, "texture": "#crop"},
				"west": {"uv": [6, 13, 7, 14], "texture": "#crop"},
				"up": {"uv": [7, 13, 6, 14], "texture": "#crop"},
				"down": {"uv": [6, 13, 7, 14], "rotation": 180, "texture": "#crop"}
			}
		},
		{
			"name": "potatoes_stage2_28",
			"from": [9, 0, 7.6],
			"to": [10, 1, 8.35],
			"faces": {
				"north": {"uv": [6, 14, 7, 15], "texture": "#crop"},
				"east": {"uv": [6, 14, 7, 15], "texture": "#crop"},
				"south": {"uv": [6, 15, 7, 14], "rotation": 180, "texture": "#crop"},
				"west": {"uv": [6, 14, 7, 15], "texture": "#crop"},
				"up": {"uv": [7, 14, 6, 15], "texture": "#crop"},
				"down": {"uv": [6, 14, 7, 15], "rotation": 180, "texture": "#crop"}
			}
		},
		{
			"name": "potatoes_stage2_23",
			"from": [8, 1, 7.6],
			"to": [9, 2, 8.35],
			"faces": {
				"north": {"uv": [7, 13, 8, 14], "texture": "#crop"},
				"east": {"uv": [7, 13, 8, 14], "texture": "#crop"},
				"south": {"uv": [7, 14, 8, 13], "rotation": 180, "texture": "#crop"},
				"west": {"uv": [7, 13, 8, 14], "texture": "#crop"},
				"up": {"uv": [8, 13, 7, 14], "texture": "#crop"},
				"down": {"uv": [7, 13, 8, 14], "rotation": 180, "texture": "#crop"}
			}
		},
		{
			"name": "potatoes_stage2_31",
			"from": [6, 0, 7.6],
			"to": [7, 1, 8.35],
			"faces": {
				"north": {"uv": [9, 14, 10, 15], "texture": "#crop"},
				"east": {"uv": [9, 14, 10, 15], "texture": "#crop"},
				"south": {"uv": [9, 15, 10, 14], "rotation": 180, "texture": "#crop"},
				"west": {"uv": [9, 14, 10, 15], "texture": "#crop"},
				"up": {"uv": [10, 14, 9, 15], "texture": "#crop"},
				"down": {"uv": [9, 14, 10, 15], "rotation": 180, "texture": "#crop"}
			}
		},
		{
			"name": "potatoes_stage2_1",
			"from": [7.6, 9, 8.33333],
			"to": [8.35, 9.9, 9.33333],
			"rotation": {"angle": 0, "axis": "y", "origin": [7.975, 4.79167, 8.16667]},
			"faces": {
				"north": {"uv": [7, 5, 8, 6], "texture": "#crop"},
				"east": {"uv": [7, 5, 8, 6], "texture": "#crop"},
				"south": {"uv": [7, 5, 8, 6], "texture": "#crop"},
				"west": {"uv": [7, 6, 8, 5], "rotation": 180, "texture": "#crop"},
				"up": {"uv": [8, 5, 7, 6], "rotation": 90, "texture": "#crop"},
				"down": {"uv": [7, 5, 8, 6], "rotation": 90, "texture": "#crop"}
			}
		},
		{
			"name": "potatoes_stage2_2",
			"from": [7.6, 9, 7.33333],
			"to": [8.35, 9.9, 8.33333],
			"rotation": {"angle": 0, "axis": "y", "origin": [7.975, 4.79167, 8.16667]},
			"faces": {
				"north": {"uv": [8, 5, 9, 6], "texture": "#crop"},
				"east": {"uv": [8, 5, 9, 6], "texture": "#crop"},
				"south": {"uv": [8, 5, 9, 6], "texture": "#crop"},
				"west": {"uv": [8, 6, 9, 5], "rotation": 180, "texture": "#crop"},
				"up": {"uv": [9, 5, 8, 6], "rotation": 90, "texture": "#crop"},
				"down": {"uv": [8, 5, 9, 6], "rotation": 90, "texture": "#crop"}
			}
		},
		{
			"name": "potatoes_stage3_3",
			"from": [7.6, 8, 9.33333],
			"to": [8.35, 9, 10.33333],
			"rotation": {"angle": 0, "axis": "y", "origin": [7.975, 4.79167, 8.16667]},
			"faces": {
				"north": {"uv": [6, 6, 7, 7], "texture": "#crop"},
				"east": {"uv": [6, 6, 7, 7], "texture": "#crop"},
				"south": {"uv": [6, 6, 7, 7], "texture": "#crop"},
				"west": {"uv": [6, 7, 7, 6], "rotation": 180, "texture": "#crop"},
				"up": {"uv": [7, 6, 6, 7], "rotation": 90, "texture": "#crop"},
				"down": {"uv": [6, 6, 7, 7], "rotation": 90, "texture": "#crop"}
			}
		},
		{
			"name": "potatoes_stage2_4",
			"from": [7.6, 8, 6.33333],
			"to": [8.35, 9, 7.33333],
			"rotation": {"angle": 0, "axis": "y", "origin": [7.975, 4.79167, 8.16667]},
			"faces": {
				"north": {"uv": [9, 6, 10, 7], "texture": "#crop"},
				"east": {"uv": [9, 6, 10, 7], "texture": "#crop"},
				"south": {"uv": [9, 6, 10, 7], "texture": "#crop"},
				"west": {"uv": [9, 7, 10, 6], "rotation": 180, "texture": "#crop"},
				"up": {"uv": [10, 6, 9, 7], "rotation": 90, "texture": "#crop"},
				"down": {"uv": [9, 6, 10, 7], "rotation": 90, "texture": "#crop"}
			}
		},
		{
			"name": "potatoes_stage2_5",
			"from": [7.6, 8, 5.33333],
			"to": [8.35, 9, 6.33333],
			"rotation": {"angle": 0, "axis": "y", "origin": [7.975, 4.79167, 8.16667]},
			"faces": {
				"north": {"uv": [10, 6, 11, 7], "texture": "#crop"},
				"east": {"uv": [10, 6, 11, 7], "texture": "#crop"},
				"south": {"uv": [10, 6, 11, 7], "texture": "#crop"},
				"west": {"uv": [10, 7, 11, 6], "rotation": 180, "texture": "#crop"},
				"up": {"uv": [11, 6, 10, 7], "rotation": 90, "texture": "#crop"},
				"down": {"uv": [10, 6, 11, 7], "rotation": 90, "texture": "#crop"}
			}
		},
		{
			"name": "potatoes_stage2_6",
			"from": [7.6, 7, 9.33333],
			"to": [8.35, 8, 10.33333],
			"rotation": {"angle": 0, "axis": "y", "origin": [7.975, 4.79167, 8.16667]},
			"faces": {
				"north": {"uv": [6, 7, 7, 8], "texture": "#crop"},
				"east": {"uv": [6, 7, 7, 8], "texture": "#crop"},
				"south": {"uv": [6, 7, 7, 8], "texture": "#crop"},
				"west": {"uv": [6, 8, 7, 7], "rotation": 180, "texture": "#crop"},
				"up": {"uv": [7, 7, 6, 8], "rotation": 90, "texture": "#crop"},
				"down": {"uv": [6, 7, 7, 8], "rotation": 90, "texture": "#crop"}
			}
		},
		{
			"name": "potatoes_stage2_7",
			"from": [7.6, 7, 8.33333],
			"to": [8.35, 8, 9.33333],
			"rotation": {"angle": 0, "axis": "y", "origin": [7.975, 4.79167, 8.16667]},
			"faces": {
				"north": {"uv": [7, 7, 8, 8], "texture": "#crop"},
				"east": {"uv": [7, 7, 8, 8], "texture": "#crop"},
				"south": {"uv": [7, 7, 8, 8], "texture": "#crop"},
				"west": {"uv": [7, 8, 8, 7], "rotation": 180, "texture": "#crop"},
				"up": {"uv": [8, 7, 7, 8], "rotation": 90, "texture": "#crop"},
				"down": {"uv": [7, 7, 8, 8], "rotation": 90, "texture": "#crop"}
			}
		},
		{
			"name": "potatoes_stage2_8",
			"from": [7.6, 7, 6.33333],
			"to": [8.35, 8, 7.33333],
			"rotation": {"angle": 0, "axis": "y", "origin": [7.975, 4.79167, 8.16667]},
			"faces": {
				"north": {"uv": [9, 7, 10, 8], "texture": "#crop"},
				"east": {"uv": [9, 7, 10, 8], "texture": "#crop"},
				"south": {"uv": [9, 7, 10, 8], "texture": "#crop"},
				"west": {"uv": [9, 8, 10, 7], "rotation": 180, "texture": "#crop"},
				"up": {"uv": [10, 7, 9, 8], "rotation": 90, "texture": "#crop"},
				"down": {"uv": [9, 7, 10, 8], "rotation": 90, "texture": "#crop"}
			}
		},
		{
			"name": "potatoes_stage2_9",
			"from": [7.6, 6, 6.33333],
			"to": [8.35, 7, 7.33333],
			"rotation": {"angle": 0, "axis": "y", "origin": [7.975, 4.79167, 8.16667]},
			"faces": {
				"north": {"uv": [9, 8, 10, 9], "texture": "#crop"},
				"east": {"uv": [9, 8, 10, 9], "texture": "#crop"},
				"south": {"uv": [9, 8, 10, 9], "texture": "#crop"},
				"west": {"uv": [9, 9, 10, 8], "rotation": 180, "texture": "#crop"},
				"up": {"uv": [10, 8, 9, 9], "rotation": 90, "texture": "#crop"},
				"down": {"uv": [9, 8, 10, 9], "rotation": 90, "texture": "#crop"}
			}
		},
		{
			"name": "potatoes_stage2_10",
			"from": [7.6, 5, 7.33333],
			"to": [8.35, 6, 8.33333],
			"rotation": {"angle": 0, "axis": "y", "origin": [7.975, 4.79167, 8.16667]},
			"faces": {
				"north": {"uv": [8, 9, 9, 10], "texture": "#crop"},
				"east": {"uv": [8, 9, 9, 10], "texture": "#crop"},
				"south": {"uv": [8, 9, 9, 10], "texture": "#crop"},
				"west": {"uv": [8, 10, 9, 9], "rotation": 180, "texture": "#crop"},
				"up": {"uv": [9, 9, 8, 10], "rotation": 90, "texture": "#crop"},
				"down": {"uv": [8, 9, 9, 10], "rotation": 90, "texture": "#crop"}
			}
		},
		{
			"name": "potatoes_stage2_11",
			"from": [7.6, 4, 9.33333],
			"to": [8.35, 5, 10.33333],
			"rotation": {"angle": 0, "axis": "y", "origin": [7.975, 4.79167, 8.16667]},
			"faces": {
				"north": {"uv": [6, 10, 7, 11], "texture": "#crop"},
				"east": {"uv": [6, 10, 7, 11], "texture": "#crop"},
				"south": {"uv": [6, 10, 7, 11], "texture": "#crop"},
				"west": {"uv": [6, 11, 7, 10], "rotation": 180, "texture": "#crop"},
				"up": {"uv": [7, 10, 6, 11], "rotation": 90, "texture": "#crop"},
				"down": {"uv": [6, 10, 7, 11], "rotation": 90, "texture": "#crop"}
			}
		},
		{
			"name": "potatoes_stage2_12",
			"from": [7.6, 4, 8.33333],
			"to": [8.35, 5, 9.33333],
			"rotation": {"angle": 0, "axis": "y", "origin": [7.975, 4.79167, 8.16667]},
			"faces": {
				"north": {"uv": [7, 10, 8, 11], "texture": "#crop"},
				"east": {"uv": [7, 10, 8, 11], "texture": "#crop"},
				"south": {"uv": [7, 10, 8, 11], "texture": "#crop"},
				"west": {"uv": [7, 11, 8, 10], "rotation": 180, "texture": "#crop"},
				"up": {"uv": [8, 10, 7, 11], "rotation": 90, "texture": "#crop"},
				"down": {"uv": [7, 10, 8, 11], "rotation": 90, "texture": "#crop"}
			}
		},
		{
			"name": "potatoes_stage2_13",
			"from": [7.6, 4, 7.33333],
			"to": [8.35, 5, 8.33333],
			"rotation": {"angle": 0, "axis": "y", "origin": [7.975, 4.79167, 8.16667]},
			"faces": {
				"north": {"uv": [8, 10, 9, 11], "texture": "#crop"},
				"east": {"uv": [8, 10, 9, 11], "texture": "#crop"},
				"south": {"uv": [8, 10, 9, 11], "texture": "#crop"},
				"west": {"uv": [8, 11, 9, 10], "rotation": 180, "texture": "#crop"},
				"up": {"uv": [9, 10, 8, 11], "rotation": 90, "texture": "#crop"},
				"down": {"uv": [8, 10, 9, 11], "rotation": 90, "texture": "#crop"}
			}
		},
		{
			"name": "potatoes_stage2_15",
			"from": [7.6, 3, 8.33333],
			"to": [8.35, 4, 9.33333],
			"rotation": {"angle": 0, "axis": "y", "origin": [7.975, 4.79167, 8.16667]},
			"faces": {
				"north": {"uv": [7, 11, 8, 12], "texture": "#crop"},
				"east": {"uv": [7, 11, 8, 12], "texture": "#crop"},
				"south": {"uv": [7, 11, 8, 12], "texture": "#crop"},
				"west": {"uv": [7, 12, 8, 11], "rotation": 180, "texture": "#crop"},
				"up": {"uv": [8, 11, 7, 12], "rotation": 90, "texture": "#crop"},
				"down": {"uv": [7, 11, 8, 12], "rotation": 90, "texture": "#crop"}
			}
		},
		{
			"name": "potatoes_stage2_16",
			"from": [7.6, 3, 7.33333],
			"to": [8.35, 4, 8.33333],
			"rotation": {"angle": 0, "axis": "y", "origin": [7.975, 4.79167, 8.16667]},
			"faces": {
				"north": {"uv": [8, 11, 9, 12], "texture": "#crop"},
				"east": {"uv": [8, 11, 9, 12], "texture": "#crop"},
				"south": {"uv": [8, 11, 9, 12], "texture": "#crop"},
				"west": {"uv": [8, 12, 9, 11], "rotation": 180, "texture": "#crop"},
				"up": {"uv": [9, 11, 8, 12], "rotation": 90, "texture": "#crop"},
				"down": {"uv": [8, 11, 9, 12], "rotation": 90, "texture": "#crop"}
			}
		},
		{
			"name": "potatoes_stage2_17",
			"from": [7.6, 3, 6.33333],
			"to": [8.35, 4, 7.33333],
			"rotation": {"angle": 0, "axis": "y", "origin": [7.975, 4.79167, 8.16667]},
			"faces": {
				"north": {"uv": [9, 11, 10, 12], "texture": "#crop"},
				"east": {"uv": [9, 11, 10, 12], "texture": "#crop"},
				"south": {"uv": [9, 11, 10, 12], "texture": "#crop"},
				"west": {"uv": [9, 12, 10, 11], "rotation": 180, "texture": "#crop"},
				"up": {"uv": [10, 11, 9, 12], "rotation": 90, "texture": "#crop"},
				"down": {"uv": [9, 11, 10, 12], "rotation": 90, "texture": "#crop"}
			}
		},
		{
			"name": "potatoes_stage2_19",
			"from": [7.6, 2, 8.33333],
			"to": [8.35, 3, 9.33333],
			"rotation": {"angle": 0, "axis": "y", "origin": [7.975, 4.79167, 8.16667]},
			"faces": {
				"north": {"uv": [7, 12, 8, 13], "texture": "#crop"},
				"east": {"uv": [7, 12, 8, 13], "texture": "#crop"},
				"south": {"uv": [7, 12, 8, 13], "texture": "#crop"},
				"west": {"uv": [7, 13, 8, 12], "rotation": 180, "texture": "#crop"},
				"up": {"uv": [8, 12, 7, 13], "rotation": 90, "texture": "#crop"},
				"down": {"uv": [7, 12, 8, 13], "rotation": 90, "texture": "#crop"}
			}
		},
		{
			"name": "potatoes_stage2_20",
			"from": [7.6, 2, 7.33333],
			"to": [8.35, 3, 8.33333],
			"rotation": {"angle": 0, "axis": "y", "origin": [7.975, 4.79167, 8.16667]},
			"faces": {
				"north": {"uv": [8, 12, 9, 13], "texture": "#crop"},
				"east": {"uv": [8, 12, 9, 13], "texture": "#crop"},
				"south": {"uv": [8, 12, 9, 13], "texture": "#crop"},
				"west": {"uv": [8, 13, 9, 12], "rotation": 180, "texture": "#crop"},
				"up": {"uv": [9, 12, 8, 13], "rotation": 90, "texture": "#crop"},
				"down": {"uv": [8, 12, 9, 13], "rotation": 90, "texture": "#crop"}
			}
		},
		{
			"name": "potatoes_stage2_25",
			"from": [7.6, 1, 7.33333],
			"to": [8.35, 2, 8.33333],
			"rotation": {"angle": 0, "axis": "y", "origin": [7.975, 4.79167, 8.16667]},
			"faces": {
				"north": {"uv": [8, 13, 9, 14], "texture": "#crop"},
				"east": {"uv": [8, 13, 9, 14], "texture": "#crop"},
				"south": {"uv": [8, 13, 9, 14], "texture": "#crop"},
				"west": {"uv": [8, 14, 9, 13], "rotation": 180, "texture": "#crop"},
				"up": {"uv": [9, 13, 8, 14], "rotation": 90, "texture": "#crop"},
				"down": {"uv": [8, 13, 9, 14], "rotation": 90, "texture": "#crop"}
			}
		},
		{
			"name": "potatoes_stage2_26",
			"from": [7.6, 1, 6.33333],
			"to": [8.35, 2, 7.33333],
			"rotation": {"angle": 0, "axis": "y", "origin": [7.975, 4.79167, 8.16667]},
			"faces": {
				"north": {"uv": [9, 13, 10, 14], "texture": "#crop"},
				"east": {"uv": [9, 13, 10, 14], "texture": "#crop"},
				"south": {"uv": [9, 13, 10, 14], "texture": "#crop"},
				"west": {"uv": [9, 14, 10, 13], "rotation": 180, "texture": "#crop"},
				"up": {"uv": [10, 13, 9, 14], "rotation": 90, "texture": "#crop"},
				"down": {"uv": [9, 13, 10, 14], "rotation": 90, "texture": "#crop"}
			}
		},
		{
			"name": "potatoes_stage2_23",
			"from": [7.6, 1, 9.33333],
			"to": [8.35, 2, 10.33333],
			"rotation": {"angle": 0, "axis": "y", "origin": [7.975, 4.79167, 8.16667]},
			"faces": {
				"north": {"uv": [6, 13, 7, 14], "texture": "#crop"},
				"east": {"uv": [6, 13, 7, 14], "texture": "#crop"},
				"south": {"uv": [6, 13, 7, 14], "texture": "#crop"},
				"west": {"uv": [6, 14, 7, 13], "rotation": 180, "texture": "#crop"},
				"up": {"uv": [7, 13, 6, 14], "rotation": 90, "texture": "#crop"},
				"down": {"uv": [6, 13, 7, 14], "rotation": 90, "texture": "#crop"}
			}
		},
		{
			"name": "potatoes_stage2_29",
			"from": [7.6, 0, 9.33333],
			"to": [8.35, 1, 10.33333],
			"rotation": {"angle": 0, "axis": "y", "origin": [7.975, 4.79167, 8.16667]},
			"faces": {
				"north": {"uv": [6, 14, 7, 15], "texture": "#crop"},
				"east": {"uv": [6, 14, 7, 15], "texture": "#crop"},
				"south": {"uv": [6, 14, 7, 15], "texture": "#crop"},
				"west": {"uv": [6, 15, 7, 14], "rotation": 180, "texture": "#crop"},
				"up": {"uv": [7, 14, 6, 15], "rotation": 90, "texture": "#crop"},
				"down": {"uv": [6, 14, 7, 15], "rotation": 90, "texture": "#crop"}
			}
		},
		{
			"name": "potatoes_stage2_24",
			"from": [7.6, 1, 8.33333],
			"to": [8.35, 2, 9.33333],
			"rotation": {"angle": 0, "axis": "y", "origin": [7.975, 4.79167, 8.16667]},
			"faces": {
				"north": {"uv": [7, 13, 8, 14], "texture": "#crop"},
				"east": {"uv": [7, 13, 8, 14], "texture": "#crop"},
				"south": {"uv": [7, 13, 8, 14], "texture": "#crop"},
				"west": {"uv": [7, 14, 8, 13], "rotation": 180, "texture": "#crop"},
				"up": {"uv": [8, 13, 7, 14], "rotation": 90, "texture": "#crop"},
				"down": {"uv": [7, 13, 8, 14], "rotation": 90, "texture": "#crop"}
			}
		},
		{
			"name": "potatoes_stage2_32",
			"from": [7.6, 0, 6.33333],
			"to": [8.35, 1, 7.33333],
			"rotation": {"angle": 0, "axis": "y", "origin": [7.975, 4.79167, 8.16667]},
			"faces": {
				"north": {"uv": [9, 14, 10, 15], "texture": "#crop"},
				"east": {"uv": [9, 14, 10, 15], "texture": "#crop"},
				"south": {"uv": [9, 14, 10, 15], "texture": "#crop"},
				"west": {"uv": [9, 15, 10, 14], "rotation": 180, "texture": "#crop"},
				"up": {"uv": [10, 14, 9, 15], "rotation": 90, "texture": "#crop"},
				"down": {"uv": [9, 14, 10, 15], "rotation": 90, "texture": "#crop"}
			}
		},
		{
			"name": "potatoes_stage2_44",
			"from": [1, -1, 1.75],
			"to": [2, 0, 5.75],
			"faces": {
				"north": {"uv": [13, 15, 14, 16], "texture": "#crop"},
				"east": {"uv": [13, 15, 14, 16], "texture": "#crop"},
				"south": {"uv": [13, 16, 14, 15], "rotation": 180, "texture": "#crop"},
				"west": {"uv": [10, 15, 14, 16], "texture": "#crop"},
				"up": {"uv": [14, 15, 10, 16], "rotation": 90, "texture": "#crop"},
				"down": {"uv": [13, 15, 14, 16], "rotation": 180, "texture": "#crop"}
			}
		},
		{
			"name": "potatoes_stage2_43",
			"from": [2, -1, 1.75],
			"to": [3, 0, 5.75],
			"faces": {
				"north": {"uv": [12, 15, 13, 16], "texture": "#crop"},
				"east": {"uv": [12, 15, 13, 16], "texture": "#crop"},
				"south": {"uv": [12, 16, 13, 15], "rotation": 180, "texture": "#crop"},
				"west": {"uv": [12, 15, 13, 16], "texture": "#crop"},
				"up": {"uv": [13, 15, 12, 16], "texture": "#crop"},
				"down": {"uv": [12, 15, 13, 16], "rotation": 180, "texture": "#crop"}
			}
		},
		{
			"name": "potatoes_stage2_42",
			"from": [3, -1, 1.75],
			"to": [4, 0, 5.75],
			"faces": {
				"north": {"uv": [11, 15, 12, 16], "texture": "#crop"},
				"east": {"uv": [11, 15, 12, 16], "texture": "#crop"},
				"south": {"uv": [11, 16, 12, 15], "rotation": 180, "texture": "#crop"},
				"west": {"uv": [11, 15, 12, 16], "texture": "#crop"},
				"up": {"uv": [12, 15, 11, 16], "texture": "#crop"},
				"down": {"uv": [11, 15, 12, 16], "rotation": 180, "texture": "#crop"}
			}
		},
		{
			"name": "potatoes_stage2_41",
			"from": [4, -1, 1.75],
			"to": [5, 0, 5.75],
			"faces": {
				"north": {"uv": [10, 15, 11, 16], "texture": "#crop"},
				"east": {"uv": [10, 15, 14, 16], "texture": "#crop"},
				"south": {"uv": [10, 16, 11, 15], "rotation": 180, "texture": "#crop"},
				"west": {"uv": [10, 15, 11, 16], "texture": "#crop"},
				"up": {"uv": [10, 15, 14, 16], "rotation": 90, "texture": "#crop"},
				"down": {"uv": [10, 15, 11, 16], "rotation": 180, "texture": "#crop"}
			}
		},
		{
			"name": "potatoes_stage2_45",
			"from": [1, -1, 1.75],
			"to": [2, 0, 5.75],
			"faces": {
				"north": {"uv": [13, 15, 14, 16], "texture": "#crop"},
				"east": {"uv": [13, 15, 14, 16], "texture": "#crop"},
				"south": {"uv": [13, 16, 14, 15], "rotation": 180, "texture": "#crop"},
				"west": {"uv": [10, 15, 14, 16], "texture": "#crop"},
				"up": {"uv": [14, 15, 10, 16], "rotation": 90, "texture": "#crop"},
				"down": {"uv": [13, 15, 14, 16], "rotation": 180, "texture": "#crop"}
			}
		},
		{
			"name": "potatoes_stage2_44",
			"from": [2, -1, 1.75],
			"to": [3, 0, 5.75],
			"faces": {
				"north": {"uv": [12, 15, 13, 16], "texture": "#crop"},
				"east": {"uv": [12, 15, 13, 16], "texture": "#crop"},
				"south": {"uv": [12, 16, 13, 15], "rotation": 180, "texture": "#crop"},
				"west": {"uv": [12, 15, 13, 16], "texture": "#crop"},
				"up": {"uv": [13, 15, 12, 16], "texture": "#crop"},
				"down": {"uv": [12, 15, 13, 16], "rotation": 180, "texture": "#crop"}
			}
		},
		{
			"name": "potatoes_stage2_43",
			"from": [3, -1, 1.75],
			"to": [4, 0, 5.75],
			"faces": {
				"north": {"uv": [11, 15, 12, 16], "texture": "#crop"},
				"east": {"uv": [11, 15, 12, 16], "texture": "#crop"},
				"south": {"uv": [11, 16, 12, 15], "rotation": 180, "texture": "#crop"},
				"west": {"uv": [11, 15, 12, 16], "texture": "#crop"},
				"up": {"uv": [12, 15, 11, 16], "texture": "#crop"},
				"down": {"uv": [11, 15, 12, 16], "rotation": 180, "texture": "#crop"}
			}
		},
		{
			"name": "potatoes_stage2_42",
			"from": [4, -1, 1.75],
			"to": [5, 0, 5.75],
			"faces": {
				"north": {"uv": [10, 15, 11, 16], "texture": "#crop"},
				"east": {"uv": [10, 15, 14, 16], "texture": "#crop"},
				"south": {"uv": [10, 16, 11, 15], "rotation": 180, "texture": "#crop"},
				"west": {"uv": [10, 15, 11, 16], "texture": "#crop"},
				"up": {"uv": [10, 15, 14, 16], "rotation": 90, "texture": "#crop"},
				"down": {"uv": [10, 15, 11, 16], "rotation": 180, "texture": "#crop"}
			}
		},
		{
			"name": "potatoes_stage2_33",
			"from": [1, 0, 3.35],
			"to": [2, 1, 4.1],
			"faces": {
				"north": {"uv": [13, 14, 14, 15], "texture": "#crop"},
				"east": {"uv": [13, 14, 14, 15], "texture": "#crop"},
				"south": {"uv": [13, 15, 14, 14], "rotation": 180, "texture": "#crop"},
				"west": {"uv": [13, 14, 14, 15], "texture": "#crop"},
				"up": {"uv": [14, 14, 13, 15], "texture": "#crop"},
				"down": {"uv": [13, 14, 14, 15], "rotation": 180, "texture": "#crop"}
			}
		},
		{
			"name": "potatoes_stage2_26",
			"from": [3, 1, 3.35],
			"to": [4, 2, 4.1],
			"faces": {
				"north": {"uv": [11, 13, 12, 14], "texture": "#crop"},
				"east": {"uv": [11, 13, 12, 14], "texture": "#crop"},
				"south": {"uv": [11, 14, 12, 13], "rotation": 180, "texture": "#crop"},
				"west": {"uv": [11, 13, 12, 14], "texture": "#crop"},
				"up": {"uv": [12, 13, 11, 14], "texture": "#crop"},
				"down": {"uv": [11, 13, 12, 14], "rotation": 180, "texture": "#crop"}
			}
		},
		{
			"name": "potatoes_stage2_20",
			"from": [2, 2, 3.35],
			"to": [3, 3, 4.1],
			"faces": {
				"north": {"uv": [12, 12, 13, 13], "texture": "#crop"},
				"east": {"uv": [12, 12, 13, 13], "texture": "#crop"},
				"south": {"uv": [12, 13, 13, 12], "rotation": 180, "texture": "#crop"},
				"west": {"uv": [12, 12, 13, 13], "texture": "#crop"},
				"up": {"uv": [13, 12, 12, 13], "texture": "#crop"},
				"down": {"uv": [12, 12, 13, 13], "rotation": 180, "texture": "#crop"}
			}
		},
		{
			"name": "potatoes_stage2_32",
			"from": [4, 0, 3.35],
			"to": [5, 1, 4.1],
			"faces": {
				"north": {"uv": [10, 14, 11, 15], "texture": "#crop"},
				"east": {"uv": [10, 14, 11, 15], "texture": "#crop"},
				"south": {"uv": [10, 15, 11, 14], "rotation": 180, "texture": "#crop"},
				"west": {"uv": [10, 14, 11, 15], "texture": "#crop"},
				"up": {"uv": [11, 14, 10, 15], "texture": "#crop"},
				"down": {"uv": [10, 14, 11, 15], "rotation": 180, "texture": "#crop"}
			}
		},
		{
			"name": "potatoes_stage2_33",
			"from": [4, 0, 3.35],
			"to": [5, 1, 4.1],
			"faces": {
				"north": {"uv": [10, 14, 11, 15], "texture": "#crop"},
				"east": {"uv": [10, 14, 11, 15], "texture": "#crop"},
				"south": {"uv": [10, 15, 11, 14], "rotation": 180, "texture": "#crop"},
				"west": {"uv": [10, 14, 11, 15], "texture": "#crop"},
				"up": {"uv": [11, 14, 10, 15], "texture": "#crop"},
				"down": {"uv": [10, 14, 11, 15], "rotation": 180, "texture": "#crop"}
			}
		},
		{
			"name": "potatoes_stage2_34",
			"from": [1, 0, 3.35],
			"to": [2, 1, 4.1],
			"faces": {
				"north": {"uv": [13, 14, 14, 15], "texture": "#crop"},
				"east": {"uv": [13, 14, 14, 15], "texture": "#crop"},
				"south": {"uv": [13, 15, 14, 14], "rotation": 180, "texture": "#crop"},
				"west": {"uv": [13, 14, 14, 15], "texture": "#crop"},
				"up": {"uv": [14, 14, 13, 15], "texture": "#crop"},
				"down": {"uv": [13, 14, 14, 15], "rotation": 180, "texture": "#crop"}
			}
		},
		{
			"name": "potatoes_stage2_27",
			"from": [3, 1, 3.35],
			"to": [4, 2, 4.1],
			"faces": {
				"north": {"uv": [11, 13, 12, 14], "texture": "#crop"},
				"east": {"uv": [11, 13, 12, 14], "texture": "#crop"},
				"south": {"uv": [11, 14, 12, 13], "rotation": 180, "texture": "#crop"},
				"west": {"uv": [11, 13, 12, 14], "texture": "#crop"},
				"up": {"uv": [12, 13, 11, 14], "texture": "#crop"},
				"down": {"uv": [11, 13, 12, 14], "rotation": 180, "texture": "#crop"}
			}
		},
		{
			"name": "potatoes_stage2_21",
			"from": [2, 2, 3.35],
			"to": [3, 3, 4.1],
			"faces": {
				"north": {"uv": [12, 12, 13, 13], "texture": "#crop"},
				"east": {"uv": [12, 12, 13, 13], "texture": "#crop"},
				"south": {"uv": [12, 13, 13, 12], "rotation": 180, "texture": "#crop"},
				"west": {"uv": [12, 12, 13, 13], "texture": "#crop"},
				"up": {"uv": [13, 12, 12, 13], "texture": "#crop"},
				"down": {"uv": [12, 12, 13, 13], "rotation": 180, "texture": "#crop"}
			}
		},
		{
			"name": "potatoes_stage2_33",
			"from": [4, 0, 3.35],
			"to": [5, 1, 4.1],
			"faces": {
				"north": {"uv": [10, 14, 11, 15], "texture": "#crop"},
				"east": {"uv": [10, 14, 11, 15], "texture": "#crop"},
				"south": {"uv": [10, 15, 11, 14], "rotation": 180, "texture": "#crop"},
				"west": {"uv": [10, 14, 11, 15], "texture": "#crop"},
				"up": {"uv": [11, 14, 10, 15], "texture": "#crop"},
				"down": {"uv": [10, 14, 11, 15], "rotation": 180, "texture": "#crop"}
			}
		},
		{
			"name": "potatoes_stage2_34",
			"from": [4, 0, 3.35],
			"to": [5, 1, 4.1],
			"faces": {
				"north": {"uv": [10, 14, 11, 15], "texture": "#crop"},
				"east": {"uv": [10, 14, 11, 15], "texture": "#crop"},
				"south": {"uv": [10, 15, 11, 14], "rotation": 180, "texture": "#crop"},
				"west": {"uv": [10, 14, 11, 15], "texture": "#crop"},
				"up": {"uv": [11, 14, 10, 15], "texture": "#crop"},
				"down": {"uv": [10, 14, 11, 15], "rotation": 180, "texture": "#crop"}
			}
		},
		{
			"name": "potatoes_stage2_28",
			"from": [2.6, 0, 2.5],
			"to": [3.35, 1, 3.5],
			"faces": {
				"north": {"uv": [5, 14, 6, 15], "texture": "#crop"},
				"east": {"uv": [5, 15, 6, 14], "rotation": 180, "texture": "#crop"},
				"south": {"uv": [5, 14, 6, 15], "texture": "#crop"},
				"west": {"uv": [5, 14, 6, 15], "texture": "#crop"},
				"up": {"uv": [6, 14, 5, 15], "rotation": 270, "texture": "#crop"},
				"down": {"uv": [5, 14, 6, 15], "rotation": 270, "texture": "#crop"}
			}
		},
		{
			"name": "potatoes_stage2_22",
			"from": [2.6, 1, 2.5],
			"to": [3.35, 2, 3.5],
			"faces": {
				"north": {"uv": [5, 13, 6, 14], "texture": "#crop"},
				"east": {"uv": [5, 14, 6, 13], "rotation": 180, "texture": "#crop"},
				"south": {"uv": [5, 13, 6, 14], "texture": "#crop"},
				"west": {"uv": [5, 13, 6, 14], "texture": "#crop"},
				"up": {"uv": [6, 13, 5, 14], "rotation": 270, "texture": "#crop"},
				"down": {"uv": [5, 13, 6, 14], "rotation": 270, "texture": "#crop"}
			}
		},
		{
			"name": "potatoes_stage2_18",
			"from": [2.6, 2, 1.5],
			"to": [3.35, 3, 2.5],
			"faces": {
				"north": {"uv": [4, 12, 5, 13], "texture": "#crop"},
				"east": {"uv": [4, 13, 5, 12], "rotation": 180, "texture": "#crop"},
				"south": {"uv": [4, 12, 5, 13], "texture": "#crop"},
				"west": {"uv": [4, 12, 5, 13], "texture": "#crop"},
				"up": {"uv": [5, 12, 4, 13], "rotation": 270, "texture": "#crop"},
				"down": {"uv": [4, 12, 5, 13], "rotation": 270, "texture": "#crop"}
			}
		},
		{
			"name": "potatoes_stage2_14",
			"from": [2.6, 3, 1.5],
			"to": [3.35, 4, 2.5],
			"faces": {
				"north": {"uv": [4, 11, 5, 12], "texture": "#crop"},
				"east": {"uv": [4, 12, 5, 11], "rotation": 180, "texture": "#crop"},
				"south": {"uv": [4, 11, 5, 12], "texture": "#crop"},
				"west": {"uv": [4, 11, 5, 12], "texture": "#crop"},
				"up": {"uv": [5, 11, 4, 12], "rotation": 270, "texture": "#crop"},
				"down": {"uv": [4, 11, 5, 12], "rotation": 270, "texture": "#crop"}
			}
		},
		{
			"name": "potatoes_stage2_29",
			"from": [2.6, 0, 2.5],
			"to": [3.35, 1, 3.5],
			"faces": {
				"north": {"uv": [5, 14, 6, 15], "texture": "#crop"},
				"east": {"uv": [5, 15, 6, 14], "rotation": 180, "texture": "#crop"},
				"south": {"uv": [5, 14, 6, 15], "texture": "#crop"},
				"west": {"uv": [5, 14, 6, 15], "texture": "#crop"},
				"up": {"uv": [6, 14, 5, 15], "rotation": 270, "texture": "#crop"},
				"down": {"uv": [5, 14, 6, 15], "rotation": 270, "texture": "#crop"}
			}
		},
		{
			"name": "potatoes_stage2_23",
			"from": [2.6, 1, 2.5],
			"to": [3.35, 2, 3.5],
			"faces": {
				"north": {"uv": [5, 13, 6, 14], "texture": "#crop"},
				"east": {"uv": [5, 14, 6, 13], "rotation": 180, "texture": "#crop"},
				"south": {"uv": [5, 13, 6, 14], "texture": "#crop"},
				"west": {"uv": [5, 13, 6, 14], "texture": "#crop"},
				"up": {"uv": [6, 13, 5, 14], "rotation": 270, "texture": "#crop"},
				"down": {"uv": [5, 13, 6, 14], "rotation": 270, "texture": "#crop"}
			}
		},
		{
			"name": "potatoes_stage2_19",
			"from": [2.6, 2, 1.5],
			"to": [3.35, 3, 2.5],
			"faces": {
				"north": {"uv": [4, 12, 5, 13], "texture": "#crop"},
				"east": {"uv": [4, 13, 5, 12], "rotation": 180, "texture": "#crop"},
				"south": {"uv": [4, 12, 5, 13], "texture": "#crop"},
				"west": {"uv": [4, 12, 5, 13], "texture": "#crop"},
				"up": {"uv": [5, 12, 4, 13], "rotation": 270, "texture": "#crop"},
				"down": {"uv": [4, 12, 5, 13], "rotation": 270, "texture": "#crop"}
			}
		},
		{
			"name": "potatoes_stage2_15",
			"from": [2.6, 3, 1.5],
			"to": [3.35, 4, 2.5],
			"faces": {
				"north": {"uv": [4, 11, 5, 12], "texture": "#crop"},
				"east": {"uv": [4, 12, 5, 11], "rotation": 180, "texture": "#crop"},
				"south": {"uv": [4, 11, 5, 12], "texture": "#crop"},
				"west": {"uv": [4, 11, 5, 12], "texture": "#crop"},
				"up": {"uv": [5, 11, 4, 12], "rotation": 270, "texture": "#crop"},
				"down": {"uv": [4, 11, 5, 12], "rotation": 270, "texture": "#crop"}
			}
		},
		{
			"name": "potatoes_stage2_45",
			"from": [13.482, -1, 10.482],
			"to": [14.482, 0, 14.482],
			"rotation": {"angle": 0, "axis": "y", "origin": [7.541, 0.94, 3.441]},
			"faces": {
				"north": {"uv": [13, 16, 14, 15], "rotation": 180, "texture": "#crop"},
				"east": {"uv": [10, 15, 14, 16], "texture": "#crop"},
				"south": {"uv": [13, 15, 14, 16], "texture": "#crop"},
				"west": {"uv": [13, 15, 14, 16], "texture": "#crop"},
				"up": {"uv": [14, 15, 10, 16], "rotation": 270, "texture": "#crop"},
				"down": {"uv": [13, 15, 14, 16], "texture": "#crop"}
			}
		},
		{
			"name": "potatoes_stage2_44",
			"from": [12.482, -1, 10.482],
			"to": [13.482, 0, 14.482],
			"rotation": {"angle": 0, "axis": "y", "origin": [7.541, 0.94, 3.441]},
			"faces": {
				"north": {"uv": [12, 16, 13, 15], "rotation": 180, "texture": "#crop"},
				"east": {"uv": [12, 15, 13, 16], "texture": "#crop"},
				"south": {"uv": [12, 15, 13, 16], "texture": "#crop"},
				"west": {"uv": [12, 15, 13, 16], "texture": "#crop"},
				"up": {"uv": [13, 15, 12, 16], "rotation": 180, "texture": "#crop"},
				"down": {"uv": [12, 15, 13, 16], "texture": "#crop"}
			}
		},
		{
			"name": "potatoes_stage2_43",
			"from": [11.482, -1, 10.482],
			"to": [12.482, 0, 14.482],
			"rotation": {"angle": 0, "axis": "y", "origin": [7.541, 0.94, 3.441]},
			"faces": {
				"north": {"uv": [11, 16, 12, 15], "rotation": 180, "texture": "#crop"},
				"east": {"uv": [11, 15, 12, 16], "texture": "#crop"},
				"south": {"uv": [11, 15, 12, 16], "texture": "#crop"},
				"west": {"uv": [11, 15, 12, 16], "texture": "#crop"},
				"up": {"uv": [12, 15, 11, 16], "rotation": 180, "texture": "#crop"},
				"down": {"uv": [11, 15, 12, 16], "texture": "#crop"}
			}
		},
		{
			"name": "potatoes_stage2_42",
			"from": [10.482, -1, 10.482],
			"to": [11.482, 0, 14.482],
			"rotation": {"angle": 0, "axis": "y", "origin": [7.541, 0.94, 3.441]},
			"faces": {
				"north": {"uv": [10, 16, 11, 15], "rotation": 180, "texture": "#crop"},
				"east": {"uv": [10, 15, 11, 16], "texture": "#crop"},
				"south": {"uv": [10, 15, 11, 16], "texture": "#crop"},
				"west": {"uv": [10, 15, 14, 16], "texture": "#crop"},
				"up": {"uv": [10, 15, 14, 16], "rotation": 270, "texture": "#crop"},
				"down": {"uv": [10, 15, 11, 16], "texture": "#crop"}
			}
		},
		{
			"name": "potatoes_stage2_46",
			"from": [13.482, -1, 10.482],
			"to": [14.482, 0, 14.482],
			"rotation": {"angle": 0, "axis": "y", "origin": [7.541, 0.94, 3.441]},
			"faces": {
				"north": {"uv": [13, 16, 14, 15], "rotation": 180, "texture": "#crop"},
				"east": {"uv": [10, 15, 14, 16], "texture": "#crop"},
				"south": {"uv": [13, 15, 14, 16], "texture": "#crop"},
				"west": {"uv": [13, 15, 14, 16], "texture": "#crop"},
				"up": {"uv": [14, 15, 10, 16], "rotation": 270, "texture": "#crop"},
				"down": {"uv": [13, 15, 14, 16], "texture": "#crop"}
			}
		},
		{
			"name": "potatoes_stage2_45",
			"from": [12.482, -1, 10.482],
			"to": [13.482, 0, 14.482],
			"rotation": {"angle": 0, "axis": "y", "origin": [7.541, 0.94, 3.441]},
			"faces": {
				"north": {"uv": [12, 16, 13, 15], "rotation": 180, "texture": "#crop"},
				"east": {"uv": [12, 15, 13, 16], "texture": "#crop"},
				"south": {"uv": [12, 15, 13, 16], "texture": "#crop"},
				"west": {"uv": [12, 15, 13, 16], "texture": "#crop"},
				"up": {"uv": [13, 15, 12, 16], "rotation": 180, "texture": "#crop"},
				"down": {"uv": [12, 15, 13, 16], "texture": "#crop"}
			}
		},
		{
			"name": "potatoes_stage2_44",
			"from": [11.482, -1, 10.482],
			"to": [12.482, 0, 14.482],
			"rotation": {"angle": 0, "axis": "y", "origin": [7.541, 0.94, 3.441]},
			"faces": {
				"north": {"uv": [11, 16, 12, 15], "rotation": 180, "texture": "#crop"},
				"east": {"uv": [11, 15, 12, 16], "texture": "#crop"},
				"south": {"uv": [11, 15, 12, 16], "texture": "#crop"},
				"west": {"uv": [11, 15, 12, 16], "texture": "#crop"},
				"up": {"uv": [12, 15, 11, 16], "rotation": 180, "texture": "#crop"},
				"down": {"uv": [11, 15, 12, 16], "texture": "#crop"}
			}
		},
		{
			"name": "potatoes_stage2_43",
			"from": [10.482, -1, 10.482],
			"to": [11.482, 0, 14.482],
			"rotation": {"angle": 0, "axis": "y", "origin": [7.541, 0.94, 3.441]},
			"faces": {
				"north": {"uv": [10, 16, 11, 15], "rotation": 180, "texture": "#crop"},
				"east": {"uv": [10, 15, 11, 16], "texture": "#crop"},
				"south": {"uv": [10, 15, 11, 16], "texture": "#crop"},
				"west": {"uv": [10, 15, 14, 16], "texture": "#crop"},
				"up": {"uv": [10, 15, 14, 16], "rotation": 270, "texture": "#crop"},
				"down": {"uv": [10, 15, 11, 16], "texture": "#crop"}
			}
		},
		{
			"name": "potatoes_stage2_34",
			"from": [13.482, 0, 12.132],
			"to": [14.482, 1, 12.882],
			"rotation": {"angle": 0, "axis": "y", "origin": [7.541, 0.94, 3.441]},
			"faces": {
				"north": {"uv": [13, 15, 14, 14], "rotation": 180, "texture": "#crop"},
				"east": {"uv": [13, 14, 14, 15], "texture": "#crop"},
				"south": {"uv": [13, 14, 14, 15], "texture": "#crop"},
				"west": {"uv": [13, 14, 14, 15], "texture": "#crop"},
				"up": {"uv": [14, 14, 13, 15], "rotation": 180, "texture": "#crop"},
				"down": {"uv": [13, 14, 14, 15], "texture": "#crop"}
			}
		},
		{
			"name": "potatoes_stage2_27",
			"from": [11.482, 1, 12.132],
			"to": [12.482, 2, 12.882],
			"rotation": {"angle": 0, "axis": "y", "origin": [7.541, 0.94, 3.441]},
			"faces": {
				"north": {"uv": [11, 14, 12, 13], "rotation": 180, "texture": "#crop"},
				"east": {"uv": [11, 13, 12, 14], "texture": "#crop"},
				"south": {"uv": [11, 13, 12, 14], "texture": "#crop"},
				"west": {"uv": [11, 13, 12, 14], "texture": "#crop"},
				"up": {"uv": [12, 13, 11, 14], "rotation": 180, "texture": "#crop"},
				"down": {"uv": [11, 13, 12, 14], "texture": "#crop"}
			}
		},
		{
			"name": "potatoes_stage2_21",
			"from": [12.482, 2, 12.132],
			"to": [13.482, 3, 12.882],
			"rotation": {"angle": 0, "axis": "y", "origin": [7.541, 0.94, 3.441]},
			"faces": {
				"north": {"uv": [12, 13, 13, 12], "rotation": 180, "texture": "#crop"},
				"east": {"uv": [12, 12, 13, 13], "texture": "#crop"},
				"south": {"uv": [12, 12, 13, 13], "texture": "#crop"},
				"west": {"uv": [12, 12, 13, 13], "texture": "#crop"},
				"up": {"uv": [13, 12, 12, 13], "rotation": 180, "texture": "#crop"},
				"down": {"uv": [12, 12, 13, 13], "texture": "#crop"}
			}
		},
		{
			"name": "potatoes_stage2_33",
			"from": [10.482, 0, 12.132],
			"to": [11.482, 1, 12.882],
			"rotation": {"angle": 0, "axis": "y", "origin": [7.541, 0.94, 3.441]},
			"faces": {
				"north": {"uv": [10, 15, 11, 14], "rotation": 180, "texture": "#crop"},
				"east": {"uv": [10, 14, 11, 15], "texture": "#crop"},
				"south": {"uv": [10, 14, 11, 15], "texture": "#crop"},
				"west": {"uv": [10, 14, 11, 15], "texture": "#crop"},
				"up": {"uv": [11, 14, 10, 15], "rotation": 180, "texture": "#crop"},
				"down": {"uv": [10, 14, 11, 15], "texture": "#crop"}
			}
		},
		{
			"name": "potatoes_stage2_34",
			"from": [10.482, 0, 12.132],
			"to": [11.482, 1, 12.882],
			"rotation": {"angle": 0, "axis": "y", "origin": [7.541, 0.94, 3.441]},
			"faces": {
				"north": {"uv": [10, 15, 11, 14], "rotation": 180, "texture": "#crop"},
				"east": {"uv": [10, 14, 11, 15], "texture": "#crop"},
				"south": {"uv": [10, 14, 11, 15], "texture": "#crop"},
				"west": {"uv": [10, 14, 11, 15], "texture": "#crop"},
				"up": {"uv": [11, 14, 10, 15], "rotation": 180, "texture": "#crop"},
				"down": {"uv": [10, 14, 11, 15], "texture": "#crop"}
			}
		},
		{
			"name": "potatoes_stage2_35",
			"from": [13.482, 0, 12.132],
			"to": [14.482, 1, 12.882],
			"rotation": {"angle": 0, "axis": "y", "origin": [7.541, 0.94, 3.441]},
			"faces": {
				"north": {"uv": [13, 15, 14, 14], "rotation": 180, "texture": "#crop"},
				"east": {"uv": [13, 14, 14, 15], "texture": "#crop"},
				"south": {"uv": [13, 14, 14, 15], "texture": "#crop"},
				"west": {"uv": [13, 14, 14, 15], "texture": "#crop"},
				"up": {"uv": [14, 14, 13, 15], "rotation": 180, "texture": "#crop"},
				"down": {"uv": [13, 14, 14, 15], "texture": "#crop"}
			}
		},
		{
			"name": "potatoes_stage2_28",
			"from": [11.482, 1, 12.132],
			"to": [12.482, 2, 12.882],
			"rotation": {"angle": 0, "axis": "y", "origin": [7.541, 0.94, 3.441]},
			"faces": {
				"north": {"uv": [11, 14, 12, 13], "rotation": 180, "texture": "#crop"},
				"east": {"uv": [11, 13, 12, 14], "texture": "#crop"},
				"south": {"uv": [11, 13, 12, 14], "texture": "#crop"},
				"west": {"uv": [11, 13, 12, 14], "texture": "#crop"},
				"up": {"uv": [12, 13, 11, 14], "rotation": 180, "texture": "#crop"},
				"down": {"uv": [11, 13, 12, 14], "texture": "#crop"}
			}
		},
		{
			"name": "potatoes_stage2_22",
			"from": [12.482, 2, 12.132],
			"to": [13.482, 3, 12.882],
			"rotation": {"angle": 0, "axis": "y", "origin": [7.541, 0.94, 3.441]},
			"faces": {
				"north": {"uv": [12, 13, 13, 12], "rotation": 180, "texture": "#crop"},
				"east": {"uv": [12, 12, 13, 13], "texture": "#crop"},
				"south": {"uv": [12, 12, 13, 13], "texture": "#crop"},
				"west": {"uv": [12, 12, 13, 13], "texture": "#crop"},
				"up": {"uv": [13, 12, 12, 13], "rotation": 180, "texture": "#crop"},
				"down": {"uv": [12, 12, 13, 13], "texture": "#crop"}
			}
		},
		{
			"name": "potatoes_stage2_34",
			"from": [10.482, 0, 12.132],
			"to": [11.482, 1, 12.882],
			"rotation": {"angle": 0, "axis": "y", "origin": [7.541, 0.94, 3.441]},
			"faces": {
				"north": {"uv": [10, 15, 11, 14], "rotation": 180, "texture": "#crop"},
				"east": {"uv": [10, 14, 11, 15], "texture": "#crop"},
				"south": {"uv": [10, 14, 11, 15], "texture": "#crop"},
				"west": {"uv": [10, 14, 11, 15], "texture": "#crop"},
				"up": {"uv": [11, 14, 10, 15], "rotation": 180, "texture": "#crop"},
				"down": {"uv": [10, 14, 11, 15], "texture": "#crop"}
			}
		},
		{
			"name": "potatoes_stage2_35",
			"from": [10.482, 0, 12.132],
			"to": [11.482, 1, 12.882],
			"rotation": {"angle": 0, "axis": "y", "origin": [7.541, 0.94, 3.441]},
			"faces": {
				"north": {"uv": [10, 15, 11, 14], "rotation": 180, "texture": "#crop"},
				"east": {"uv": [10, 14, 11, 15], "texture": "#crop"},
				"south": {"uv": [10, 14, 11, 15], "texture": "#crop"},
				"west": {"uv": [10, 14, 11, 15], "texture": "#crop"},
				"up": {"uv": [11, 14, 10, 15], "rotation": 180, "texture": "#crop"},
				"down": {"uv": [10, 14, 11, 15], "texture": "#crop"}
			}
		},
		{
			"name": "potatoes_stage2_29",
			"from": [12.132, 0, 12.732],
			"to": [12.882, 1, 13.732],
			"rotation": {"angle": 0, "axis": "y", "origin": [7.541, 0.94, 3.441]},
			"faces": {
				"north": {"uv": [5, 14, 6, 15], "texture": "#crop"},
				"east": {"uv": [5, 14, 6, 15], "texture": "#crop"},
				"south": {"uv": [5, 14, 6, 15], "texture": "#crop"},
				"west": {"uv": [5, 15, 6, 14], "rotation": 180, "texture": "#crop"},
				"up": {"uv": [6, 14, 5, 15], "rotation": 90, "texture": "#crop"},
				"down": {"uv": [5, 14, 6, 15], "rotation": 90, "texture": "#crop"}
			}
		},
		{
			"name": "potatoes_stage2_23",
			"from": [12.132, 1, 12.732],
			"to": [12.882, 2, 13.732],
			"rotation": {"angle": 0, "axis": "y", "origin": [7.541, 0.94, 3.441]},
			"faces": {
				"north": {"uv": [5, 13, 6, 14], "texture": "#crop"},
				"east": {"uv": [5, 13, 6, 14], "texture": "#crop"},
				"south": {"uv": [5, 13, 6, 14], "texture": "#crop"},
				"west": {"uv": [5, 14, 6, 13], "rotation": 180, "texture": "#crop"},
				"up": {"uv": [6, 13, 5, 14], "rotation": 90, "texture": "#crop"},
				"down": {"uv": [5, 13, 6, 14], "rotation": 90, "texture": "#crop"}
			}
		},
		{
			"name": "potatoes_stage2_19",
			"from": [12.132, 2, 13.732],
			"to": [12.882, 3, 14.732],
			"rotation": {"angle": 0, "axis": "y", "origin": [7.541, 0.94, 3.441]},
			"faces": {
				"north": {"uv": [4, 12, 5, 13], "texture": "#crop"},
				"east": {"uv": [4, 12, 5, 13], "texture": "#crop"},
				"south": {"uv": [4, 12, 5, 13], "texture": "#crop"},
				"west": {"uv": [4, 13, 5, 12], "rotation": 180, "texture": "#crop"},
				"up": {"uv": [5, 12, 4, 13], "rotation": 90, "texture": "#crop"},
				"down": {"uv": [4, 12, 5, 13], "rotation": 90, "texture": "#crop"}
			}
		},
		{
			"name": "potatoes_stage2_15",
			"from": [12.132, 3, 13.732],
			"to": [12.882, 4, 14.732],
			"rotation": {"angle": 0, "axis": "y", "origin": [7.541, 0.94, 3.441]},
			"faces": {
				"north": {"uv": [4, 11, 5, 12], "texture": "#crop"},
				"east": {"uv": [4, 11, 5, 12], "texture": "#crop"},
				"south": {"uv": [4, 11, 5, 12], "texture": "#crop"},
				"west": {"uv": [4, 12, 5, 11], "rotation": 180, "texture": "#crop"},
				"up": {"uv": [5, 11, 4, 12], "rotation": 90, "texture": "#crop"},
				"down": {"uv": [4, 11, 5, 12], "rotation": 90, "texture": "#crop"}
			}
		},
		{
			"name": "potatoes_stage2_30",
			"from": [12.132, 0, 12.732],
			"to": [12.882, 1, 13.732],
			"rotation": {"angle": 0, "axis": "y", "origin": [7.541, 0.94, 3.441]},
			"faces": {
				"north": {"uv": [5, 14, 6, 15], "texture": "#crop"},
				"east": {"uv": [5, 14, 6, 15], "texture": "#crop"},
				"south": {"uv": [5, 14, 6, 15], "texture": "#crop"},
				"west": {"uv": [5, 15, 6, 14], "rotation": 180, "texture": "#crop"},
				"up": {"uv": [6, 14, 5, 15], "rotation": 90, "texture": "#crop"},
				"down": {"uv": [5, 14, 6, 15], "rotation": 90, "texture": "#crop"}
			}
		},
		{
			"name": "potatoes_stage2_24",
			"from": [12.132, 1, 12.732],
			"to": [12.882, 2, 13.732],
			"rotation": {"angle": 0, "axis": "y", "origin": [7.541, 0.94, 3.441]},
			"faces": {
				"north": {"uv": [5, 13, 6, 14], "texture": "#crop"},
				"east": {"uv": [5, 13, 6, 14], "texture": "#crop"},
				"south": {"uv": [5, 13, 6, 14], "texture": "#crop"},
				"west": {"uv": [5, 14, 6, 13], "rotation": 180, "texture": "#crop"},
				"up": {"uv": [6, 13, 5, 14], "rotation": 90, "texture": "#crop"},
				"down": {"uv": [5, 13, 6, 14], "rotation": 90, "texture": "#crop"}
			}
		},
		{
			"name": "potatoes_stage2_20",
			"from": [12.132, 2, 13.732],
			"to": [12.882, 3, 14.732],
			"rotation": {"angle": 0, "axis": "y", "origin": [7.541, 0.94, 3.441]},
			"faces": {
				"north": {"uv": [4, 12, 5, 13], "texture": "#crop"},
				"east": {"uv": [4, 12, 5, 13], "texture": "#crop"},
				"south": {"uv": [4, 12, 5, 13], "texture": "#crop"},
				"west": {"uv": [4, 13, 5, 12], "rotation": 180, "texture": "#crop"},
				"up": {"uv": [5, 12, 4, 13], "rotation": 90, "texture": "#crop"},
				"down": {"uv": [4, 12, 5, 13], "rotation": 90, "texture": "#crop"}
			}
		},
		{
			"name": "potatoes_stage2_16",
			"from": [12.132, 3, 13.732],
			"to": [12.882, 4, 14.732],
			"rotation": {"angle": 0, "axis": "y", "origin": [7.541, 0.94, 3.441]},
			"faces": {
				"north": {"uv": [4, 11, 5, 12], "texture": "#crop"},
				"east": {"uv": [4, 11, 5, 12], "texture": "#crop"},
				"south": {"uv": [4, 11, 5, 12], "texture": "#crop"},
				"west": {"uv": [4, 12, 5, 11], "rotation": 180, "texture": "#crop"},
				"up": {"uv": [5, 11, 4, 12], "rotation": 90, "texture": "#crop"},
				"down": {"uv": [4, 11, 5, 12], "rotation": 90, "texture": "#crop"}
			}
		}
	],
	"groups": [
		{
			"name": "potatoes_stage2",
			"origin": [8, 8, 8],
			"color": 0,
			"children": [
				{
					"name": "group",
					"origin": [0, 0, 0],
					"color": 0,
					"children": [
						0,
						1,
						2,
						{
							"name": "lea right",
							"origin": [0, 0, 0],
							"color": 0,
							"children": [3, 4, 5, 6, 7, 8, 9, 10]
						},
						{
							"name": "leaf left",
							"origin": [0, 0, 0],
							"color": 0,
							"children": [11, 12, 13, 14, 15, 16, 17, 18, 19, 20]
						},
						21,
						22,
						23
					]
				},
				{
					"name": "group",
					"origin": [0, 0, 0],
					"color": 0,
					"children": [
						24,
						25,
						26,
						{
							"name": "lea right",
							"origin": [0, 0, 0],
							"color": 0,
							"children": [27, 28, 29, 30, 31, 32, 33, 34]
						},
						{
							"name": "leaf left",
							"origin": [0, 0, 0],
							"color": 0,
							"children": [35, 36, 37, 38, 39, 40, 41, 42, 43, 44]
						},
						45,
						46,
						47
					]
				},
				{
					"name": "middle",
					"origin": [0, 0, 0],
					"color": 0,
					"children": [
						48,
						49,
						50,
						51,
						52,
						53,
						54,
						55,
						56,
						57,
						{
							"name": "leaf",
							"origin": [0, 0, 0],
							"color": 0,
							"children": [58, 59, 60, 61, 62, 63, 64, 65, 66, 67, 68, 69, 70, 71, 72, 73, 74, 75, 76, 77, 78, 79, 80, 81]
						},
						{
							"name": "leaf",
							"origin": [0, 0, 0],
							"color": 0,
							"children": [82, 83, 84, 85, 86, 87, 88, 89, 90, 91, 92, 93, 94, 95, 96, 97, 98, 99, 100, 101, 102, 103, 104, 105]
						}
					]
				},
				{
					"name": "right",
					"origin": [0, 0, 0],
					"color": 0,
					"children": [
						106,
						107,
						108,
						109,
						110,
						111,
						112,
						113,
						{
							"name": "leaf left",
							"origin": [0, 0, 0],
							"color": 0,
							"children": [114, 115, 116, 117, 118, 119, 120, 121, 122, 123]
						},
						{
							"name": "lea right",
							"origin": [0, 0, 0],
							"color": 0,
							"children": [124, 125, 126, 127, 128, 129, 130, 131]
						}
					]
				},
				{
					"name": "right",
					"origin": [0, 0, 0],
					"color": 0,
					"children": [
						132,
						133,
						134,
						135,
						136,
						137,
						138,
						139,
						{
							"name": "leaf left",
							"origin": [0, 0, 0],
							"color": 0,
							"children": [140, 141, 142, 143, 144, 145, 146, 147, 148, 149]
						},
						{
							"name": "lea right",
							"origin": [0, 0, 0],
							"color": 0,
							"children": [150, 151, 152, 153, 154, 155, 156, 157]
						}
					]
				}
			]
		}
	]
}