{
	"credit": "Made with Blockbench",
	"parent": "minecraft:block/crop",
	"textures": {
		"particle": "block/potatoes_stage0",
		"crop": "block/potatoes_stage0"
	},
	"elements": [
		{
			"name": "potatoes_stage0_1",
			"from": [8.5, 2, 7.5],
			"to": [9.5, 3, 8.25],
			"rotation": {"angle": 0, "axis": "x", "origin": [16, 0, 0]},
			"faces": {
				"north": {"uv": [8, 13, 7, 12], "rotation": 180, "texture": "#crop"},
				"east": {"uv": [7, 13, 8, 12], "rotation": 180, "texture": "#crop"},
				"south": {"uv": [8, 12, 7, 13], "texture": "#crop"},
				"west": {"uv": [7, 13, 8, 12], "rotation": 180, "texture": "#crop"},
				"up": {"uv": [7, 12, 8, 13], "rotation": 180, "texture": "#crop"},
				"down": {"uv": [8, 12, 7, 13], "texture": "#crop"}
			}
		},
		{
			"name": "potatoes_stage0_3",
			"from": [9.5, 1, 7.5],
			"to": [10.5, 2, 8.25],
			"rotation": {"angle": 0, "axis": "x", "origin": [16, 0, 0]},
			"faces": {
				"north": {"uv": [7, 14, 6, 13], "rotation": 180, "texture": "#crop"},
				"east": {"uv": [6, 14, 7, 13], "rotation": 180, "texture": "#crop"},
				"south": {"uv": [7, 13, 6, 14], "texture": "#crop"},
				"west": {"uv": [6, 14, 7, 13], "rotation": 180, "texture": "#crop"},
				"up": {"uv": [6, 13, 7, 14], "rotation": 180, "texture": "#crop"},
				"down": {"uv": [7, 13, 6, 14], "texture": "#crop"}
			}
		},
		{
			"name": "potatoes_stage0_4",
			"from": [8.5, 1, 7.5],
			"to": [9.5, 2, 8.25],
			"rotation": {"angle": 0, "axis": "x", "origin": [16, 0, 0]},
			"faces": {
				"north": {"uv": [8, 14, 7, 13], "rotation": 180, "texture": "#crop"},
				"east": {"uv": [7, 14, 8, 13], "rotation": 180, "texture": "#crop"},
				"south": {"uv": [8, 13, 7, 14], "texture": "#crop"},
				"west": {"uv": [7, 14, 8, 13], "rotation": 180, "texture": "#crop"},
				"up": {"uv": [7, 13, 8, 14], "rotation": 180, "texture": "#crop"},
				"down": {"uv": [8, 13, 7, 14], "texture": "#crop"}
			}
		},
		{
			"name": "potatoes_stage0_6",
			"from": [8.5, 0, 7.5],
			"to": [9.5, 1, 8.25],
			"rotation": {"angle": 0, "axis": "x", "origin": [16, 0, 0]},
			"faces": {
				"north": {"uv": [8, 15, 7, 14], "rotation": 180, "texture": "#crop"},
				"east": {"uv": [7, 15, 8, 14], "rotation": 180, "texture": "#crop"},
				"south": {"uv": [8, 14, 7, 15], "texture": "#crop"},
				"west": {"uv": [7, 15, 8, 14], "rotation": 180, "texture": "#crop"},
				"up": {"uv": [7, 14, 8, 15], "rotation": 180, "texture": "#crop"},
				"down": {"uv": [8, 14, 7, 15], "texture": "#crop"}
			}
		},
		{
			"name": "potatoes_stage0_8",
			"from": [4.5, 0, 7.5],
			"to": [5.5, 1, 8.25],
			"rotation": {"angle": 0, "axis": "x", "origin": [16, 0, 0]},
			"faces": {
				"north": {"uv": [12, 15, 11, 14], "rotation": 180, "texture": "#crop"},
				"east": {"uv": [11, 15, 12, 14], "rotation": 180, "texture": "#crop"},
				"south": {"uv": [12, 14, 11, 15], "texture": "#crop"},
				"west": {"uv": [11, 15, 12, 14], "rotation": 180, "texture": "#crop"},
				"up": {"uv": [11, 14, 12, 15], "rotation": 180, "texture": "#crop"},
				"down": {"uv": [12, 14, 11, 15], "texture": "#crop"}
			}
		},
		{
			"name": "potatoes_stage0_9",
			"from": [10.5, -1, 7.5],
			"to": [11.5, 0, 8.25],
			"rotation": {"angle": 0, "axis": "x", "origin": [16, 0, 0]},
			"faces": {
				"north": {"uv": [6, 16, 5, 15], "rotation": 180, "texture": "#crop"},
				"east": {"uv": [5, 16, 6, 15], "rotation": 180, "texture": "#crop"},
				"south": {"uv": [6, 15, 5, 16], "texture": "#crop"},
				"west": {"uv": [5, 16, 6, 15], "rotation": 180, "texture": "#crop"},
				"up": {"uv": [5, 15, 6, 16], "rotation": 180, "texture": "#crop"},
				"down": {"uv": [6, 15, 5, 16], "texture": "#crop"}
			}
		},
		{
			"name": "potatoes_stage0_10",
			"from": [8.5, -1, 7.5],
			"to": [9.5, 0, 8.25],
			"rotation": {"angle": 0, "axis": "x", "origin": [16, 0, 0]},
			"faces": {
				"north": {"uv": [8, 16, 7, 15], "rotation": 180, "texture": "#crop"},
				"east": {"uv": [7, 16, 8, 15], "rotation": 180, "texture": "#crop"},
				"south": {"uv": [8, 15, 7, 16], "texture": "#crop"},
				"west": {"uv": [7, 16, 8, 15], "rotation": 180, "texture": "#crop"},
				"up": {"uv": [7, 15, 8, 16], "rotation": 180, "texture": "#crop"},
				"down": {"uv": [8, 15, 7, 16], "texture": "#crop"}
			}
		},
		{
			"name": "potatoes_stage0_12",
			"from": [6.5, -1, 7.5],
			"to": [7.5, 0, 8.25],
			"rotation": {"angle": 0, "axis": "x", "origin": [16, 0, 0]},
			"faces": {
				"north": {"uv": [10, 16, 9, 15], "rotation": 180, "texture": "#crop"},
				"east": {"uv": [9, 16, 10, 15], "rotation": 180, "texture": "#crop"},
				"south": {"uv": [10, 15, 9, 16], "texture": "#crop"},
				"west": {"uv": [9, 16, 10, 15], "rotation": 180, "texture": "#crop"},
				"up": {"uv": [9, 15, 10, 16], "rotation": 180, "texture": "#crop"},
				"down": {"uv": [10, 15, 9, 16], "texture": "#crop"}
			}
		},
		{
			"name": "potatoes_stage0_13",
			"from": [5.5, -1, 7.5],
			"to": [6.5, 0, 8.25],
			"rotation": {"angle": 0, "axis": "x", "origin": [16, 0, 0]},
			"faces": {
				"north": {"uv": [11, 16, 10, 15], "rotation": 180, "texture": "#crop"},
				"east": {"uv": [10, 16, 11, 15], "rotation": 180, "texture": "#crop"},
				"south": {"uv": [11, 15, 10, 16], "texture": "#crop"},
				"west": {"uv": [10, 16, 11, 15], "rotation": 180, "texture": "#crop"},
				"up": {"uv": [10, 15, 11, 16], "rotation": 180, "texture": "#crop"},
				"down": {"uv": [11, 15, 10, 16], "texture": "#crop"}
			}
		},
		{
			"name": "potatoes_stage0_14",
			"from": [4.5, -1, 7.5],
			"to": [5.5, 0, 8.25],
			"rotation": {"angle": 0, "axis": "x", "origin": [16, 0, 0]},
			"faces": {
				"north": {"uv": [12, 16, 11, 15], "rotation": 180, "texture": "#crop"},
				"east": {"uv": [11, 16, 12, 15], "rotation": 180, "texture": "#crop"},
				"south": {"uv": [12, 15, 11, 16], "texture": "#crop"},
				"west": {"uv": [11, 16, 12, 15], "rotation": 180, "texture": "#crop"},
				"up": {"uv": [11, 15, 12, 16], "rotation": 180, "texture": "#crop"},
				"down": {"uv": [12, 15, 11, 16], "texture": "#crop"}
			}
		},
		{
			"name": "potatoes_stage1_1",
			"from": [7.525, 3, 7.375],
			"to": [8.525, 4, 8.375],
			"rotation": {"angle": 0, "axis": "y", "origin": [7.5, 1.76667, 0.375]},
			"faces": {
				"north": {"uv": [8, 12, 9, 11], "rotation": 180, "texture": "#crop"},
				"east": {"uv": [9, 12, 8, 11], "rotation": 180, "texture": "#crop"},
				"south": {"uv": [8, 12, 9, 11], "rotation": 180, "texture": "#crop"},
				"west": {"uv": [9, 11, 8, 12], "texture": "#crop"},
				"up": {"uv": [8, 11, 9, 12], "rotation": 270, "texture": "#crop"},
				"down": {"uv": [9, 11, 8, 12], "rotation": 270, "texture": "#crop"}
			}
		},
		{
			"name": "potatoes_stage0_2",
			"from": [7.625, 2, 8.375],
			"to": [8.375, 3, 9.375],
			"rotation": {"angle": 0, "axis": "y", "origin": [7.5, 1.76667, 0.375]},
			"faces": {
				"north": {"uv": [7, 13, 8, 12], "rotation": 180, "texture": "#crop"},
				"east": {"uv": [8, 13, 7, 12], "rotation": 180, "texture": "#crop"},
				"south": {"uv": [7, 13, 8, 12], "rotation": 180, "texture": "#crop"},
				"west": {"uv": [8, 12, 7, 13], "texture": "#crop"},
				"up": {"uv": [7, 12, 8, 13], "rotation": 270, "texture": "#crop"},
				"down": {"uv": [8, 12, 7, 13], "rotation": 270, "texture": "#crop"}
			}
		},
		{
			"name": "potatoes_stage0_3",
			"from": [7.525, 2, 7.375],
			"to": [8.525, 3, 8.375],
			"rotation": {"angle": 0, "axis": "y", "origin": [7.5, 1.76667, 0.375]},
			"faces": {
				"north": {"uv": [8, 13, 9, 12], "rotation": 180, "texture": "#crop"},
				"east": {"uv": [9, 13, 8, 12], "rotation": 180, "texture": "#crop"},
				"south": {"uv": [8, 13, 9, 12], "rotation": 180, "texture": "#crop"},
				"west": {"uv": [9, 12, 8, 13], "texture": "#crop"},
				"up": {"uv": [8, 12, 9, 13], "rotation": 270, "texture": "#crop"},
				"down": {"uv": [9, 12, 8, 13], "rotation": 270, "texture": "#crop"}
			}
		},
		{
			"name": "potatoes_stage0_4",
			"from": [7.625, 1, 9.375],
			"to": [8.375, 2, 10.375],
			"rotation": {"angle": 0, "axis": "y", "origin": [7.5, 1.76667, 0.375]},
			"faces": {
				"north": {"uv": [6, 14, 7, 13], "rotation": 180, "texture": "#crop"},
				"east": {"uv": [7, 14, 6, 13], "rotation": 180, "texture": "#crop"},
				"south": {"uv": [6, 14, 7, 13], "rotation": 180, "texture": "#crop"},
				"west": {"uv": [7, 13, 6, 14], "texture": "#crop"},
				"up": {"uv": [6, 13, 7, 14], "rotation": 270, "texture": "#crop"},
				"down": {"uv": [7, 13, 6, 14], "rotation": 270, "texture": "#crop"}
			}
		},
		{
			"name": "potatoes_stage0_5",
			"from": [7.625, 1, 8.375],
			"to": [8.375, 2, 9.375],
			"rotation": {"angle": 0, "axis": "y", "origin": [7.5, 1.76667, 0.375]},
			"faces": {
				"north": {"uv": [7, 14, 8, 13], "rotation": 180, "texture": "#crop"},
				"east": {"uv": [8, 14, 7, 13], "rotation": 180, "texture": "#crop"},
				"south": {"uv": [7, 14, 8, 13], "rotation": 180, "texture": "#crop"},
				"west": {"uv": [8, 13, 7, 14], "texture": "#crop"},
				"up": {"uv": [7, 13, 8, 14], "rotation": 270, "texture": "#crop"},
				"down": {"uv": [8, 13, 7, 14], "rotation": 270, "texture": "#crop"}
			}
		},
		{
			"name": "potatoes_stage0_6",
			"from": [7.525, 1, 7.375],
			"to": [8.525, 2, 8.375],
			"rotation": {"angle": 0, "axis": "y", "origin": [7.5, 1.76667, 0.375]},
			"faces": {
				"north": {"uv": [8, 14, 9, 13], "rotation": 180, "texture": "#crop"},
				"east": {"uv": [9, 14, 8, 13], "rotation": 180, "texture": "#crop"},
				"south": {"uv": [8, 14, 9, 13], "rotation": 180, "texture": "#crop"},
				"west": {"uv": [9, 13, 8, 14], "texture": "#crop"},
				"up": {"uv": [8, 13, 9, 14], "rotation": 270, "texture": "#crop"},
				"down": {"uv": [9, 13, 8, 14], "rotation": 270, "texture": "#crop"}
			}
		},
		{
			"name": "potatoes_stage0_7",
			"from": [7.625, 0, 8.375],
			"to": [8.375, 1, 9.375],
			"rotation": {"angle": 0, "axis": "y", "origin": [7.5, 1.76667, 0.375]},
			"faces": {
				"north": {"uv": [7, 15, 8, 14], "rotation": 180, "texture": "#crop"},
				"east": {"uv": [8, 15, 7, 14], "rotation": 180, "texture": "#crop"},
				"south": {"uv": [7, 15, 8, 14], "rotation": 180, "texture": "#crop"},
				"west": {"uv": [8, 14, 7, 15], "texture": "#crop"},
				"up": {"uv": [7, 14, 8, 15], "rotation": 270, "texture": "#crop"},
				"down": {"uv": [8, 14, 7, 15], "rotation": 270, "texture": "#crop"}
			}
		},
		{
			"name": "potatoes_stage0_8",
			"from": [7.525, 0, 7.375],
			"to": [8.525, 1, 8.375],
			"rotation": {"angle": 0, "axis": "y", "origin": [7.5, 1.76667, 0.375]},
			"faces": {
				"north": {"uv": [8, 15, 9, 14], "rotation": 180, "texture": "#crop"},
				"east": {"uv": [9, 15, 8, 14], "rotation": 180, "texture": "#crop"},
				"south": {"uv": [8, 15, 9, 14], "rotation": 180, "texture": "#crop"},
				"west": {"uv": [9, 14, 8, 15], "texture": "#crop"},
				"up": {"uv": [8, 14, 9, 15], "rotation": 270, "texture": "#crop"},
				"down": {"uv": [9, 14, 8, 15], "rotation": 270, "texture": "#crop"}
			}
		},
		{
			"name": "potatoes_stage0_9",
			"from": [7.625, 0, 4.375],
			"to": [8.375, 1, 5.375],
			"rotation": {"angle": 0, "axis": "y", "origin": [7.5, 1.76667, 0.375]},
			"faces": {
				"north": {"uv": [11, 15, 12, 14], "rotation": 180, "texture": "#crop"},
				"east": {"uv": [12, 15, 11, 14], "rotation": 180, "texture": "#crop"},
				"south": {"uv": [11, 15, 12, 14], "rotation": 180, "texture": "#crop"},
				"west": {"uv": [12, 14, 11, 15], "texture": "#crop"},
				"up": {"uv": [11, 14, 12, 15], "rotation": 270, "texture": "#crop"},
				"down": {"uv": [12, 14, 11, 15], "rotation": 270, "texture": "#crop"}
			}
		},
		{
			"name": "potatoes_stage0_10",
			"from": [7.625, -1, 10.375],
			"to": [8.375, 0, 11.375],
			"rotation": {"angle": 0, "axis": "y", "origin": [7.5, 1.76667, 0.375]},
			"faces": {
				"north": {"uv": [5, 16, 6, 15], "rotation": 180, "texture": "#crop"},
				"east": {"uv": [6, 16, 5, 15], "rotation": 180, "texture": "#crop"},
				"south": {"uv": [5, 16, 6, 15], "rotation": 180, "texture": "#crop"},
				"west": {"uv": [6, 15, 5, 16], "texture": "#crop"},
				"up": {"uv": [5, 15, 6, 16], "rotation": 270, "texture": "#crop"},
				"down": {"uv": [6, 15, 5, 16], "rotation": 270, "texture": "#crop"}
			}
		},
		{
			"name": "potatoes_stage0_11",
			"from": [7.625, -1, 8.375],
			"to": [8.375, 0, 9.375],
			"rotation": {"angle": 0, "axis": "y", "origin": [7.5, 1.76667, 0.375]},
			"faces": {
				"north": {"uv": [7, 16, 8, 15], "rotation": 180, "texture": "#crop"},
				"east": {"uv": [8, 16, 7, 15], "rotation": 180, "texture": "#crop"},
				"south": {"uv": [7, 16, 8, 15], "rotation": 180, "texture": "#crop"},
				"west": {"uv": [8, 15, 7, 16], "texture": "#crop"},
				"up": {"uv": [7, 15, 8, 16], "rotation": 270, "texture": "#crop"},
				"down": {"uv": [8, 15, 7, 16], "rotation": 270, "texture": "#crop"}
			}
		},
		{
			"name": "potatoes_stage0_12",
			"from": [7.525, -1, 7.375],
			"to": [8.525, 0, 8.375],
			"rotation": {"angle": 0, "axis": "y", "origin": [7.5, 1.76667, 0.375]},
			"faces": {
				"north": {"uv": [8, 16, 9, 15], "rotation": 180, "texture": "#crop"},
				"east": {"uv": [9, 16, 8, 15], "rotation": 180, "texture": "#crop"},
				"south": {"uv": [8, 16, 9, 15], "rotation": 180, "texture": "#crop"},
				"west": {"uv": [9, 15, 8, 16], "texture": "#crop"},
				"up": {"uv": [8, 15, 9, 16], "rotation": 270, "texture": "#crop"},
				"down": {"uv": [9, 15, 8, 16], "rotation": 270, "texture": "#crop"}
			}
		},
		{
			"name": "potatoes_stage0_13",
			"from": [7.625, -1, 6.375],
			"to": [8.375, 0, 7.375],
			"rotation": {"angle": 0, "axis": "y", "origin": [7.5, 1.76667, 0.375]},
			"faces": {
				"north": {"uv": [9, 16, 10, 15], "rotation": 180, "texture": "#crop"},
				"east": {"uv": [10, 16, 9, 15], "rotation": 180, "texture": "#crop"},
				"south": {"uv": [9, 16, 10, 15], "rotation": 180, "texture": "#crop"},
				"west": {"uv": [10, 15, 9, 16], "texture": "#crop"},
				"up": {"uv": [9, 15, 10, 16], "rotation": 270, "texture": "#crop"},
				"down": {"uv": [10, 15, 9, 16], "rotation": 270, "texture": "#crop"}
			}
		},
		{
			"name": "potatoes_stage0_14",
			"from": [7.625, -1, 5.375],
			"to": [8.375, 0, 6.375],
			"rotation": {"angle": 0, "axis": "y", "origin": [7.5, 1.76667, 0.375]},
			"faces": {
				"north": {"uv": [10, 16, 11, 15], "rotation": 180, "texture": "#crop"},
				"east": {"uv": [11, 16, 10, 15], "rotation": 180, "texture": "#crop"},
				"south": {"uv": [10, 16, 11, 15], "rotation": 180, "texture": "#crop"},
				"west": {"uv": [11, 15, 10, 16], "texture": "#crop"},
				"up": {"uv": [10, 15, 11, 16], "rotation": 270, "texture": "#crop"},
				"down": {"uv": [11, 15, 10, 16], "rotation": 270, "texture": "#crop"}
			}
		},
		{
			"name": "potatoes_stage0_15",
			"from": [7.625, -1, 4.375],
			"to": [8.375, 0, 5.375],
			"rotation": {"angle": 0, "axis": "y", "origin": [7.5, 1.76667, 0.375]},
			"faces": {
				"north": {"uv": [11, 16, 12, 15], "rotation": 180, "texture": "#crop"},
				"east": {"uv": [12, 16, 11, 15], "rotation": 180, "texture": "#crop"},
				"south": {"uv": [11, 16, 12, 15], "rotation": 180, "texture": "#crop"},
				"west": {"uv": [12, 15, 11, 16], "texture": "#crop"},
				"up": {"uv": [11, 15, 12, 16], "rotation": 270, "texture": "#crop"},
				"down": {"uv": [12, 15, 11, 16], "rotation": 270, "texture": "#crop"}
			}
		}
	],
	"groups": [
		{
			"name": "potatoes_stage0",
			"origin": [8, 8, 8],
			"color": 0,
			"children": [0, 1, 2, 3, 4, 5, 6, 7, 8, 9]
		},
		{
			"name": "potatoes_stage0",
			"origin": [8, 8, 8],
			"color": 0,
			"children": [10, 11, 12, 13, 14, 15, 16, 17, 18, 19, 20, 21, 22, 23, 24]
		}
	]
}