{
	"credit": "Made with Blockbench",
	"parent": "block/cross",
	"ambientocclusion": false,
	"textures": {
		"flowerpot": "block/flower_pot",
		"dirt": "block/dirt",
		"cross": "block/cornflower"
	},
	"elements": [
		{
			"from": [5, 0, 5],
			"to": [6, 6, 11],
			"faces": {
				"north": {"uv": [10, 10, 11, 16], "texture": "#flowerpot"},
				"east": {"uv": [5, 10, 11, 16], "texture": "#flowerpot"},
				"south": {"uv": [5, 10, 6, 16], "texture": "#flowerpot"},
				"west": {"uv": [5, 10, 11, 16], "texture": "#flowerpot"},
				"up": {"uv": [5, 5, 6, 11], "texture": "#flowerpot"},
				"down": {"uv": [5, 5, 6, 11], "texture": "#flowerpot", "cullface": "down"}
			}
		},
		{
			"from": [10, 0, 5],
			"to": [11, 6, 11],
			"faces": {
				"north": {"uv": [5, 10, 6, 16], "texture": "#flowerpot"},
				"east": {"uv": [5, 10, 11, 16], "texture": "#flowerpot"},
				"south": {"uv": [10, 10, 11, 16], "texture": "#flowerpot"},
				"west": {"uv": [5, 10, 11, 16], "texture": "#flowerpot"},
				"up": {"uv": [10, 5, 11, 11], "texture": "#flowerpot"},
				"down": {"uv": [10, 5, 11, 11], "texture": "#flowerpot", "cullface": "down"}
			}
		},
		{
			"from": [6, 0, 5],
			"to": [10, 6, 6],
			"faces": {
				"north": {"uv": [6, 10, 10, 16], "texture": "#flowerpot"},
				"south": {"uv": [6, 10, 10, 16], "texture": "#flowerpot"},
				"up": {"uv": [6, 5, 10, 6], "texture": "#flowerpot"},
				"down": {"uv": [6, 10, 10, 11], "texture": "#flowerpot", "cullface": "down"}
			}
		},
		{
			"from": [6, 0, 10],
			"to": [10, 6, 11],
			"faces": {
				"north": {"uv": [6, 10, 10, 16], "texture": "#flowerpot"},
				"south": {"uv": [6, 10, 10, 16], "texture": "#flowerpot"},
				"up": {"uv": [6, 10, 10, 11], "texture": "#flowerpot"},
				"down": {"uv": [6, 5, 10, 6], "texture": "#flowerpot", "cullface": "down"}
			}
		},
		{
			"from": [6, 0, 6],
			"to": [10, 4, 10],
			"faces": {
				"up": {"uv": [6, 6, 10, 10], "texture": "#dirt"},
				"down": {"uv": [6, 12, 10, 16], "texture": "#flowerpot", "cullface": "down"}
			}
		},
		{
			"from": [14.5, 2.25, 5.25],
			"to": [15.5, 10.25, 6.25],
			"rotation": {"angle": 45, "axis": "y", "origin": [14.15, 20.45, 15.4]},
			"faces": {
				"north": {"uv": [8, 8, 9, 16], "texture": "#cross"},
				"east": {"uv": [8, 8, 9, 16], "texture": "#cross"},
				"south": {"uv": [8, 8, 9, 16], "texture": "#cross"},
				"west": {"uv": [8, 8, 9, 16], "texture": "#cross"},
				"up": {"uv": [8, 8, 9, 9], "texture": "#cross"},
				"down": {"uv": [8, 15, 9, 16], "texture": "#cross"}
			}
		},
		{
			"from": [15.5, 9.25, 5.25],
			"to": [16.5, 11.25, 6.25],
			"rotation": {"angle": 45, "axis": "y", "origin": [14.15, 20.45, 15.4]},
			"faces": {
				"north": {"uv": [7, 7, 8, 9], "texture": "#cross"},
				"east": {"uv": [7, 7, 8, 9], "texture": "#cross"},
				"south": {"uv": [7, 7, 8, 9], "texture": "#cross"},
				"west": {"uv": [7, 7, 8, 9], "texture": "#cross"},
				"up": {"uv": [7, 7, 8, 8], "texture": "#cross"},
				"down": {"uv": [7, 8, 8, 9], "texture": "#cross"}
			}
		},
		{
			"from": [15.5, 3.25, 5.25],
			"to": [16.5, 5.25, 6.25],
			"rotation": {"angle": 45, "axis": "y", "origin": [14.15, 20.45, 15.4]},
			"faces": {
				"north": {"uv": [7, 13, 8, 15], "texture": "#cross"},
				"east": {"uv": [7, 13, 8, 15], "texture": "#cross"},
				"south": {"uv": [7, 13, 8, 15], "texture": "#cross"},
				"west": {"uv": [7, 13, 8, 15], "texture": "#cross"},
				"up": {"uv": [7, 13, 8, 14], "texture": "#cross"},
				"down": {"uv": [7, 14, 8, 15], "texture": "#cross"}
			}
		},
		{
			"from": [14.5, 3.25, 6.25],
			"to": [15.5, 5.25, 7.25],
			"rotation": {"angle": 45, "axis": "y", "origin": [14.15, 20.45, 15.4]},
			"faces": {
				"north": {"uv": [7, 13, 8, 15], "texture": "#cross"},
				"east": {"uv": [7, 13, 8, 15], "texture": "#cross"},
				"south": {"uv": [7, 13, 8, 15], "texture": "#cross"},
				"west": {"uv": [7, 13, 8, 15], "texture": "#cross"},
				"up": {"uv": [7, 13, 8, 14], "rotation": 90, "texture": "#cross"},
				"down": {"uv": [7, 14, 8, 15], "rotation": 270, "texture": "#cross"}
			}
		},
		{
			"from": [16.5, 4.25, 5.25],
			"to": [17.5, 6.25, 6.25],
			"rotation": {"angle": 45, "axis": "y", "origin": [14.15, 20.45, 15.4]},
			"faces": {
				"north": {"uv": [6, 12, 7, 14], "texture": "#cross"},
				"east": {"uv": [6, 12, 7, 14], "texture": "#cross"},
				"south": {"uv": [6, 12, 7, 14], "texture": "#cross"},
				"west": {"uv": [6, 12, 7, 14], "texture": "#cross"},
				"up": {"uv": [6, 12, 7, 13], "texture": "#cross"},
				"down": {"uv": [6, 13, 7, 14], "texture": "#cross"}
			}
		},
		{
			"from": [14.5, 4.25, 7.25],
			"to": [15.5, 6.25, 8.25],
			"rotation": {"angle": 45, "axis": "y", "origin": [14.15, 20.45, 15.4]},
			"faces": {
				"north": {"uv": [6, 12, 7, 14], "texture": "#cross"},
				"east": {"uv": [6, 12, 7, 14], "texture": "#cross"},
				"south": {"uv": [6, 12, 7, 14], "texture": "#cross"},
				"west": {"uv": [6, 12, 7, 14], "texture": "#cross"},
				"up": {"uv": [6, 12, 7, 13], "rotation": 90, "texture": "#cross"},
				"down": {"uv": [6, 13, 7, 14], "rotation": 270, "texture": "#cross"}
			}
		},
		{
			"from": [17.5, 5.25, 5.25],
			"to": [18.5, 7.25, 6.25],
			"rotation": {"angle": 45, "axis": "y", "origin": [14.15, 20.45, 15.4]},
			"faces": {
				"north": {"uv": [5, 11, 6, 13], "texture": "#cross"},
				"east": {"uv": [5, 11, 6, 13], "texture": "#cross"},
				"south": {"uv": [5, 11, 6, 13], "texture": "#cross"},
				"west": {"uv": [5, 11, 6, 13], "texture": "#cross"},
				"up": {"uv": [5, 11, 6, 12], "texture": "#cross"},
				"down": {"uv": [5, 12, 6, 13], "texture": "#cross"}
			}
		},
		{
			"from": [14.5, 5.25, 8.25],
			"to": [15.5, 7.25, 9.25],
			"rotation": {"angle": 45, "axis": "y", "origin": [14.15, 20.45, 15.4]},
			"faces": {
				"north": {"uv": [5, 11, 6, 13], "texture": "#cross"},
				"east": {"uv": [5, 11, 6, 13], "texture": "#cross"},
				"south": {"uv": [5, 11, 6, 13], "texture": "#cross"},
				"west": {"uv": [5, 11, 6, 13], "texture": "#cross"},
				"up": {"uv": [5, 11, 6, 12], "rotation": 90, "texture": "#cross"},
				"down": {"uv": [5, 12, 6, 13], "rotation": 270, "texture": "#cross"}
			}
		},
		{
			"from": [18.5, 7.25, 5.25],
			"to": [19.5, 8.25, 6.25],
			"rotation": {"angle": 45, "axis": "y", "origin": [14.15, 20.45, 15.4]},
			"faces": {
				"north": {"uv": [4, 10, 5, 11], "texture": "#cross"},
				"east": {"uv": [4, 10, 5, 11], "texture": "#cross"},
				"south": {"uv": [4, 10, 5, 11], "texture": "#cross"},
				"west": {"uv": [4, 10, 5, 11], "texture": "#cross"},
				"up": {"uv": [4, 10, 5, 11], "texture": "#cross"},
				"down": {"uv": [4, 10, 5, 11], "texture": "#cross"}
			}
		},
		{
			"from": [14.5, 7.25, 9.25],
			"to": [15.5, 8.25, 10.25],
			"rotation": {"angle": 45, "axis": "y", "origin": [14.15, 20.45, 15.4]},
			"faces": {
				"north": {"uv": [4, 10, 5, 11], "texture": "#cross"},
				"east": {"uv": [4, 10, 5, 11], "texture": "#cross"},
				"south": {"uv": [4, 10, 5, 11], "texture": "#cross"},
				"west": {"uv": [4, 10, 5, 11], "texture": "#cross"},
				"up": {"uv": [4, 10, 5, 11], "rotation": 90, "texture": "#cross"},
				"down": {"uv": [4, 10, 5, 11], "rotation": 270, "texture": "#cross"}
			}
		},
		{
			"from": [14.5, 10.25, 5.25],
			"to": [15.5, 11.25, 6.25],
			"rotation": {"angle": 45, "axis": "y", "origin": [14.15, 20.45, 15.4]},
			"faces": {
				"north": {"uv": [8, 7, 9, 8], "texture": "#cross"},
				"east": {"uv": [8, 7, 9, 8], "texture": "#cross"},
				"south": {"uv": [8, 7, 9, 8], "texture": "#cross"},
				"west": {"uv": [8, 7, 9, 8], "texture": "#cross"},
				"up": {"uv": [8, 7, 9, 8], "texture": "#cross"},
				"down": {"uv": [8, 7, 9, 8], "texture": "#cross"}
			}
		},
		{
			"from": [7.5, 11.25, 7.5],
			"to": [8.5, 12.5, 8.5],
			"rotation": {"angle": 0, "axis": "y", "origin": [7.15, 20.45, 17.65]},
			"faces": {
				"north": {"uv": [8, 6, 9, 7], "texture": "#cross"},
				"east": {"uv": [8, 6, 9, 7], "texture": "#cross"},
				"south": {"uv": [8, 6, 9, 7], "texture": "#cross"},
				"west": {"uv": [8, 6, 9, 7], "texture": "#cross"},
				"up": {"uv": [8, 6, 9, 7], "texture": "#cross"},
				"down": {"uv": [8, 6, 9, 7], "texture": "#cross"}
			}
		},
		{
			"from": [5.5, 11.25, 7.5],
			"to": [7.5, 12.25, 8.5],
			"rotation": {"angle": 0, "axis": "y", "origin": [7.15, 20.45, 17.65]},
			"faces": {
				"north": {"uv": [9, 6, 11, 7], "texture": "#cross"},
				"east": {"uv": [9, 6, 10, 7], "texture": "#cross"},
				"south": {"uv": [11, 6, 9, 7], "texture": "#cross"},
				"west": {"uv": [10, 6, 11, 7], "texture": "#cross"},
				"up": {"uv": [11, 6, 9, 7], "texture": "#cross"},
				"down": {"uv": [11, 6, 9, 7], "texture": "#cross"}
			}
		},
		{
			"from": [7.5, 11.25, 5.5],
			"to": [8.5, 12.25, 7.5],
			"rotation": {"angle": 0, "axis": "y", "origin": [7.15, 20.45, 17.65]},
			"faces": {
				"north": {"uv": [10, 6, 11, 7], "texture": "#cross"},
				"east": {"uv": [9, 6, 11, 7], "texture": "#cross"},
				"south": {"uv": [9, 6, 10, 7], "texture": "#cross"},
				"west": {"uv": [11, 6, 9, 7], "texture": "#cross"},
				"up": {"uv": [11, 6, 9, 7], "rotation": 90, "texture": "#cross"},
				"down": {"uv": [11, 6, 9, 7], "rotation": 270, "texture": "#cross"}
			}
		},
		{
			"from": [8.5, 11.25, 7.5],
			"to": [11.5, 12.25, 8.5],
			"rotation": {"angle": 0, "axis": "y", "origin": [7.15, 20.45, 17.65]},
			"faces": {
				"north": {"uv": [5, 6, 8, 7], "texture": "#cross"},
				"east": {"uv": [5, 6, 6, 7], "texture": "#cross"},
				"south": {"uv": [8, 6, 5, 7], "texture": "#cross"},
				"west": {"uv": [7, 6, 8, 7], "texture": "#cross"},
				"up": {"uv": [8, 6, 5, 7], "texture": "#cross"},
				"down": {"uv": [8, 6, 5, 7], "texture": "#cross"}
			}
		},
		{
			"from": [7.5, 11.25, 8.5],
			"to": [8.5, 12.25, 11.5],
			"rotation": {"angle": 0, "axis": "y", "origin": [7.15, 20.45, 17.65]},
			"faces": {
				"north": {"uv": [7, 6, 8, 7], "texture": "#cross"},
				"east": {"uv": [5, 6, 8, 7], "texture": "#cross"},
				"south": {"uv": [5, 6, 6, 7], "texture": "#cross"},
				"west": {"uv": [8, 6, 5, 7], "texture": "#cross"},
				"up": {"uv": [8, 6, 5, 7], "rotation": 90, "texture": "#cross"},
				"down": {"uv": [8, 6, 5, 7], "rotation": 270, "texture": "#cross"}
			}
		},
		{
			"from": [13, 11.5, 12.75],
			"to": [14, 12.25, 15.75],
			"rotation": {"angle": -45, "axis": "y", "origin": [21, 19.25, 5.75]},
			"faces": {
				"north": {"uv": [5, 5, 6, 6], "texture": "#cross"},
				"east": {"uv": [8, 5, 5, 6], "texture": "#cross"},
				"south": {"uv": [7, 5, 8, 6], "texture": "#cross"},
				"west": {"uv": [5, 5, 8, 6], "texture": "#cross"},
				"up": {"uv": [8, 5, 5, 6], "rotation": 270, "texture": "#cross"},
				"down": {"uv": [8, 5, 5, 6], "rotation": 90, "texture": "#cross"}
			}
		},
		{
			"from": [13, 12.25, 12.75],
			"to": [14, 12.75, 13.75],
			"rotation": {"angle": -45, "axis": "y", "origin": [21, 20.25, 5.75]},
			"faces": {
				"north": {"uv": [5, 4, 6, 6], "texture": "#cross"},
				"east": {"uv": [5, 4, 6, 6], "texture": "#cross"},
				"south": {"uv": [5, 4, 6, 6], "texture": "#cross"},
				"west": {"uv": [5, 4, 6, 6], "texture": "#cross"},
				"up": {"uv": [5, 4, 6, 6], "rotation": 270, "texture": "#cross"},
				"down": {"uv": [5, 4, 6, 6], "rotation": 90, "texture": "#cross"}
			}
		},
		{
			"from": [13, 12.25, 14.75],
			"to": [14, 12.5, 15.75],
			"rotation": {"angle": -45, "axis": "y", "origin": [21, 20.25, 5.75]},
			"faces": {
				"north": {"uv": [7, 5, 8, 6], "texture": "#cross"},
				"east": {"uv": [7, 5, 8, 6], "texture": "#cross"},
				"south": {"uv": [7, 5, 8, 6], "texture": "#cross"},
				"west": {"uv": [7, 5, 8, 6], "texture": "#cross"},
				"up": {"uv": [7, 5, 8, 6], "rotation": 270, "texture": "#cross"},
				"down": {"uv": [7, 5, 8, 6], "rotation": 90, "texture": "#cross"}
			}
		},
		{
			"from": [0.25, 11.45, 13],
			"to": [3.25, 12.25, 14],
			"rotation": {"angle": -45, "axis": "y", "origin": [10.25, 19.25, 21]},
			"faces": {
				"north": {"uv": [5, 5, 8, 6], "texture": "#cross"},
				"east": {"uv": [5, 5, 6, 6], "texture": "#cross"},
				"south": {"uv": [8, 5, 5, 6], "texture": "#cross"},
				"west": {"uv": [7, 5, 8, 6], "texture": "#cross"},
				"up": {"uv": [8, 5, 5, 6], "texture": "#cross"},
				"down": {"uv": [8, 5, 5, 6], "texture": "#cross"}
			}
		},
		{
			"from": [2.25, 12.25, 13],
			"to": [3.25, 13, 14],
			"rotation": {"angle": -45, "axis": "y", "origin": [10.25, 20.25, 21]},
			"faces": {
				"north": {"uv": [6, 5, 5, 6], "texture": "#cross"},
				"east": {"uv": [5, 5, 6, 6], "texture": "#cross"},
				"south": {"uv": [6, 5, 5, 6], "texture": "#cross"},
				"west": {"uv": [6, 5, 5, 6], "texture": "#cross"},
				"up": {"uv": [6, 5, 5, 6], "texture": "#cross"},
				"down": {"uv": [6, 5, 5, 6], "texture": "#cross"}
			}
		},
		{
			"from": [0.25, 12.25, 13],
			"to": [1.25, 12.5, 14],
			"rotation": {"angle": -45, "axis": "y", "origin": [10.25, 20.25, 21]},
			"faces": {
				"north": {"uv": [8, 5, 7, 6], "texture": "#cross"},
				"east": {"uv": [8, 5, 7, 6], "texture": "#cross"},
				"south": {"uv": [8, 5, 7, 6], "texture": "#cross"},
				"west": {"uv": [8, 5, 7, 6], "texture": "#cross"},
				"up": {"uv": [8, 5, 7, 6], "texture": "#cross"},
				"down": {"uv": [8, 5, 7, 6], "texture": "#cross"}
			}
		},
		{
			"from": [-1.85, 11.7, 9.65],
			"to": [0.15, 12.45, 10.65],
			"rotation": {"angle": -45, "axis": "y", "origin": [7.15, 19.45, 17.65]},
			"faces": {
				"north": {"uv": [9, 5, 11, 6], "texture": "#cross"},
				"east": {"uv": [9, 5, 11, 6], "texture": "#cross"},
				"south": {"uv": [9, 5, 11, 6], "texture": "#cross"},
				"west": {"uv": [9, 5, 11, 6], "texture": "#cross"},
				"up": {"uv": [9, 5, 11, 6], "texture": "#cross"},
				"down": {"uv": [9, 5, 11, 6], "texture": "#cross"}
			}
		},
		{
			"from": [-2.85, 12.45, 9.65],
			"to": [-0.85, 13.2, 10.65],
			"rotation": {"angle": -45, "axis": "y", "origin": [7.15, 20.45, 17.65]},
			"faces": {
				"north": {"uv": [9, 4, 10, 5], "texture": "#cross"},
				"east": {"uv": [9, 4, 10, 5], "texture": "#cross"},
				"south": {"uv": [9, 4, 10, 5], "texture": "#cross"},
				"west": {"uv": [9, 4, 10, 5], "texture": "#cross"},
				"up": {"uv": [9, 4, 10, 5], "rotation": 270, "texture": "#cross"},
				"down": {"uv": [9, 4, 10, 5], "rotation": 90, "texture": "#cross"}
			}
		},
		{
			"from": [9.7, 11.35, 15.9],
			"to": [10.7, 12.4, 17.9],
			"rotation": {"angle": -45, "axis": "y", "origin": [17.7, 19.15, 8.9]},
			"faces": {
				"north": {"uv": [9, 5, 11, 6], "texture": "#cross"},
				"east": {"uv": [9, 5, 11, 6], "texture": "#cross"},
				"south": {"uv": [9, 5, 11, 6], "texture": "#cross"},
				"west": {"uv": [9, 5, 11, 6], "texture": "#cross"},
				"up": {"uv": [9, 5, 11, 6], "rotation": 270, "texture": "#cross"},
				"down": {"uv": [9, 5, 11, 6], "rotation": 90, "texture": "#cross"}
			}
		},
		{
			"from": [9.7, 12.4, 16.9],
			"to": [10.7, 13.15, 18.9],
			"rotation": {"angle": -45, "axis": "y", "origin": [17.7, 20.15, 8.9]},
			"faces": {
				"north": {"uv": [9, 4, 10, 5], "texture": "#cross"},
				"east": {"uv": [9, 4, 10, 5], "texture": "#cross"},
				"south": {"uv": [9, 4, 10, 5], "texture": "#cross"},
				"west": {"uv": [9, 4, 10, 5], "texture": "#cross"},
				"up": {"uv": [9, 4, 10, 5], "rotation": 270, "texture": "#cross"},
				"down": {"uv": [9, 4, 10, 5], "rotation": 90, "texture": "#cross"}
			}
		},
		{
			"from": [11.5, 12.25, 7.5],
			"to": [12.5, 12.75, 8.5],
			"rotation": {"angle": 0, "axis": "y", "origin": [7.15, 20.45, 17.65]},
			"faces": {
				"north": {"uv": [4, 5, 5, 6], "texture": "#cross"},
				"east": {"uv": [4, 5, 5, 6], "texture": "#cross"},
				"south": {"uv": [4, 5, 5, 6], "texture": "#cross"},
				"west": {"uv": [4, 5, 5, 6], "texture": "#cross"},
				"up": {"uv": [4, 5, 5, 6], "texture": "#cross"},
				"down": {"uv": [4, 5, 5, 6], "texture": "#cross"}
			}
		},
		{
			"from": [7.5, 12.25, 11.5],
			"to": [8.5, 13.25, 12.5],
			"rotation": {"angle": 0, "axis": "y", "origin": [7.15, 20.45, 17.65]},
			"faces": {
				"north": {"uv": [4, 5, 5, 6], "texture": "#cross"},
				"east": {"uv": [4, 5, 5, 6], "texture": "#cross"},
				"south": {"uv": [4, 5, 5, 6], "texture": "#cross"},
				"west": {"uv": [4, 5, 5, 6], "texture": "#cross"},
				"up": {"uv": [4, 5, 5, 6], "rotation": 270, "texture": "#cross"},
				"down": {"uv": [4, 5, 5, 6], "rotation": 90, "texture": "#cross"}
			}
		},
		{
			"from": [7.5, 11.75, 4.5],
			"to": [8.5, 12.75, 5.5],
			"rotation": {"angle": 0, "axis": "y", "origin": [7.15, 20.45, 17.65]},
			"faces": {
				"north": {"uv": [10, 5, 11, 6], "texture": "#cross"},
				"east": {"uv": [10, 5, 11, 6], "texture": "#cross"},
				"south": {"uv": [10, 5, 11, 6], "texture": "#cross"},
				"west": {"uv": [10, 5, 11, 6], "texture": "#cross"},
				"up": {"uv": [10, 5, 11, 6], "texture": "#cross"},
				"down": {"uv": [10, 5, 11, 6], "texture": "#cross"}
			}
		},
		{
			"from": [4.5, 11.75, 7.5],
			"to": [5.5, 12.75, 8.5],
			"rotation": {"angle": 0, "axis": "y", "origin": [7.15, 20.45, 17.65]},
			"faces": {
				"north": {"uv": [10, 5, 11, 6], "texture": "#cross"},
				"east": {"uv": [10, 5, 11, 6], "texture": "#cross"},
				"south": {"uv": [10, 5, 11, 6], "texture": "#cross"},
				"west": {"uv": [10, 5, 11, 6], "texture": "#cross"},
				"up": {"uv": [10, 5, 11, 6], "rotation": 270, "texture": "#cross"},
				"down": {"uv": [10, 5, 11, 6], "rotation": 90, "texture": "#cross"}
			}
		}
	],
	"groups": [
		{
			"name": "flower_pot_cross",
			"origin": [8, 8, 8],
			"color": 0,
			"children": [0, 1, 2, 3, 4]
		},
		{
			"name": "cornflower",
			"origin": [8, 8, 8],
			"color": 0,
			"children": [
				{
					"name": "group",
					"origin": [14, 13, 10],
					"color": 0,
					"children": [5, 6, 7, 8, 9, 10, 11, 12, 13, 14]
				}, 15, 16, 17, 18, 19, 20, 21, 22, 23, 24, 25, 26, 27, 28, 29, 30, 31, 32, 33, 34]
		}
	]
}