{
	"credit": "Made with Blockbench",
	"parent": "block/cross",
	"ambientocclusion": false,
	"textures": {
		"flowerpot": "block/flower_pot",
		"dirt": "block/dirt",
		"cross": "block/pink_tulip"
	},
	"elements": [
		{
			"from": [5, 0, 5],
			"to": [6, 6, 11],
			"faces": {
				"north": {"uv": [10, 10, 11, 16], "texture": "#flowerpot"},
				"east": {"uv": [5, 10, 11, 16], "texture": "#flowerpot"},
				"south": {"uv": [5, 10, 6, 16], "texture": "#flowerpot"},
				"west": {"uv": [5, 10, 11, 16], "texture": "#flowerpot"},
				"up": {"uv": [5, 5, 6, 11], "texture": "#flowerpot"},
				"down": {"uv": [5, 5, 6, 11], "texture": "#flowerpot", "cullface": "down"}
			}
		},
		{
			"from": [10, 0, 5],
			"to": [11, 6, 11],
			"faces": {
				"north": {"uv": [5, 10, 6, 16], "texture": "#flowerpot"},
				"east": {"uv": [5, 10, 11, 16], "texture": "#flowerpot"},
				"south": {"uv": [10, 10, 11, 16], "texture": "#flowerpot"},
				"west": {"uv": [5, 10, 11, 16], "texture": "#flowerpot"},
				"up": {"uv": [10, 5, 11, 11], "texture": "#flowerpot"},
				"down": {"uv": [10, 5, 11, 11], "texture": "#flowerpot", "cullface": "down"}
			}
		},
		{
			"from": [6, 0, 5],
			"to": [10, 6, 6],
			"faces": {
				"north": {"uv": [6, 10, 10, 16], "texture": "#flowerpot"},
				"south": {"uv": [6, 10, 10, 16], "texture": "#flowerpot"},
				"up": {"uv": [6, 5, 10, 6], "texture": "#flowerpot"},
				"down": {"uv": [6, 10, 10, 11], "texture": "#flowerpot", "cullface": "down"}
			}
		},
		{
			"from": [6, 0, 10],
			"to": [10, 6, 11],
			"faces": {
				"north": {"uv": [6, 10, 10, 16], "texture": "#flowerpot"},
				"south": {"uv": [6, 10, 10, 16], "texture": "#flowerpot"},
				"up": {"uv": [6, 10, 10, 11], "texture": "#flowerpot"},
				"down": {"uv": [6, 5, 10, 6], "texture": "#flowerpot", "cullface": "down"}
			}
		},
		{
			"from": [6, 0, 6],
			"to": [10, 4, 10],
			"faces": {
				"up": {"uv": [6, 6, 10, 10], "texture": "#dirt"},
				"down": {"uv": [6, 12, 10, 16], "texture": "#flowerpot", "cullface": "down"}
			}
		},
		{
			"from": [7.5, 2, 7.5],
			"to": [8.5, 11, 8.5],
			"rotation": {"angle": 45, "axis": "y", "origin": [8, 8, 8]},
			"faces": {
				"north": {"uv": [7, 7, 8, 16], "texture": "#cross"},
				"east": {"uv": [7, 7, 8, 16], "texture": "#cross"},
				"south": {"uv": [7, 7, 8, 16], "texture": "#cross"},
				"west": {"uv": [7, 7, 8, 16], "texture": "#cross"},
				"up": {"uv": [7, 7, 8, 8], "texture": "#cross"},
				"down": {"uv": [7, 15, 8, 16], "texture": "#cross"}
			}
		},
		{
			"from": [8.5, 3, 7.9],
			"to": [9.5, 11, 8.1],
			"rotation": {"angle": 45, "axis": "y", "origin": [8, 8, 8]},
			"faces": {
				"north": {"uv": [6, 7, 7, 15], "texture": "#cross"},
				"east": {"uv": [6, 7, 7, 15], "texture": "#cross"},
				"south": {"uv": [6, 7, 7, 15], "texture": "#cross"},
				"west": {"uv": [6, 7, 7, 15], "texture": "#cross"},
				"up": {"uv": [6, 7, 7, 8], "texture": "#cross"},
				"down": {"uv": [6, 14, 7, 15], "texture": "#cross"}
			}
		},
		{
			"from": [7.9, 2.25, 8.5],
			"to": [8.1, 10.25, 9.5],
			"rotation": {"angle": 45, "axis": "y", "origin": [8, 8, 8]},
			"faces": {
				"north": {"uv": [6, 7, 7, 15], "texture": "#cross"},
				"east": {"uv": [6, 7, 7, 15], "texture": "#cross"},
				"south": {"uv": [6, 7, 7, 15], "texture": "#cross"},
				"west": {"uv": [6, 7, 7, 15], "texture": "#cross"},
				"up": {"uv": [6, 7, 7, 8], "rotation": 90, "texture": "#cross"},
				"down": {"uv": [6, 14, 7, 15], "rotation": 270, "texture": "#cross"}
			}
		},
		{
			"from": [9.5, 5, 7.9],
			"to": [10.5, 12, 8.1],
			"rotation": {"angle": 45, "axis": "y", "origin": [8, 8, 8]},
			"faces": {
				"north": {"uv": [5, 6, 6, 13], "texture": "#cross"},
				"east": {"uv": [5, 6, 6, 13], "texture": "#cross"},
				"south": {"uv": [5, 6, 6, 13], "texture": "#cross"},
				"west": {"uv": [5, 6, 6, 13], "texture": "#cross"},
				"up": {"uv": [5, 6, 6, 7], "texture": "#cross"},
				"down": {"uv": [5, 12, 6, 13], "texture": "#cross"}
			}
		},
		{
			"from": [7.9, 4.25, 9.5],
			"to": [8.1, 11.25, 10.5],
			"rotation": {"angle": 45, "axis": "y", "origin": [8, 8, 8]},
			"faces": {
				"north": {"uv": [5, 6, 6, 13], "texture": "#cross"},
				"east": {"uv": [5, 6, 6, 13], "texture": "#cross"},
				"south": {"uv": [5, 6, 6, 13], "texture": "#cross"},
				"west": {"uv": [5, 6, 6, 13], "texture": "#cross"},
				"up": {"uv": [5, 6, 6, 7], "rotation": 90, "texture": "#cross"},
				"down": {"uv": [5, 12, 6, 13], "rotation": 270, "texture": "#cross"}
			}
		},
		{
			"from": [10.5, 10, 7.9],
			"to": [11.5, 13, 8.1],
			"rotation": {"angle": 45, "axis": "y", "origin": [8, 8, 8]},
			"faces": {
				"north": {"uv": [4, 5, 5, 8], "texture": "#cross"},
				"east": {"uv": [4, 5, 5, 8], "texture": "#cross"},
				"south": {"uv": [4, 5, 5, 8], "texture": "#cross"},
				"west": {"uv": [4, 5, 5, 8], "texture": "#cross"},
				"up": {"uv": [4, 5, 5, 6], "texture": "#cross"},
				"down": {"uv": [4, 7, 5, 8], "texture": "#cross"}
			}
		},
		{
			"from": [7.9, 9.25, 10.5],
			"to": [8.1, 12.25, 11.5],
			"rotation": {"angle": 45, "axis": "y", "origin": [8, 8, 8]},
			"faces": {
				"north": {"uv": [4, 5, 5, 8], "texture": "#cross"},
				"east": {"uv": [4, 5, 5, 8], "texture": "#cross"},
				"south": {"uv": [4, 5, 5, 8], "texture": "#cross"},
				"west": {"uv": [4, 5, 5, 8], "texture": "#cross"},
				"up": {"uv": [4, 5, 5, 6], "rotation": 90, "texture": "#cross"},
				"down": {"uv": [4, 7, 5, 8], "rotation": 270, "texture": "#cross"}
			}
		},
		{
			"from": [6.5, 3, 7.9],
			"to": [7.5, 8, 8.1],
			"rotation": {"angle": 45, "axis": "y", "origin": [8, 8, 8]},
			"faces": {
				"north": {"uv": [8, 10, 9, 15], "texture": "#cross"},
				"east": {"uv": [8, 10, 9, 15], "texture": "#cross"},
				"south": {"uv": [8, 10, 9, 15], "texture": "#cross"},
				"west": {"uv": [8, 10, 9, 15], "texture": "#cross"},
				"up": {"uv": [8, 10, 9, 11], "texture": "#cross"},
				"down": {"uv": [8, 14, 9, 15], "texture": "#cross"}
			}
		},
		{
			"from": [7.9, 2.25, 6.5],
			"to": [8.1, 7.25, 7.5],
			"rotation": {"angle": 45, "axis": "y", "origin": [8, 8, 8]},
			"faces": {
				"north": {"uv": [8, 10, 9, 15], "texture": "#cross"},
				"east": {"uv": [8, 10, 9, 15], "texture": "#cross"},
				"south": {"uv": [8, 10, 9, 15], "texture": "#cross"},
				"west": {"uv": [8, 10, 9, 15], "texture": "#cross"},
				"up": {"uv": [8, 10, 9, 11], "rotation": 90, "texture": "#cross"},
				"down": {"uv": [8, 14, 9, 15], "rotation": 270, "texture": "#cross"}
			}
		},
		{
			"from": [5.5, 5, 7.9],
			"to": [6.5, 9, 8.1],
			"rotation": {"angle": 45, "axis": "y", "origin": [8, 8, 8]},
			"faces": {
				"north": {"uv": [9, 9, 10, 13], "texture": "#cross"},
				"east": {"uv": [9, 9, 10, 13], "texture": "#cross"},
				"south": {"uv": [9, 9, 10, 13], "texture": "#cross"},
				"west": {"uv": [9, 9, 10, 13], "texture": "#cross"},
				"up": {"uv": [9, 9, 10, 10], "texture": "#cross"},
				"down": {"uv": [9, 12, 10, 13], "texture": "#cross"}
			}
		},
		{
			"from": [7.9, 4.25, 5.5],
			"to": [8.1, 8.25, 6.5],
			"rotation": {"angle": 45, "axis": "y", "origin": [8, 8, 8]},
			"faces": {
				"north": {"uv": [9, 9, 10, 13], "texture": "#cross"},
				"east": {"uv": [9, 9, 10, 13], "texture": "#cross"},
				"south": {"uv": [9, 9, 10, 13], "texture": "#cross"},
				"west": {"uv": [9, 9, 10, 13], "texture": "#cross"},
				"up": {"uv": [9, 9, 10, 10], "rotation": 90, "texture": "#cross"},
				"down": {"uv": [9, 12, 10, 13], "rotation": 270, "texture": "#cross"}
			}
		},
		{
			"from": [4.5, 7, 7.9],
			"to": [5.5, 10, 8.1],
			"rotation": {"angle": 45, "axis": "y", "origin": [8, 8, 8]},
			"faces": {
				"north": {"uv": [10, 8, 11, 11], "texture": "#cross"},
				"east": {"uv": [10, 8, 11, 11], "texture": "#cross"},
				"south": {"uv": [10, 8, 11, 11], "texture": "#cross"},
				"west": {"uv": [10, 8, 11, 11], "texture": "#cross"},
				"up": {"uv": [10, 8, 11, 9], "texture": "#cross"},
				"down": {"uv": [10, 10, 11, 11], "texture": "#cross"}
			}
		},
		{
			"from": [7.9, 6.25, 4.5],
			"to": [8.1, 9.25, 5.5],
			"rotation": {"angle": 45, "axis": "y", "origin": [8, 8, 8]},
			"faces": {
				"north": {"uv": [10, 8, 11, 11], "texture": "#cross"},
				"east": {"uv": [10, 8, 11, 11], "texture": "#cross"},
				"south": {"uv": [10, 8, 11, 11], "texture": "#cross"},
				"west": {"uv": [10, 8, 11, 11], "texture": "#cross"},
				"up": {"uv": [10, 8, 11, 9], "rotation": 90, "texture": "#cross"},
				"down": {"uv": [10, 10, 11, 11], "rotation": 270, "texture": "#cross"}
			}
		},
		{
			"from": [3.5, 9, 7.9],
			"to": [4.5, 10, 8.1],
			"rotation": {"angle": 45, "axis": "y", "origin": [8, 8, 8]},
			"faces": {
				"north": {"uv": [11, 8, 12, 9], "texture": "#cross"},
				"east": {"uv": [11, 8, 12, 9], "texture": "#cross"},
				"south": {"uv": [11, 8, 12, 9], "texture": "#cross"},
				"west": {"uv": [11, 8, 12, 9], "texture": "#cross"},
				"up": {"uv": [11, 8, 12, 9], "texture": "#cross"},
				"down": {"uv": [11, 8, 12, 9], "texture": "#cross"}
			}
		},
		{
			"from": [7.9, 8.25, 3.5],
			"to": [8.1, 9.25, 4.5],
			"rotation": {"angle": 45, "axis": "y", "origin": [8, 8, 8]},
			"faces": {
				"north": {"uv": [11, 8, 12, 9], "texture": "#cross"},
				"east": {"uv": [11, 8, 12, 9], "texture": "#cross"},
				"south": {"uv": [11, 8, 12, 9], "texture": "#cross"},
				"west": {"uv": [11, 8, 12, 9], "texture": "#cross"},
				"up": {"uv": [11, 8, 12, 9], "rotation": 90, "texture": "#cross"},
				"down": {"uv": [11, 8, 12, 9], "rotation": 270, "texture": "#cross"}
			}
		},
		{
			"from": [7.5, 11, 7.5],
			"to": [8.5, 12, 8.5],
			"rotation": {"angle": 45, "axis": "y", "origin": [8, 8, 8]},
			"faces": {
				"north": {"uv": [7, 6, 8, 7], "texture": "#cross"},
				"east": {"uv": [7, 6, 8, 7], "texture": "#cross"},
				"south": {"uv": [7, 6, 8, 7], "texture": "#cross"},
				"west": {"uv": [7, 6, 8, 7], "texture": "#cross"},
				"up": {"uv": [7, 6, 8, 7], "texture": "#cross"},
				"down": {"uv": [7, 6, 8, 7], "texture": "#cross"}
			}
		},
		{
			"from": [7.5, 11.5, 6.5],
			"to": [8.5, 14, 7.5],
			"rotation": {"angle": 45, "axis": "y", "origin": [8, 8, 8]},
			"faces": {
				"north": {"uv": [7, 4, 8, 6], "texture": "#cross"},
				"east": {"uv": [7, 4, 8, 6], "texture": "#cross"},
				"south": {"uv": [7, 4, 8, 6], "texture": "#cross"},
				"west": {"uv": [7, 4, 8, 6], "texture": "#cross"},
				"up": {"uv": [7, 4, 8, 5], "texture": "#cross"},
				"down": {"uv": [7, 5, 8, 6], "texture": "#cross"}
			}
		},
		{
			"from": [7.5, 11.5, 8.5],
			"to": [8.5, 14, 9.5],
			"rotation": {"angle": 45, "axis": "y", "origin": [8, 8, 8]},
			"faces": {
				"north": {"uv": [7, 4, 8, 6], "texture": "#cross"},
				"east": {"uv": [7, 4, 8, 6], "texture": "#cross"},
				"south": {"uv": [7, 4, 8, 6], "texture": "#cross"},
				"west": {"uv": [7, 4, 8, 6], "texture": "#cross"},
				"up": {"uv": [7, 4, 8, 5], "texture": "#cross"},
				"down": {"uv": [7, 5, 8, 6], "texture": "#cross"}
			}
		},
		{
			"from": [8.5, 11.75, 7.5],
			"to": [9.5, 15, 8.5],
			"rotation": {"angle": 45, "axis": "y", "origin": [8, 8, 8]},
			"faces": {
				"north": {"uv": [6, 3, 7, 6], "texture": "#cross"},
				"east": {"uv": [6, 3, 7, 6], "texture": "#cross"},
				"south": {"uv": [6, 3, 7, 6], "texture": "#cross"},
				"west": {"uv": [6, 3, 7, 6], "texture": "#cross"},
				"up": {"uv": [6, 3, 7, 4], "texture": "#cross"},
				"down": {"uv": [6, 5, 7, 6], "texture": "#cross"}
			}
		},
		{
			"from": [6.5, 11.75, 7.5],
			"to": [7.5, 15, 8.5],
			"rotation": {"angle": 45, "axis": "y", "origin": [8, 8, 8]},
			"faces": {
				"north": {"uv": [6, 3, 7, 6], "texture": "#cross"},
				"east": {"uv": [6, 3, 7, 6], "texture": "#cross"},
				"south": {"uv": [6, 3, 7, 6], "texture": "#cross"},
				"west": {"uv": [6, 3, 7, 6], "texture": "#cross"},
				"up": {"uv": [6, 3, 7, 4], "texture": "#cross"},
				"down": {"uv": [6, 5, 7, 6], "texture": "#cross"}
			}
		}
	],
	"groups": [
		{
			"name": "flower_pot_cross",
			"origin": [8, 8, 8],
			"color": 0,
			"children": [0, 1, 2, 3, 4]
		},
		{
			"name": "red_tulip",
			"origin": [8, 8, 8],
			"color": 0,
			"children": [5, 6, 7, 8, 9, 10, 11, 12, 13, 14, 15, 16, 17, 18, 19, 20, 21, 22, 23, 24]
		}
	]
}