{
	"credit": "Made with Blockbench",
	"parent": "minecraft:block/flower_pot_cross",
	"ambientocclusion": false,
	"textures": {
		"plant": "block/poppy",
		"flowerpot": "block/flower_pot",
		"dirt": "block/dirt"
	},
	"elements": [
		{
			"from": [5, 0, 5],
			"to": [6, 6, 11],
			"faces": {
				"north": {"uv": [10, 10, 11, 16], "texture": "#flowerpot"},
				"east": {"uv": [5, 10, 11, 16], "texture": "#flowerpot"},
				"south": {"uv": [5, 10, 6, 16], "texture": "#flowerpot"},
				"west": {"uv": [5, 10, 11, 16], "texture": "#flowerpot"},
				"up": {"uv": [5, 5, 6, 11], "texture": "#flowerpot"},
				"down": {"uv": [5, 5, 6, 11], "texture": "#flowerpot", "cullface": "down"}
			}
		},
		{
			"from": [10, 0, 5],
			"to": [11, 6, 11],
			"faces": {
				"north": {"uv": [5, 10, 6, 16], "texture": "#flowerpot"},
				"east": {"uv": [5, 10, 11, 16], "texture": "#flowerpot"},
				"south": {"uv": [10, 10, 11, 16], "texture": "#flowerpot"},
				"west": {"uv": [5, 10, 11, 16], "texture": "#flowerpot"},
				"up": {"uv": [10, 5, 11, 11], "texture": "#flowerpot"},
				"down": {"uv": [10, 5, 11, 11], "texture": "#flowerpot", "cullface": "down"}
			}
		},
		{
			"from": [6, 0, 5],
			"to": [10, 6, 6],
			"faces": {
				"north": {"uv": [6, 10, 10, 16], "texture": "#flowerpot"},
				"south": {"uv": [6, 10, 10, 16], "texture": "#flowerpot"},
				"up": {"uv": [6, 5, 10, 6], "texture": "#flowerpot"},
				"down": {"uv": [6, 10, 10, 11], "texture": "#flowerpot", "cullface": "down"}
			}
		},
		{
			"from": [6, 0, 10],
			"to": [10, 6, 11],
			"faces": {
				"north": {"uv": [6, 10, 10, 16], "texture": "#flowerpot"},
				"south": {"uv": [6, 10, 10, 16], "texture": "#flowerpot"},
				"up": {"uv": [6, 10, 10, 11], "texture": "#flowerpot"},
				"down": {"uv": [6, 5, 10, 6], "texture": "#flowerpot", "cullface": "down"}
			}
		},
		{
			"from": [6, 0, 6],
			"to": [10, 4, 10],
			"faces": {
				"up": {"uv": [6, 6, 10, 10], "texture": "#dirt"},
				"down": {"uv": [6, 12, 10, 16], "texture": "#flowerpot", "cullface": "down"}
			}
		},
		{
			"from": [10.5, 5.25, 7.75],
			"to": [11.5, 6.25, 8.25],
			"rotation": {"angle": 45, "axis": "y", "origin": [8.11667, 8.86333, 7.91667]},
			"faces": {
				"north": {"uv": [5, 13, 6, 14], "texture": "#plant"},
				"east": {"uv": [5, 13, 6, 14], "texture": "#plant"},
				"south": {"uv": [5, 13, 6, 14], "texture": "#plant"},
				"west": {"uv": [5, 13, 6, 14], "texture": "#plant"},
				"up": {"uv": [5, 13, 6, 14], "texture": "#plant"},
				"down": {"uv": [5, 13, 6, 14], "texture": "#plant"}
			}
		},
		{
			"from": [7.75, 5.25, 4.5],
			"to": [8.25, 6.25, 5.5],
			"rotation": {"angle": 45, "axis": "y", "origin": [8.11667, 8.86333, 7.91667]},
			"faces": {
				"north": {"uv": [5, 13, 6, 14], "texture": "#plant"},
				"east": {"uv": [5, 13, 6, 14], "texture": "#plant"},
				"south": {"uv": [5, 13, 6, 14], "texture": "#plant"},
				"west": {"uv": [5, 13, 6, 14], "texture": "#plant"},
				"up": {"uv": [5, 13, 6, 14], "rotation": 270, "texture": "#plant"},
				"down": {"uv": [5, 13, 6, 14], "rotation": 90, "texture": "#plant"}
			}
		},
		{
			"from": [7.5, 3.25, 7.5],
			"to": [8.5, 10.25, 8.5],
			"rotation": {"angle": 45, "axis": "y", "origin": [8.11667, 8.86333, 7.91667]},
			"faces": {
				"north": {"uv": [8, 9, 9, 16], "texture": "#plant"},
				"east": {"uv": [8, 9, 9, 16], "texture": "#plant"},
				"south": {"uv": [8, 9, 9, 16], "texture": "#plant"},
				"west": {"uv": [8, 9, 9, 16], "texture": "#plant"},
				"up": {"uv": [8, 9, 9, 10], "texture": "#plant"},
				"down": {"uv": [8, 15, 9, 16], "texture": "#plant"}
			}
		},
		{
			"from": [6.5, 3.25, 7.75],
			"to": [7.5, 5.25, 8.25],
			"rotation": {"angle": 45, "axis": "y", "origin": [8.11667, 8.86333, 7.91667]},
			"faces": {
				"north": {"uv": [9, 14, 10, 16], "texture": "#plant"},
				"east": {"uv": [9, 14, 10, 16], "texture": "#plant"},
				"south": {"uv": [9, 14, 10, 16], "texture": "#plant"},
				"west": {"uv": [9, 14, 10, 16], "texture": "#plant"},
				"up": {"uv": [9, 14, 10, 15], "texture": "#plant"},
				"down": {"uv": [9, 15, 10, 16], "texture": "#plant"}
			}
		},
		{
			"from": [7.75, 3.25, 8.5],
			"to": [8.25, 5.25, 9.5],
			"rotation": {"angle": 45, "axis": "y", "origin": [8.11667, 8.86333, 7.91667]},
			"faces": {
				"north": {"uv": [9, 14, 10, 16], "texture": "#plant"},
				"east": {"uv": [9, 14, 10, 16], "texture": "#plant"},
				"south": {"uv": [9, 14, 10, 16], "texture": "#plant"},
				"west": {"uv": [9, 14, 10, 16], "texture": "#plant"},
				"up": {"uv": [9, 14, 10, 15], "rotation": 270, "texture": "#plant"},
				"down": {"uv": [9, 15, 10, 16], "rotation": 90, "texture": "#plant"}
			}
		},
		{
			"from": [9.5, 4.25, 7.75],
			"to": [10.5, 6.25, 8.25],
			"rotation": {"angle": 45, "axis": "y", "origin": [8.11667, 8.86333, 7.91667]},
			"faces": {
				"north": {"uv": [6, 13, 7, 15], "texture": "#plant"},
				"east": {"uv": [6, 13, 7, 15], "texture": "#plant"},
				"south": {"uv": [6, 13, 7, 15], "texture": "#plant"},
				"west": {"uv": [6, 13, 7, 15], "texture": "#plant"},
				"up": {"uv": [6, 13, 7, 14], "texture": "#plant"},
				"down": {"uv": [6, 14, 7, 15], "texture": "#plant"}
			}
		},
		{
			"from": [7.75, 4.25, 5.5],
			"to": [8.25, 6.25, 6.5],
			"rotation": {"angle": 45, "axis": "y", "origin": [8.11667, 8.86333, 7.91667]},
			"faces": {
				"north": {"uv": [6, 13, 7, 15], "texture": "#plant"},
				"east": {"uv": [6, 13, 7, 15], "texture": "#plant"},
				"south": {"uv": [6, 13, 7, 15], "texture": "#plant"},
				"west": {"uv": [6, 13, 7, 15], "texture": "#plant"},
				"up": {"uv": [6, 13, 7, 14], "rotation": 270, "texture": "#plant"},
				"down": {"uv": [6, 14, 7, 15], "rotation": 90, "texture": "#plant"}
			}
		},
		{
			"from": [8.5, 3.25, 7.75],
			"to": [9.5, 4.25, 8.25],
			"rotation": {"angle": 45, "axis": "y", "origin": [8.11667, 8.86333, 7.91667]},
			"faces": {
				"north": {"uv": [7, 15, 8, 16], "texture": "#plant"},
				"east": {"uv": [7, 15, 8, 16], "texture": "#plant"},
				"south": {"uv": [7, 15, 8, 16], "texture": "#plant"},
				"west": {"uv": [7, 15, 8, 16], "texture": "#plant"},
				"up": {"uv": [7, 15, 8, 16], "texture": "#plant"},
				"down": {"uv": [7, 15, 8, 16], "texture": "#plant"}
			}
		},
		{
			"from": [7.75, 3.25, 6.5],
			"to": [8.25, 4.25, 7.5],
			"rotation": {"angle": 45, "axis": "y", "origin": [8.11667, 8.86333, 7.91667]},
			"faces": {
				"north": {"uv": [7, 15, 8, 16], "texture": "#plant"},
				"east": {"uv": [7, 15, 8, 16], "texture": "#plant"},
				"south": {"uv": [7, 15, 8, 16], "texture": "#plant"},
				"west": {"uv": [7, 15, 8, 16], "texture": "#plant"},
				"up": {"uv": [7, 15, 8, 16], "rotation": 270, "texture": "#plant"},
				"down": {"uv": [7, 15, 8, 16], "rotation": 90, "texture": "#plant"}
			}
		},
		{
			"from": [8.5, 9.25, 7.5],
			"to": [9.5, 10.25, 8.5],
			"rotation": {"angle": 45, "axis": "y", "origin": [8.11667, 8.86333, 7.91667]},
			"faces": {
				"north": {"uv": [7, 9, 8, 10], "texture": "#plant"},
				"east": {"uv": [7, 9, 8, 10], "texture": "#plant"},
				"south": {"uv": [7, 9, 8, 10], "texture": "#plant"},
				"west": {"uv": [7, 9, 8, 10], "texture": "#plant"},
				"up": {"uv": [7, 9, 8, 10], "texture": "#plant"},
				"down": {"uv": [7, 9, 8, 10], "texture": "#plant"}
			}
		},
		{
			"from": [4.5, 5.25, 7.75],
			"to": [6.5, 6.25, 8.25],
			"rotation": {"angle": 45, "axis": "y", "origin": [8.11667, 8.86333, 7.91667]},
			"faces": {
				"north": {"uv": [10, 13, 12, 14], "texture": "#plant"},
				"east": {"uv": [10, 13, 12, 14], "texture": "#plant"},
				"south": {"uv": [10, 13, 12, 14], "texture": "#plant"},
				"west": {"uv": [10, 13, 12, 14], "texture": "#plant"},
				"up": {"uv": [10, 13, 12, 14], "texture": "#plant"},
				"down": {"uv": [10, 13, 12, 14], "texture": "#plant"}
			}
		},
		{
			"from": [7.75, 5.25, 9.5],
			"to": [8.25, 6.25, 11.5],
			"rotation": {"angle": 45, "axis": "y", "origin": [8.11667, 8.86333, 7.91667]},
			"faces": {
				"north": {"uv": [10, 13, 12, 14], "texture": "#plant"},
				"east": {"uv": [10, 13, 12, 14], "texture": "#plant"},
				"south": {"uv": [10, 13, 12, 14], "texture": "#plant"},
				"west": {"uv": [10, 13, 12, 14], "texture": "#plant"},
				"up": {"uv": [10, 13, 12, 14], "rotation": 270, "texture": "#plant"},
				"down": {"uv": [10, 13, 12, 14], "rotation": 90, "texture": "#plant"}
			}
		},
		{
			"from": [6.5, 10.25, 6.5],
			"to": [9.5, 11.25, 9.5],
			"rotation": {"angle": 45, "axis": "y", "origin": [8.11667, 8.86333, 7.91667]},
			"faces": {
				"north": {"uv": [6, 9, 7, 10], "texture": "#plant"},
				"east": {"uv": [6, 9, 7, 10], "texture": "#plant"},
				"south": {"uv": [6, 9, 7, 10], "texture": "#plant"},
				"west": {"uv": [6, 9, 7, 10], "texture": "#plant"},
				"up": {"uv": [6, 9, 7, 10], "texture": "#plant"},
				"down": {"uv": [6, 9, 7, 10], "texture": "#plant"}
			}
		},
		{
			"from": [6.5, 10.25, 5.5],
			"to": [9.5, 11.75, 6.5],
			"rotation": {"angle": 45, "axis": "y", "origin": [8.11667, 8.86333, 7.91667]},
			"faces": {
				"north": {"uv": [6, 7, 7, 10], "rotation": 90, "texture": "#plant"},
				"east": {"uv": [6, 7, 7, 8], "rotation": 90, "texture": "#plant"},
				"south": {"uv": [6, 7, 7, 10], "rotation": 90, "texture": "#plant"},
				"west": {"uv": [6, 7, 7, 8], "rotation": 90, "texture": "#plant"},
				"up": {"uv": [6, 7, 7, 10], "rotation": 90, "texture": "#plant"},
				"down": {"uv": [6, 7, 7, 10], "rotation": 90, "texture": "#plant"}
			}
		},
		{
			"from": [6.5, 11.25, 4.5],
			"to": [9.5, 12.75, 5.5],
			"rotation": {"angle": 45, "axis": "y", "origin": [8.11667, 8.86333, 7.91667]},
			"faces": {
				"north": {"uv": [5, 8, 8, 9], "texture": "#plant"},
				"east": {"uv": [5, 8, 6, 9], "texture": "#plant"},
				"south": {"uv": [5, 8, 8, 9], "texture": "#plant"},
				"west": {"uv": [5, 8, 6, 9], "texture": "#plant"},
				"up": {"uv": [5, 8, 8, 9], "texture": "#plant"},
				"down": {"uv": [5, 8, 8, 9], "texture": "#plant"}
			}
		},
		{
			"from": [6.5, 11.25, 10.5],
			"to": [9.5, 12.75, 11.5],
			"rotation": {"angle": 45, "axis": "y", "origin": [8.11667, 8.86333, 7.91667]},
			"faces": {
				"north": {"uv": [5, 8, 8, 9], "texture": "#plant"},
				"east": {"uv": [5, 8, 8, 9], "texture": "#plant"},
				"south": {"uv": [5, 8, 8, 9], "texture": "#plant"},
				"west": {"uv": [5, 8, 8, 9], "texture": "#plant"},
				"up": {"uv": [5, 8, 8, 9], "texture": "#plant"},
				"down": {"uv": [5, 8, 8, 9], "texture": "#plant"}
			}
		},
		{
			"from": [4.5, 11.25, 6.5],
			"to": [5.5, 12.75, 9.5],
			"rotation": {"angle": 45, "axis": "y", "origin": [8.11667, 8.86333, 7.91667]},
			"faces": {
				"north": {"uv": [5, 8, 8, 9], "texture": "#plant"},
				"east": {"uv": [5, 8, 8, 9], "texture": "#plant"},
				"south": {"uv": [5, 8, 8, 9], "texture": "#plant"},
				"west": {"uv": [5, 8, 8, 9], "texture": "#plant"},
				"up": {"uv": [5, 8, 8, 9], "rotation": 270, "texture": "#plant"},
				"down": {"uv": [5, 8, 8, 9], "rotation": 90, "texture": "#plant"}
			}
		},
		{
			"from": [10.5, 11.25, 6.5],
			"to": [11.5, 12.75, 9.5],
			"rotation": {"angle": 45, "axis": "y", "origin": [8.11667, 8.86333, 7.91667]},
			"faces": {
				"north": {"uv": [5, 8, 8, 9], "texture": "#plant"},
				"east": {"uv": [5, 8, 8, 9], "texture": "#plant"},
				"south": {"uv": [5, 8, 8, 9], "texture": "#plant"},
				"west": {"uv": [5, 8, 8, 9], "texture": "#plant"},
				"up": {"uv": [5, 8, 8, 9], "rotation": 270, "texture": "#plant"},
				"down": {"uv": [5, 8, 8, 9], "rotation": 90, "texture": "#plant"}
			}
		},
		{
			"from": [6.5, 10.25, 9.5],
			"to": [9.5, 11.75, 10.5],
			"rotation": {"angle": 45, "axis": "y", "origin": [8.11667, 8.86333, 7.91667]},
			"faces": {
				"north": {"uv": [6, 7, 7, 10], "rotation": 90, "texture": "#plant"},
				"east": {"uv": [6, 7, 7, 8], "rotation": 90, "texture": "#plant"},
				"south": {"uv": [6, 7, 7, 10], "rotation": 90, "texture": "#plant"},
				"west": {"uv": [6, 7, 7, 8], "rotation": 90, "texture": "#plant"},
				"up": {"uv": [6, 7, 7, 10], "rotation": 90, "texture": "#plant"},
				"down": {"uv": [6, 7, 7, 10], "rotation": 90, "texture": "#plant"}
			}
		},
		{
			"from": [9.5, 10.25, 6.5],
			"to": [10.5, 11.75, 9.5],
			"rotation": {"angle": 45, "axis": "y", "origin": [8.11667, 8.86333, 7.91667]},
			"faces": {
				"north": {"uv": [6, 7, 7, 8], "rotation": 90, "texture": "#plant"},
				"east": {"uv": [6, 7, 7, 10], "rotation": 90, "texture": "#plant"},
				"south": {"uv": [6, 7, 7, 8], "rotation": 90, "texture": "#plant"},
				"west": {"uv": [6, 7, 7, 8], "rotation": 90, "texture": "#plant"},
				"up": {"uv": [6, 7, 7, 10], "texture": "#plant"},
				"down": {"uv": [6, 7, 7, 10], "texture": "#plant"}
			}
		},
		{
			"from": [5.5, 10.25, 6.5],
			"to": [6.5, 11.75, 9.5],
			"rotation": {"angle": 45, "axis": "y", "origin": [8.11667, 8.86333, 7.91667]},
			"faces": {
				"north": {"uv": [6, 7, 7, 8], "rotation": 90, "texture": "#plant"},
				"east": {"uv": [6, 7, 7, 10], "rotation": 90, "texture": "#plant"},
				"south": {"uv": [6, 7, 7, 8], "rotation": 90, "texture": "#plant"},
				"west": {"uv": [6, 7, 7, 10], "rotation": 90, "texture": "#plant"},
				"up": {"uv": [6, 7, 7, 10], "texture": "#plant"},
				"down": {"uv": [6, 7, 7, 10], "texture": "#plant"}
			}
		},
		{
			"from": [9.5, 11, 5.5],
			"to": [10.5, 12.5, 6.5],
			"rotation": {"angle": 45, "axis": "y", "origin": [8.11667, 8.86333, 7.91667]},
			"faces": {
				"north": {"uv": [6, 6, 7, 7], "rotation": 90, "texture": "#plant"},
				"east": {"uv": [6, 6, 7, 7], "rotation": 90, "texture": "#plant"},
				"south": {"uv": [6, 6, 7, 7], "rotation": 90, "texture": "#plant"},
				"west": {"uv": [6, 6, 7, 7], "rotation": 90, "texture": "#plant"},
				"up": {"uv": [6, 6, 7, 7], "rotation": 90, "texture": "#plant"},
				"down": {"uv": [6, 6, 7, 7], "rotation": 90, "texture": "#plant"}
			}
		},
		{
			"from": [9.5, 11, 9.5],
			"to": [10.5, 12.5, 10.5],
			"rotation": {"angle": 45, "axis": "y", "origin": [8.11667, 8.86333, 7.91667]},
			"faces": {
				"north": {"uv": [6, 6, 7, 7], "rotation": 90, "texture": "#plant"},
				"east": {"uv": [6, 6, 7, 7], "rotation": 90, "texture": "#plant"},
				"south": {"uv": [6, 6, 7, 7], "rotation": 90, "texture": "#plant"},
				"west": {"uv": [6, 6, 7, 7], "rotation": 90, "texture": "#plant"},
				"up": {"uv": [6, 6, 7, 7], "rotation": 90, "texture": "#plant"},
				"down": {"uv": [6, 6, 7, 7], "rotation": 90, "texture": "#plant"}
			}
		},
		{
			"from": [5.5, 11, 9.5],
			"to": [6.5, 12.5, 10.5],
			"rotation": {"angle": 45, "axis": "y", "origin": [8.11667, 8.86333, 7.91667]},
			"faces": {
				"north": {"uv": [6, 6, 7, 7], "rotation": 90, "texture": "#plant"},
				"east": {"uv": [6, 6, 7, 7], "rotation": 90, "texture": "#plant"},
				"south": {"uv": [6, 6, 7, 7], "rotation": 90, "texture": "#plant"},
				"west": {"uv": [6, 6, 7, 7], "rotation": 90, "texture": "#plant"},
				"up": {"uv": [6, 6, 7, 7], "rotation": 90, "texture": "#plant"},
				"down": {"uv": [6, 6, 7, 7], "rotation": 90, "texture": "#plant"}
			}
		},
		{
			"from": [5.5, 11, 5.5],
			"to": [6.5, 12.5, 6.5],
			"rotation": {"angle": 45, "axis": "y", "origin": [8.11667, 8.86333, 7.91667]},
			"faces": {
				"north": {"uv": [6, 6, 7, 7], "rotation": 90, "texture": "#plant"},
				"east": {"uv": [6, 6, 7, 7], "rotation": 90, "texture": "#plant"},
				"south": {"uv": [6, 6, 7, 7], "rotation": 90, "texture": "#plant"},
				"west": {"uv": [6, 6, 7, 7], "rotation": 90, "texture": "#plant"},
				"up": {"uv": [6, 6, 7, 7], "rotation": 90, "texture": "#plant"},
				"down": {"uv": [6, 6, 7, 7], "rotation": 90, "texture": "#plant"}
			}
		},
		{
			"from": [6.5, 11.25, 7.5],
			"to": [7.5, 11.7, 8.5],
			"rotation": {"angle": 45, "axis": "y", "origin": [8.11667, 8.86333, 7.91667]},
			"faces": {
				"north": {"uv": [10, 7, 11, 8], "texture": "#plant"},
				"east": {"uv": [10, 7, 11, 8], "texture": "#plant"},
				"south": {"uv": [10, 7, 11, 8], "texture": "#plant"},
				"west": {"uv": [10, 7, 11, 8], "texture": "#plant"},
				"up": {"uv": [10, 7, 11, 8], "texture": "#plant"},
				"down": {"uv": [10, 7, 11, 8], "texture": "#plant"}
			}
		},
		{
			"from": [7.5, 11.25, 7.5],
			"to": [8.5, 12.25, 8.5],
			"rotation": {"angle": 45, "axis": "y", "origin": [8.11667, 8.86333, 7.91667]},
			"faces": {
				"north": {"uv": [7, 7, 8, 8], "texture": "#plant"},
				"east": {"uv": [7, 7, 8, 8], "texture": "#plant"},
				"south": {"uv": [7, 7, 8, 8], "texture": "#plant"},
				"west": {"uv": [7, 7, 8, 8], "texture": "#plant"},
				"up": {"uv": [7, 7, 8, 8], "texture": "#plant"},
				"down": {"uv": [7, 7, 8, 8], "texture": "#plant"}
			}
		},
		{
			"from": [7.5, 11.25, 6.5],
			"to": [8.5, 11.7, 7.5],
			"rotation": {"angle": 45, "axis": "y", "origin": [8.11667, 8.86333, 7.91667]},
			"faces": {
				"north": {"uv": [10, 7, 11, 8], "texture": "#plant"},
				"east": {"uv": [10, 7, 11, 8], "texture": "#plant"},
				"south": {"uv": [10, 7, 11, 8], "texture": "#plant"},
				"west": {"uv": [10, 7, 11, 8], "texture": "#plant"},
				"up": {"uv": [10, 7, 11, 8], "texture": "#plant"},
				"down": {"uv": [10, 7, 11, 8], "texture": "#plant"}
			}
		},
		{
			"from": [8.5, 11.25, 7.5],
			"to": [9.5, 11.7, 8.5],
			"rotation": {"angle": 45, "axis": "y", "origin": [8.11667, 8.86333, 7.91667]},
			"faces": {
				"north": {"uv": [10, 7, 11, 8], "texture": "#plant"},
				"east": {"uv": [6, 7, 7, 8], "texture": "#plant"},
				"south": {"uv": [10, 7, 11, 8], "texture": "#plant"},
				"west": {"uv": [10, 7, 11, 8], "texture": "#plant"},
				"up": {"uv": [10, 7, 11, 8], "texture": "#plant"},
				"down": {"uv": [10, 7, 11, 8], "texture": "#plant"}
			}
		},
		{
			"from": [7.5, 11.25, 8.5],
			"to": [8.5, 11.7, 9.5],
			"rotation": {"angle": 45, "axis": "y", "origin": [8.11667, 8.86333, 7.91667]},
			"faces": {
				"north": {"uv": [10, 7, 11, 8], "texture": "#plant"},
				"east": {"uv": [10, 7, 11, 8], "texture": "#plant"},
				"south": {"uv": [10, 7, 11, 8], "texture": "#plant"},
				"west": {"uv": [10, 7, 11, 8], "texture": "#plant"},
				"up": {"uv": [10, 7, 11, 8], "texture": "#plant"},
				"down": {"uv": [10, 7, 11, 8], "texture": "#plant"}
			}
		}
	],
	"groups": [
		{
			"name": "flower_pot_cross",
			"origin": [8, 8, 8],
			"color": 0,
			"children": [0, 1, 2, 3, 4]
		},
		{
			"name": "poppy",
			"origin": [8, 8, 8],
			"color": 0,
			"children": [
				{
					"name": "group",
					"origin": [8, 8, 8],
					"color": 0,
					"children": [5, 6, 7, 8, 9, 10, 11, 12, 13, 14, 15, 16]
				},
				{
					"name": "flower",
					"origin": [8, 8, 8],
					"color": 0,
					"children": [17, 18, 19, 20, 21, 22, 23, 24, 25, 26, 27, 28, 29,
						{
							"name": "group",
							"origin": [7.5, 8, 8.5],
							"color": 0,
							"children": [30, 31, 32, 33, 34]
						}
					]
				}
			]
		}
	]
}