{
	"credit": "Made with Blockbench",
	"parent": "block/cross",
	"ambientocclusion": false,
	"textures": {
		"flowerpot": "block/flower_pot",
		"dirt": "block/dirt",
		"cross": "block/allium"
	},
	"elements": [
		{
			"from": [5, 0, 5],
			"to": [6, 6, 11],
			"faces": {
				"north": {"uv": [10, 10, 11, 16], "texture": "#flowerpot"},
				"east": {"uv": [5, 10, 11, 16], "texture": "#flowerpot"},
				"south": {"uv": [5, 10, 6, 16], "texture": "#flowerpot"},
				"west": {"uv": [5, 10, 11, 16], "texture": "#flowerpot"},
				"up": {"uv": [5, 5, 6, 11], "texture": "#flowerpot"},
				"down": {"uv": [5, 5, 6, 11], "texture": "#flowerpot", "cullface": "down"}
			}
		},
		{
			"from": [10, 0, 5],
			"to": [11, 6, 11],
			"faces": {
				"north": {"uv": [5, 10, 6, 16], "texture": "#flowerpot"},
				"east": {"uv": [5, 10, 11, 16], "texture": "#flowerpot"},
				"south": {"uv": [10, 10, 11, 16], "texture": "#flowerpot"},
				"west": {"uv": [5, 10, 11, 16], "texture": "#flowerpot"},
				"up": {"uv": [10, 5, 11, 11], "texture": "#flowerpot"},
				"down": {"uv": [10, 5, 11, 11], "texture": "#flowerpot", "cullface": "down"}
			}
		},
		{
			"from": [6, 0, 5],
			"to": [10, 6, 6],
			"faces": {
				"north": {"uv": [6, 10, 10, 16], "texture": "#flowerpot"},
				"south": {"uv": [6, 10, 10, 16], "texture": "#flowerpot"},
				"up": {"uv": [6, 5, 10, 6], "texture": "#flowerpot"},
				"down": {"uv": [6, 10, 10, 11], "texture": "#flowerpot", "cullface": "down"}
			}
		},
		{
			"from": [6, 0, 10],
			"to": [10, 6, 11],
			"faces": {
				"north": {"uv": [6, 10, 10, 16], "texture": "#flowerpot"},
				"south": {"uv": [6, 10, 10, 16], "texture": "#flowerpot"},
				"up": {"uv": [6, 10, 10, 11], "texture": "#flowerpot"},
				"down": {"uv": [6, 5, 10, 6], "texture": "#flowerpot", "cullface": "down"}
			}
		},
		{
			"from": [6, 0, 6],
			"to": [10, 4, 10],
			"faces": {
				"up": {"uv": [6, 6, 10, 10], "texture": "#dirt"},
				"down": {"uv": [6, 12, 10, 16], "texture": "#flowerpot", "cullface": "down"}
			}
		},
		{
			"from": [6.25, 13, 6.25],
			"to": [9.75, 14, 9.75],
			"rotation": {"angle": 45, "axis": "y", "origin": [8, 8, 8]},
			"faces": {
				"north": {"uv": [6, 2, 9, 3], "texture": "#cross"},
				"east": {"uv": [6, 2, 9, 3], "texture": "#cross"},
				"south": {"uv": [6, 2, 9, 3], "texture": "#cross"},
				"west": {"uv": [6, 2, 9, 3], "texture": "#cross"},
				"up": {"uv": [6, 3, 9, 6], "texture": "#cross"},
				"down": {"uv": [6, 3, 9, 6], "texture": "#cross"}
			}
		},
		{
			"from": [5.5, 12, 5.5],
			"to": [10.5, 13, 10.5],
			"rotation": {"angle": 45, "axis": "y", "origin": [8, 8, 8]},
			"faces": {
				"north": {"uv": [5, 3, 10, 4], "texture": "#cross"},
				"east": {"uv": [5, 3, 10, 4], "texture": "#cross"},
				"south": {"uv": [5, 3, 10, 4], "texture": "#cross"},
				"west": {"uv": [5, 3, 10, 4], "texture": "#cross"},
				"up": {"uv": [6, 3, 9, 6], "texture": "#cross"},
				"down": {"uv": [5, 3, 10, 7], "texture": "#cross"}
			}
		},
		{
			"from": [7.5, 0, 7.5],
			"to": [8.5, 8, 8.5],
			"rotation": {"angle": 45, "axis": "y", "origin": [8, 8, 8]},
			"faces": {
				"north": {"uv": [7, 8, 8, 16], "texture": "#cross"},
				"east": {"uv": [7, 8, 8, 16], "texture": "#cross"},
				"south": {"uv": [7, 8, 8, 16], "texture": "#cross"},
				"west": {"uv": [7, 8, 8, 16], "texture": "#cross"},
				"up": {"uv": [7, 7, 8, 8], "texture": "#cross"},
				"down": {"uv": [7, 15, 8, 16], "texture": "#cross"}
			}
		},
		{
			"from": [5, 11, 5],
			"to": [11, 12, 11],
			"rotation": {"angle": 45, "axis": "y", "origin": [8, 8, 8]},
			"faces": {
				"north": {"uv": [4, 4, 11, 5], "texture": "#cross"},
				"east": {"uv": [4, 4, 11, 5], "texture": "#cross"},
				"south": {"uv": [4, 4, 11, 5], "texture": "#cross"},
				"west": {"uv": [4, 4, 11, 5], "texture": "#cross"},
				"up": {"uv": [5, 3, 10, 7], "texture": "#cross"},
				"down": {"uv": [5, 3, 10, 7], "texture": "#cross"}
			}
		},
		{
			"from": [5, 10, 5],
			"to": [11, 11, 11],
			"rotation": {"angle": 45, "axis": "y", "origin": [8, 8, 8]},
			"faces": {
				"north": {"uv": [4, 5, 11, 6], "texture": "#cross"},
				"east": {"uv": [4, 5, 11, 6], "texture": "#cross"},
				"south": {"uv": [4, 5, 11, 6], "texture": "#cross"},
				"west": {"uv": [4, 5, 11, 6], "texture": "#cross"},
				"up": {"uv": [0, 0, 7, 7], "texture": "#missing"},
				"down": {"uv": [5, 3, 10, 7], "texture": "#cross"}
			}
		},
		{
			"from": [5.5, 9, 5.5],
			"to": [10.5, 10, 10.5],
			"rotation": {"angle": 45, "axis": "y", "origin": [8, 8, 8]},
			"faces": {
				"north": {"uv": [5, 6, 10, 7], "texture": "#cross"},
				"east": {"uv": [5, 6, 10, 7], "texture": "#cross"},
				"south": {"uv": [5, 6, 10, 7], "texture": "#cross"},
				"west": {"uv": [5, 6, 10, 7], "texture": "#cross"},
				"up": {"uv": [5, 6, 10, 7], "texture": "#cross"},
				"down": {"uv": [5, 3, 10, 7], "texture": "#cross"}
			}
		},
		{
			"from": [6.5, 8, 6.75],
			"to": [9.5, 9, 9.25],
			"rotation": {"angle": 45, "axis": "y", "origin": [8, 8, 8]},
			"faces": {
				"north": {"uv": [6, 7, 9, 8], "texture": "#cross"},
				"east": {"uv": [6, 7, 9, 8], "texture": "#cross"},
				"south": {"uv": [6, 7, 9, 8], "texture": "#cross"},
				"west": {"uv": [6, 7, 9, 8], "texture": "#cross"},
				"up": {"uv": [0, 0, 3, 3], "texture": "#missing"},
				"down": {"uv": [7, 8, 8, 11], "texture": "#cross"}
			}
		}
	],
	"groups": [
		{
			"name": "flower_pot_cross",
			"origin": [8, 8, 8],
			"color": 0,
			"children": [0, 1, 2, 3, 4]
		},
		{
			"name": "allium",
			"origin": [8, 8, 8],
			"color": 0,
			"children": [5, 6, 7, 8, 9, 10, 11]
		}
	]
}