{
	"credit": "Made with Blockbench",
	"parent": "minecraft:block/cross",
	"ambientocclusion": false,
	"textures": {
		"particle": "block/flower_pot",
		"flowerpot": "block/flower_pot",
		"dirt": "block/dirt",
		"5_cross": "block/crimson_fungus"
	},
	"elements": [
		{
			"from": [5, 0, 5],
			"to": [6, 6, 11],
			"faces": {
				"north": {"uv": [10, 10, 11, 16], "texture": "#flowerpot"},
				"east": {"uv": [5, 10, 11, 16], "texture": "#flowerpot"},
				"south": {"uv": [5, 10, 6, 16], "texture": "#flowerpot"},
				"west": {"uv": [5, 10, 11, 16], "texture": "#flowerpot"},
				"up": {"uv": [5, 5, 6, 11], "texture": "#flowerpot"},
				"down": {"uv": [5, 5, 6, 11], "texture": "#flowerpot", "cullface": "down"}
			}
		},
		{
			"from": [10, 0, 5],
			"to": [11, 6, 11],
			"faces": {
				"north": {"uv": [5, 10, 6, 16], "texture": "#flowerpot"},
				"east": {"uv": [5, 10, 11, 16], "texture": "#flowerpot"},
				"south": {"uv": [10, 10, 11, 16], "texture": "#flowerpot"},
				"west": {"uv": [5, 10, 11, 16], "texture": "#flowerpot"},
				"up": {"uv": [10, 5, 11, 11], "texture": "#flowerpot"},
				"down": {"uv": [10, 5, 11, 11], "texture": "#flowerpot", "cullface": "down"}
			}
		},
		{
			"from": [6, 0, 5],
			"to": [10, 6, 6],
			"faces": {
				"north": {"uv": [6, 10, 10, 16], "texture": "#flowerpot"},
				"south": {"uv": [6, 10, 10, 16], "texture": "#flowerpot"},
				"up": {"uv": [6, 5, 10, 6], "texture": "#flowerpot"},
				"down": {"uv": [6, 10, 10, 11], "texture": "#flowerpot", "cullface": "down"}
			}
		},
		{
			"from": [6, 0, 10],
			"to": [10, 6, 11],
			"faces": {
				"north": {"uv": [6, 10, 10, 16], "texture": "#flowerpot"},
				"south": {"uv": [6, 10, 10, 16], "texture": "#flowerpot"},
				"up": {"uv": [6, 10, 10, 11], "texture": "#flowerpot"},
				"down": {"uv": [6, 5, 10, 6], "texture": "#flowerpot", "cullface": "down"}
			}
		},
		{
			"from": [6, 0, 6],
			"to": [10, 4, 10],
			"faces": {
				"up": {"uv": [6, 6, 10, 10], "texture": "#dirt"},
				"down": {"uv": [6, 12, 10, 16], "texture": "#flowerpot", "cullface": "down"}
			}
		},
		{
			"from": [4, 8, 4],
			"to": [12, 9, 5],
			"rotation": {"angle": 0, "axis": "y", "origin": [8, 7.91667, 8]},
			"faces": {
				"north": {"uv": [4, 10, 12, 11], "texture": "#5_cross"},
				"east": {"uv": [4, 10, 5, 11], "texture": "#5_cross"},
				"south": {"uv": [4, 10, 12, 11], "texture": "#5_cross"},
				"west": {"uv": [11, 10, 12, 11], "texture": "#5_cross"},
				"up": {"uv": [4, 10, 12, 11], "texture": "#5_cross"},
				"down": {"uv": [4, 10, 12, 11], "texture": "#5_cross"}
			}
		},
		{
			"from": [4, 10, 4],
			"to": [12, 11, 5],
			"rotation": {"angle": 0, "axis": "y", "origin": [8, 7.91667, 8]},
			"faces": {
				"north": {"uv": [4, 10, 12, 11], "texture": "#5_cross"},
				"east": {"uv": [4, 10, 5, 11], "texture": "#5_cross"},
				"south": {"uv": [4, 10, 12, 11], "texture": "#5_cross"},
				"west": {"uv": [11, 10, 12, 11], "texture": "#5_cross"},
				"up": {"uv": [12, 8, 4, 9], "texture": "#5_cross"},
				"down": {"uv": [4, 10, 12, 11], "texture": "#5_cross"}
			}
		},
		{
			"from": [4, 10, 11],
			"to": [12, 11, 12],
			"rotation": {"angle": 0, "axis": "y", "origin": [8, 7.91667, 8]},
			"faces": {
				"north": {"uv": [4, 10, 12, 11], "texture": "#5_cross"},
				"east": {"uv": [11, 10, 12, 11], "texture": "#5_cross"},
				"south": {"uv": [4, 10, 12, 11], "texture": "#5_cross"},
				"west": {"uv": [4, 10, 5, 11], "texture": "#5_cross"},
				"up": {"uv": [12, 8, 4, 9], "rotation": 180, "texture": "#5_cross"},
				"down": {"uv": [4, 10, 12, 11], "rotation": 180, "texture": "#5_cross"}
			}
		},
		{
			"from": [4, 8, 11],
			"to": [12, 9, 12],
			"rotation": {"angle": 0, "axis": "y", "origin": [8, 7.91667, 8]},
			"faces": {
				"north": {"uv": [4, 10, 12, 11], "texture": "#5_cross"},
				"east": {"uv": [11, 10, 12, 11], "texture": "#5_cross"},
				"south": {"uv": [4, 10, 12, 11], "texture": "#5_cross"},
				"west": {"uv": [4, 10, 5, 11], "texture": "#5_cross"},
				"up": {"uv": [4, 10, 12, 11], "rotation": 180, "texture": "#5_cross"},
				"down": {"uv": [4, 10, 12, 11], "rotation": 180, "texture": "#5_cross"}
			}
		},
		{
			"from": [11, 8, 5],
			"to": [12, 9, 11],
			"rotation": {"angle": 0, "axis": "y", "origin": [8, 7.91667, 8]},
			"faces": {
				"north": {"uv": [10, 10, 11, 11], "texture": "#5_cross"},
				"east": {"uv": [5, 10, 11, 11], "rotation": 180, "texture": "#5_cross"},
				"south": {"uv": [5, 10, 6, 11], "texture": "#5_cross"},
				"west": {"uv": [5, 10, 11, 11], "rotation": 180, "texture": "#5_cross"},
				"up": {"uv": [5, 10, 11, 11], "rotation": 90, "texture": "#5_cross"},
				"down": {"uv": [5, 10, 11, 11], "rotation": 270, "texture": "#5_cross"}
			}
		},
		{
			"from": [4, 8, 5],
			"to": [5, 9, 11],
			"rotation": {"angle": 0, "axis": "y", "origin": [8, 7.91667, 8]},
			"faces": {
				"north": {"uv": [5, 10, 6, 11], "texture": "#5_cross"},
				"east": {"uv": [5, 10, 11, 11], "rotation": 180, "texture": "#5_cross"},
				"south": {"uv": [10, 10, 11, 11], "texture": "#5_cross"},
				"west": {"uv": [5, 10, 11, 11], "rotation": 180, "texture": "#5_cross"},
				"up": {"uv": [5, 10, 11, 11], "rotation": 270, "texture": "#5_cross"},
				"down": {"uv": [5, 10, 11, 11], "rotation": 90, "texture": "#5_cross"}
			}
		},
		{
			"from": [11, 10, 5],
			"to": [12, 11, 11],
			"rotation": {"angle": 0, "axis": "y", "origin": [8, 7.91667, 8]},
			"faces": {
				"north": {"uv": [5, 10, 6, 11], "texture": "#5_cross"},
				"east": {"uv": [5, 10, 11, 11], "rotation": 180, "texture": "#5_cross"},
				"south": {"uv": [10, 10, 11, 11], "texture": "#5_cross"},
				"west": {"uv": [5, 10, 11, 11], "rotation": 180, "texture": "#5_cross"},
				"up": {"uv": [5, 8, 11, 9], "rotation": 270, "texture": "#5_cross"},
				"down": {"uv": [5, 10, 11, 11], "rotation": 90, "texture": "#5_cross"}
			}
		},
		{
			"from": [4, 10, 5],
			"to": [5, 11, 11],
			"rotation": {"angle": 0, "axis": "y", "origin": [8, 7.91667, 8]},
			"faces": {
				"north": {"uv": [10, 10, 11, 11], "texture": "#5_cross"},
				"east": {"uv": [5, 10, 11, 11], "rotation": 180, "texture": "#5_cross"},
				"south": {"uv": [5, 10, 6, 11], "texture": "#5_cross"},
				"west": {"uv": [5, 10, 11, 11], "rotation": 180, "texture": "#5_cross"},
				"up": {"uv": [5, 8, 11, 9], "rotation": 90, "texture": "#5_cross"},
				"down": {"uv": [5, 10, 11, 11], "rotation": 270, "texture": "#5_cross"}
			}
		},
		{
			"from": [3, 9, 3],
			"to": [13, 11, 4],
			"rotation": {"angle": 0, "axis": "y", "origin": [8, 7.91667, 8]},
			"faces": {
				"north": {"uv": [3, 8, 13, 10], "texture": "#5_cross"},
				"east": {"uv": [12, 8, 13, 10], "texture": "#5_cross"},
				"south": {"uv": [3, 8, 13, 10], "texture": "#5_cross"},
				"west": {"uv": [3, 8, 4, 10], "texture": "#5_cross"},
				"up": {"uv": [13, 8, 3, 9], "texture": "#5_cross"},
				"down": {"uv": [13, 9, 3, 10], "texture": "#5_cross"}
			}
		},
		{
			"from": [3, 9, 12],
			"to": [13, 11, 13],
			"rotation": {"angle": 0, "axis": "y", "origin": [8, 7.91667, 8]},
			"faces": {
				"north": {"uv": [3, 8, 13, 10], "texture": "#5_cross"},
				"east": {"uv": [3, 8, 4, 10], "texture": "#5_cross"},
				"south": {"uv": [3, 8, 13, 10], "texture": "#5_cross"},
				"west": {"uv": [12, 8, 13, 10], "texture": "#5_cross"},
				"up": {"uv": [13, 8, 3, 9], "rotation": 180, "texture": "#5_cross"},
				"down": {"uv": [13, 9, 3, 10], "rotation": 180, "texture": "#5_cross"}
			}
		},
		{
			"from": [3, 9, 4],
			"to": [4, 11, 12],
			"rotation": {"angle": 0, "axis": "y", "origin": [8, 7.91667, 8]},
			"faces": {
				"north": {"uv": [0, 0, 1, 2], "texture": "#missing"},
				"east": {"uv": [4, 8, 12, 10], "texture": "#5_cross"},
				"south": {"uv": [0, 0, 1, 2], "texture": "#missing"},
				"west": {"uv": [4, 8, 12, 10], "texture": "#5_cross"},
				"up": {"uv": [12, 8, 4, 9], "rotation": 270, "texture": "#5_cross"},
				"down": {"uv": [12, 9, 4, 10], "rotation": 90, "texture": "#5_cross"}
			}
		},
		{
			"from": [12, 9, 4],
			"to": [13, 11, 12],
			"rotation": {"angle": 0, "axis": "y", "origin": [8, 7.91667, 8]},
			"faces": {
				"north": {"uv": [0, 0, 1, 2], "texture": "#missing"},
				"east": {"uv": [4, 8, 12, 10], "texture": "#5_cross"},
				"south": {"uv": [0, 0, 1, 2], "texture": "#missing"},
				"west": {"uv": [4, 8, 12, 10], "texture": "#5_cross"},
				"up": {"uv": [12, 8, 4, 9], "rotation": 90, "texture": "#5_cross"},
				"down": {"uv": [12, 9, 4, 10], "rotation": 270, "texture": "#5_cross"}
			}
		},
		{
			"from": [5, 11, 5],
			"to": [11, 14, 6],
			"rotation": {"angle": 0, "axis": "y", "origin": [8, 7.91667, 8]},
			"faces": {
				"north": {"uv": [5, 5, 11, 8], "texture": "#5_cross"},
				"east": {"uv": [10, 5, 11, 8], "texture": "#5_cross"},
				"south": {"uv": [5, 5, 11, 8], "texture": "#5_cross"},
				"west": {"uv": [5, 5, 6, 8], "texture": "#5_cross"},
				"up": {"uv": [11, 5, 5, 6], "texture": "#5_cross"},
				"down": {"uv": [11, 7, 5, 8], "texture": "#5_cross"}
			}
		},
		{
			"from": [5, 11, 10],
			"to": [11, 14, 11],
			"rotation": {"angle": 0, "axis": "y", "origin": [8, 7.91667, 8]},
			"faces": {
				"north": {"uv": [5, 5, 11, 8], "texture": "#5_cross"},
				"east": {"uv": [5, 5, 6, 8], "texture": "#5_cross"},
				"south": {"uv": [5, 5, 11, 8], "texture": "#5_cross"},
				"west": {"uv": [10, 5, 11, 8], "texture": "#5_cross"},
				"up": {"uv": [11, 5, 5, 6], "rotation": 180, "texture": "#5_cross"},
				"down": {"uv": [11, 7, 5, 8], "rotation": 180, "texture": "#5_cross"}
			}
		},
		{
			"from": [5, 11, 6],
			"to": [6, 14, 10],
			"rotation": {"angle": 0, "axis": "y", "origin": [8, 7.91667, 8]},
			"faces": {
				"north": {"uv": [0, 0, 1, 3], "texture": "#missing"},
				"east": {"uv": [6, 5, 10, 8], "texture": "#5_cross"},
				"south": {"uv": [0, 0, 1, 3], "texture": "#missing"},
				"west": {"uv": [6, 5, 10, 8], "texture": "#5_cross"},
				"up": {"uv": [6, 5, 10, 6], "rotation": 90, "texture": "#5_cross"},
				"down": {"uv": [6, 7, 10, 8], "rotation": 90, "texture": "#5_cross"}
			}
		},
		{
			"from": [10, 11, 6],
			"to": [11, 14, 10],
			"rotation": {"angle": 0, "axis": "y", "origin": [8, 7.91667, 8]},
			"faces": {
				"north": {"uv": [0, 0, 1, 3], "texture": "#missing"},
				"east": {"uv": [6, 5, 10, 8], "texture": "#5_cross"},
				"south": {"uv": [0, 0, 1, 3], "texture": "#missing"},
				"west": {"uv": [6, 5, 10, 8], "texture": "#5_cross"},
				"up": {"uv": [6, 5, 10, 6], "rotation": 270, "texture": "#5_cross"},
				"down": {"uv": [6, 7, 10, 8], "rotation": 270, "texture": "#5_cross"}
			}
		},
		{
			"from": [6, 14, 6],
			"to": [10, 15, 7],
			"rotation": {"angle": 0, "axis": "y", "origin": [8, 7.91667, 8]},
			"faces": {
				"north": {"uv": [6, 4, 10, 5], "texture": "#5_cross"},
				"east": {"uv": [9, 4, 10, 5], "texture": "#5_cross"},
				"south": {"uv": [6, 4, 10, 5], "texture": "#5_cross"},
				"west": {"uv": [6, 4, 7, 5], "texture": "#5_cross"},
				"up": {"uv": [10, 4, 6, 5], "texture": "#5_cross"},
				"down": {"uv": [10, 4, 6, 5], "texture": "#5_cross"}
			}
		},
		{
			"from": [6, 14, 9],
			"to": [10, 15, 10],
			"rotation": {"angle": 0, "axis": "y", "origin": [8, 7.91667, 8]},
			"faces": {
				"north": {"uv": [6, 4, 10, 5], "texture": "#5_cross"},
				"east": {"uv": [6, 4, 7, 5], "texture": "#5_cross"},
				"south": {"uv": [6, 4, 10, 5], "texture": "#5_cross"},
				"west": {"uv": [9, 4, 10, 5], "texture": "#5_cross"},
				"up": {"uv": [10, 4, 6, 5], "rotation": 180, "texture": "#5_cross"},
				"down": {"uv": [10, 4, 6, 5], "rotation": 180, "texture": "#5_cross"}
			}
		},
		{
			"from": [6, 14, 7],
			"to": [7, 15, 9],
			"rotation": {"angle": 0, "axis": "y", "origin": [8, 7.91667, 8]},
			"faces": {
				"north": {"uv": [0, 0, 1, 1], "texture": "#missing"},
				"east": {"uv": [7, 4, 9, 5], "texture": "#5_cross"},
				"south": {"uv": [0, 0, 1, 1], "texture": "#missing"},
				"west": {"uv": [7, 4, 9, 5], "texture": "#5_cross"},
				"up": {"uv": [7, 4, 9, 5], "rotation": 90, "texture": "#5_cross"},
				"down": {"uv": [7, 4, 9, 5], "rotation": 90, "texture": "#5_cross"}
			}
		},
		{
			"from": [9, 14, 7],
			"to": [10, 15, 9],
			"rotation": {"angle": 0, "axis": "y", "origin": [8, 7.91667, 8]},
			"faces": {
				"north": {"uv": [0, 0, 1, 1], "texture": "#missing"},
				"east": {"uv": [7, 4, 9, 5], "texture": "#5_cross"},
				"south": {"uv": [0, 0, 1, 1], "texture": "#missing"},
				"west": {"uv": [7, 4, 9, 5], "texture": "#5_cross"},
				"up": {"uv": [7, 4, 9, 5], "rotation": 270, "texture": "#5_cross"},
				"down": {"uv": [7, 4, 9, 5], "rotation": 270, "texture": "#5_cross"}
			}
		},
		{
			"from": [7, 14, 7],
			"to": [9, 15, 9],
			"rotation": {"angle": 0, "axis": "y", "origin": [8, 7.91667, 8]},
			"faces": {
				"north": {"uv": [0, 0, 2, 1], "texture": "#missing"},
				"east": {"uv": [0, 0, 2, 1], "texture": "#missing"},
				"south": {"uv": [0, 0, 2, 1], "texture": "#missing"},
				"west": {"uv": [0, 0, 2, 1], "texture": "#missing"},
				"up": {"uv": [8, 4, 9, 5], "texture": "#5_cross"},
				"down": {"uv": [8, 4, 9, 6], "texture": "#5_cross"}
			}
		},
		{
			"from": [7, 3, 7],
			"to": [9, 8, 9],
			"rotation": {"angle": 0, "axis": "y", "origin": [8, 7.91667, 8]},
			"faces": {
				"north": {"uv": [7, 11, 9, 16], "texture": "#5_cross"},
				"east": {"uv": [7, 11, 9, 16], "texture": "#5_cross"},
				"south": {"uv": [7, 11, 9, 16], "texture": "#5_cross"},
				"west": {"uv": [7, 11, 9, 16], "texture": "#5_cross"},
				"up": {"uv": [7, 11, 9, 13], "texture": "#5_cross"},
				"down": {"uv": [7, 14, 9, 16], "texture": "#5_cross"}
			}
		},
		{
			"from": [7, 8, 7],
			"to": [9, 9, 9],
			"rotation": {"angle": 0, "axis": "y", "origin": [8, 7.91667, 8]},
			"faces": {
				"north": {"uv": [7, 12, 9, 13], "texture": "#5_cross"},
				"east": {"uv": [7, 12, 9, 13], "texture": "#5_cross"},
				"south": {"uv": [7, 12, 9, 13], "texture": "#5_cross"},
				"west": {"uv": [7, 12, 9, 13], "texture": "#5_cross"},
				"up": {"uv": [7, 11, 9, 13], "texture": "#5_cross"},
				"down": {"uv": [7, 14, 9, 16], "texture": "#5_cross"}
			}
		},
		{
			"from": [5, 9, 5],
			"to": [11, 10, 11],
			"rotation": {"angle": 0, "axis": "y", "origin": [8, 7.91667, 8]},
			"faces": {
				"north": {"uv": [0, 0, 6, 1], "texture": "#missing"},
				"east": {"uv": [0, 0, 6, 1], "texture": "#missing"},
				"south": {"uv": [0, 0, 6, 1], "texture": "#missing"},
				"west": {"uv": [0, 0, 6, 1], "texture": "#missing"},
				"up": {"uv": [0, 0, 6, 6], "texture": "#missing"},
				"down": {"uv": [5, 8, 11, 11], "texture": "#5_cross"}
			}
		}
	],
	"groups": [
		{
			"name": "flower_pot_cross",
			"origin": [8, 8, 8],
			"color": 0,
			"children": [0, 1, 2, 3, 4]
		},
		{
			"name": "crimson_fungus",
			"origin": [8, 8, 8],
			"color": 0,
			"children": [5, 6, 7, 8, 9, 10, 11, 12, 13, 14, 15, 16, 17, 18, 19, 20, 21, 22, 23, 24, 25, 26, 27, 28]
		}
	]
}