{
	"credit": "Made with Blockbench",
	"parent": "block/cross",
	"ambientocclusion": false,
	"textures": {
		"particle": "block/flower_pot",
		"flowerpot": "block/flower_pot",
		"dirt": "block/dirt",
		"cross": "block/brown_mushroom"
	},
	"elements": [
		{
			"from": [5, 0, 5],
			"to": [6, 6, 11],
			"faces": {
				"north": {"uv": [10, 10, 11, 16], "texture": "#flowerpot"},
				"east": {"uv": [5, 10, 11, 16], "texture": "#flowerpot"},
				"south": {"uv": [5, 10, 6, 16], "texture": "#flowerpot"},
				"west": {"uv": [5, 10, 11, 16], "texture": "#flowerpot"},
				"up": {"uv": [5, 5, 6, 11], "texture": "#flowerpot"},
				"down": {"uv": [5, 5, 6, 11], "texture": "#flowerpot", "cullface": "down"}
			}
		},
		{
			"from": [10, 0, 5],
			"to": [11, 6, 11],
			"faces": {
				"north": {"uv": [5, 10, 6, 16], "texture": "#flowerpot"},
				"east": {"uv": [5, 10, 11, 16], "texture": "#flowerpot"},
				"south": {"uv": [10, 10, 11, 16], "texture": "#flowerpot"},
				"west": {"uv": [5, 10, 11, 16], "texture": "#flowerpot"},
				"up": {"uv": [10, 5, 11, 11], "texture": "#flowerpot"},
				"down": {"uv": [10, 5, 11, 11], "texture": "#flowerpot", "cullface": "down"}
			}
		},
		{
			"from": [6, 0, 5],
			"to": [10, 6, 6],
			"faces": {
				"north": {"uv": [6, 10, 10, 16], "texture": "#flowerpot"},
				"south": {"uv": [6, 10, 10, 16], "texture": "#flowerpot"},
				"up": {"uv": [6, 5, 10, 6], "texture": "#flowerpot"},
				"down": {"uv": [6, 10, 10, 11], "texture": "#flowerpot", "cullface": "down"}
			}
		},
		{
			"from": [6, 0, 10],
			"to": [10, 6, 11],
			"faces": {
				"north": {"uv": [6, 10, 10, 16], "texture": "#flowerpot"},
				"south": {"uv": [6, 10, 10, 16], "texture": "#flowerpot"},
				"up": {"uv": [6, 10, 10, 11], "texture": "#flowerpot"},
				"down": {"uv": [6, 5, 10, 6], "texture": "#flowerpot", "cullface": "down"}
			}
		},
		{
			"from": [6, 0, 6],
			"to": [10, 4, 10],
			"faces": {
				"up": {"uv": [6, 6, 10, 10], "texture": "#dirt"},
				"down": {"uv": [6, 12, 10, 16], "texture": "#flowerpot", "cullface": "down"}
			}
		},
		{
			"from": [7, 4, 7],
			"to": [9, 8, 9],
			"faces": {
				"north": {"uv": [7, 12, 9, 16], "texture": "#cross"},
				"east": {"uv": [7, 12, 8, 16], "texture": "#cross"},
				"south": {"uv": [9, 12, 7, 16], "texture": "#cross"},
				"west": {"uv": [8, 12, 9, 16], "texture": "#cross"},
				"up": {"uv": [0, 0, 2, 2], "texture": "#missing"},
				"down": {"uv": [9, 14, 7, 16], "texture": "#cross"}
			}
		},
		{
			"from": [7, 8, 7],
			"to": [9, 9, 9],
			"faces": {
				"north": {"uv": [7, 12, 9, 13], "texture": "#cross"},
				"east": {"uv": [7, 12, 8, 13], "texture": "#cross"},
				"south": {"uv": [9, 12, 7, 13], "texture": "#cross"},
				"west": {"uv": [8, 12, 9, 13], "texture": "#cross"},
				"up": {"uv": [0, 0, 2, 2], "texture": "#missing"},
				"down": {"uv": [9, 14, 7, 16], "texture": "#cross"}
			}
		},
		{
			"from": [6, 11, 6],
			"to": [10, 12, 10],
			"faces": {
				"north": {"uv": [6, 8, 10, 9], "texture": "#cross"},
				"east": {"uv": [6, 8, 10, 9], "texture": "#cross"},
				"south": {"uv": [10, 8, 6, 9], "texture": "#cross"},
				"west": {"uv": [6, 8, 10, 9], "texture": "#cross"},
				"up": {"uv": [9, 8, 6, 10], "texture": "#cross"},
				"down": {"uv": [0, 0, 4, 4], "texture": "#missing"}
			}
		},
		{
			"from": [5, 10, 5],
			"to": [11, 11, 11],
			"faces": {
				"north": {"uv": [5, 9, 11, 10], "texture": "#cross"},
				"east": {"uv": [5, 9, 11, 10], "texture": "#cross"},
				"south": {"uv": [11, 9, 5, 10], "texture": "#cross"},
				"west": {"uv": [5, 9, 11, 10], "texture": "#cross"},
				"down": {"uv": [0, 0, 4, 4], "texture": "#missing"}
			}
		},
		{
			"from": [4, 9, 4],
			"to": [12, 10, 12],
			"faces": {
				"north": {"uv": [4, 10, 12, 11], "texture": "#cross"},
				"east": {"uv": [4, 10, 12, 11], "texture": "#cross"},
				"south": {"uv": [12, 10, 4, 11], "texture": "#cross"},
				"west": {"uv": [4, 10, 12, 11], "texture": "#cross"},
				"down": {"uv": [8, 11, 9, 12], "texture": "#cross"}
			}
		},
		{
			"from": [4, 8, 4],
			"to": [12, 9, 5],
			"faces": {
				"north": {"uv": [4, 11, 12, 12], "texture": "#cross"},
				"east": {"uv": [4, 11, 5, 12], "texture": "#cross"},
				"south": {"uv": [12, 11, 4, 12], "texture": "#cross"},
				"west": {"uv": [11, 11, 12, 12], "texture": "#cross"},
				"up": {"uv": [12, 11, 4, 12], "texture": "#cross"},
				"down": {"uv": [4, 11, 12, 12], "texture": "#cross"}
			}
		},
		{
			"from": [4, 8, 11],
			"to": [12, 9, 12],
			"faces": {
				"north": {"uv": [4, 11, 12, 12], "texture": "#cross"},
				"east": {"uv": [4, 11, 5, 12], "texture": "#cross"},
				"south": {"uv": [12, 11, 4, 12], "texture": "#cross"},
				"west": {"uv": [11, 11, 12, 12], "texture": "#cross"},
				"up": {"uv": [12, 11, 4, 12], "texture": "#cross"},
				"down": {"uv": [4, 11, 12, 12], "texture": "#cross"}
			}
		},
		{
			"from": [11, 8, 4],
			"to": [12, 9, 12],
			"faces": {
				"north": {"uv": [4, 11, 5, 12], "texture": "#cross"},
				"east": {"uv": [4, 11, 12, 12], "texture": "#cross"},
				"south": {"uv": [5, 11, 4, 12], "texture": "#cross"},
				"west": {"uv": [4, 11, 5, 12], "texture": "#cross"},
				"up": {"uv": [12, 11, 4, 12], "texture": "#cross"},
				"down": {"uv": [4, 11, 5, 12], "texture": "#cross"}
			}
		},
		{
			"from": [4, 8, 4],
			"to": [5, 9, 12],
			"faces": {
				"north": {"uv": [11, 11, 12, 12], "texture": "#cross"},
				"east": {"uv": [11, 11, 12, 12], "texture": "#cross"},
				"south": {"uv": [12, 11, 11, 12], "texture": "#cross"},
				"west": {"uv": [4, 11, 12, 12], "texture": "#cross"},
				"up": {"uv": [12, 11, 4, 12], "texture": "#cross"},
				"down": {"uv": [11, 11, 12, 12], "texture": "#cross"}
			}
		},
		{
			"from": [4, 9, 4],
			"to": [5, 10, 12],
			"faces": {
				"up": {"uv": [4, 10, 12, 11], "rotation": 90, "texture": "#cross"}
			}
		},
		{
			"from": [11, 9, 4],
			"to": [12, 10, 12],
			"faces": {
				"up": {"uv": [12, 10, 4, 11], "rotation": 90, "texture": "#cross"}
			}
		},
		{
			"from": [5, 9, 4],
			"to": [11, 10, 12],
			"faces": {
				"up": {"uv": [11, 10, 5, 11], "texture": "#cross"}
			}
		},
		{
			"from": [10, 10, 5],
			"to": [11, 11, 11],
			"faces": {
				"up": {"uv": [11, 9, 5, 10], "rotation": 90, "texture": "#cross"}
			}
		},
		{
			"from": [5, 10, 5],
			"to": [6, 11, 11],
			"faces": {
				"up": {"uv": [11, 9, 5, 10], "rotation": 270, "texture": "#cross"}
			}
		},
		{
			"from": [6, 10, 5],
			"to": [10, 11, 11],
			"faces": {
				"up": {"uv": [10, 9, 6, 10], "texture": "#cross"}
			}
		}
	],
	"groups": [
		{
			"name": "flower_pot_cross",
			"origin": [8, 8, 8],
			"color": 0,
			"children": [0, 1, 2, 3, 4]
		},
		{
			"name": "brown_mushroom",
			"origin": [8, 8, 8],
			"color": 0,
			"children": [5, 6, 7, 8, 9, 10, 11, 12, 13, 14, 15, 16, 17, 18, 19]
		}
	]
}