{
	"credit": "Made with Blockbench",
	"parent": "block/cross",
	"ambientocclusion": false,
	"textures": {
		"flowerpot": "block/flower_pot",
		"dirt": "block/dirt",
		"cross": "block/blue_orchid"
	},
	"elements": [
		{
			"from": [5, 0, 5],
			"to": [6, 6, 11],
			"faces": {
				"north": {"uv": [10, 10, 11, 16], "texture": "#flowerpot"},
				"east": {"uv": [5, 10, 11, 16], "texture": "#flowerpot"},
				"south": {"uv": [5, 10, 6, 16], "texture": "#flowerpot"},
				"west": {"uv": [5, 10, 11, 16], "texture": "#flowerpot"},
				"up": {"uv": [5, 5, 6, 11], "texture": "#flowerpot"},
				"down": {"uv": [5, 5, 6, 11], "texture": "#flowerpot", "cullface": "down"}
			}
		},
		{
			"from": [10, 0, 5],
			"to": [11, 6, 11],
			"faces": {
				"north": {"uv": [5, 10, 6, 16], "texture": "#flowerpot"},
				"east": {"uv": [5, 10, 11, 16], "texture": "#flowerpot"},
				"south": {"uv": [10, 10, 11, 16], "texture": "#flowerpot"},
				"west": {"uv": [5, 10, 11, 16], "texture": "#flowerpot"},
				"up": {"uv": [10, 5, 11, 11], "texture": "#flowerpot"},
				"down": {"uv": [10, 5, 11, 11], "texture": "#flowerpot", "cullface": "down"}
			}
		},
		{
			"from": [6, 0, 5],
			"to": [10, 6, 6],
			"faces": {
				"north": {"uv": [6, 10, 10, 16], "texture": "#flowerpot"},
				"south": {"uv": [6, 10, 10, 16], "texture": "#flowerpot"},
				"up": {"uv": [6, 5, 10, 6], "texture": "#flowerpot"},
				"down": {"uv": [6, 10, 10, 11], "texture": "#flowerpot", "cullface": "down"}
			}
		},
		{
			"from": [6, 0, 10],
			"to": [10, 6, 11],
			"faces": {
				"north": {"uv": [6, 10, 10, 16], "texture": "#flowerpot"},
				"south": {"uv": [6, 10, 10, 16], "texture": "#flowerpot"},
				"up": {"uv": [6, 10, 10, 11], "texture": "#flowerpot"},
				"down": {"uv": [6, 5, 10, 6], "texture": "#flowerpot", "cullface": "down"}
			}
		},
		{
			"from": [6, 0, 6],
			"to": [10, 4, 10],
			"faces": {
				"up": {"uv": [6, 6, 10, 10], "texture": "#dirt"},
				"down": {"uv": [6, 12, 10, 16], "texture": "#flowerpot", "cullface": "down"}
			}
		},
		{
			"from": [8.6434, 11.75, 7.5],
			"to": [9.6434, 13.75, 8.5],
			"rotation": {"angle": 45, "axis": "y", "origin": [8.3934, 9.76316, 8]},
			"faces": {
				"north": {"uv": [7, 6, 8, 8], "texture": "#cross"},
				"east": {"uv": [7, 6, 8, 8], "texture": "#cross"},
				"south": {"uv": [7, 6, 8, 8], "texture": "#cross"},
				"west": {"uv": [7, 6, 8, 8], "texture": "#cross"},
				"up": {"uv": [7, 6, 8, 7], "texture": "#cross"},
				"down": {"uv": [7, 7, 8, 8], "texture": "#cross"}
			}
		},
		{
			"from": [7.6434, 3.75, 7.5],
			"to": [8.6434, 6.75, 8.5],
			"rotation": {"angle": 45, "axis": "y", "origin": [8.3934, 9.76316, 8]},
			"faces": {
				"north": {"uv": [8, 13, 9, 16], "texture": "#cross"},
				"east": {"uv": [8, 13, 9, 16], "texture": "#cross"},
				"south": {"uv": [8, 13, 9, 16], "texture": "#cross"},
				"west": {"uv": [8, 13, 9, 16], "texture": "#cross"},
				"up": {"uv": [8, 13, 9, 14], "texture": "#cross"},
				"down": {"uv": [8, 15, 9, 16], "texture": "#cross"}
			}
		},
		{
			"from": [7.6434, 6.75, 7.5],
			"to": [8.6434, 9.75, 8.5],
			"rotation": {"angle": 45, "axis": "y", "origin": [8.3934, 9.76316, 8]},
			"faces": {
				"north": {"uv": [8, 13, 9, 16], "texture": "#cross"},
				"east": {"uv": [8, 13, 9, 16], "texture": "#cross"},
				"south": {"uv": [8, 13, 9, 16], "texture": "#cross"},
				"west": {"uv": [8, 13, 9, 16], "texture": "#cross"},
				"up": {"uv": [8, 13, 9, 14], "texture": "#cross"},
				"down": {"uv": [8, 15, 9, 16], "texture": "#cross"}
			}
		},
		{
			"from": [7.6434, 9.75, 7.5],
			"to": [8.6434, 11.75, 8.5],
			"rotation": {"angle": 45, "axis": "y", "origin": [8.3934, 9.76316, 8]},
			"faces": {
				"north": {"uv": [8, 8, 9, 9], "texture": "#cross"},
				"east": {"uv": [8, 8, 9, 9], "texture": "#cross"},
				"south": {"uv": [8, 8, 9, 9], "texture": "#cross"},
				"west": {"uv": [8, 8, 9, 9], "texture": "#cross"},
				"up": {"uv": [8, 8, 9, 9], "texture": "#cross"},
				"down": {"uv": [8, 8, 9, 9], "texture": "#cross"}
			}
		},
		{
			"from": [8.6434, 5.75, 7.5],
			"to": [9.6434, 7.75, 8.5],
			"rotation": {"angle": 45, "axis": "y", "origin": [8.3934, 9.76316, 8]},
			"faces": {
				"north": {"uv": [7, 12, 8, 14], "texture": "#cross"},
				"east": {"uv": [7, 12, 8, 14], "texture": "#cross"},
				"south": {"uv": [7, 12, 8, 14], "texture": "#cross"},
				"west": {"uv": [7, 12, 8, 14], "texture": "#cross"},
				"up": {"uv": [7, 12, 8, 13], "texture": "#cross"},
				"down": {"uv": [7, 13, 8, 14], "texture": "#cross"}
			}
		},
		{
			"from": [10.6434, 8.75, 7.5],
			"to": [11.6434, 9.75, 8.5],
			"rotation": {"angle": 45, "axis": "y", "origin": [8.3934, 9.76316, 8]},
			"faces": {
				"north": {"uv": [5, 10, 6, 11], "texture": "#cross"},
				"east": {"uv": [5, 10, 6, 11], "texture": "#cross"},
				"south": {"uv": [5, 10, 6, 11], "texture": "#cross"},
				"west": {"uv": [5, 10, 6, 11], "texture": "#cross"},
				"up": {"uv": [5, 10, 6, 11], "texture": "#cross"},
				"down": {"uv": [5, 10, 6, 11], "texture": "#cross"}
			}
		},
		{
			"from": [9.6434, 6.75, 7.5],
			"to": [10.6434, 8.75, 8.5],
			"rotation": {"angle": 45, "axis": "y", "origin": [8.3934, 9.76316, 8]},
			"faces": {
				"north": {"uv": [6, 11, 7, 13], "texture": "#cross"},
				"east": {"uv": [6, 11, 7, 13], "texture": "#cross"},
				"south": {"uv": [6, 11, 7, 13], "texture": "#cross"},
				"west": {"uv": [6, 11, 7, 13], "texture": "#cross"},
				"up": {"uv": [6, 11, 7, 12], "texture": "#cross"},
				"down": {"uv": [6, 12, 7, 13], "texture": "#cross"}
			}
		},
		{
			"from": [6.6434, 4.75, 7.5],
			"to": [7.6434, 5.75, 8.5],
			"rotation": {"angle": 45, "axis": "y", "origin": [8.3934, 9.76316, 8]},
			"faces": {
				"north": {"uv": [9, 14, 10, 15], "texture": "#cross"},
				"east": {"uv": [9, 14, 10, 15], "texture": "#cross"},
				"south": {"uv": [9, 14, 10, 15], "texture": "#cross"},
				"west": {"uv": [9, 14, 10, 15], "texture": "#cross"},
				"up": {"uv": [9, 14, 10, 15], "texture": "#cross"},
				"down": {"uv": [9, 14, 10, 15], "texture": "#cross"}
			}
		},
		{
			"from": [5.6434, 9.75, 7.5],
			"to": [6.6434, 10.75, 8.5],
			"rotation": {"angle": 45, "axis": "y", "origin": [8.3934, 9.76316, 8]},
			"faces": {
				"north": {"uv": [10, 9, 11, 10], "texture": "#cross"},
				"east": {"uv": [10, 9, 11, 10], "texture": "#cross"},
				"south": {"uv": [10, 9, 11, 10], "texture": "#cross"},
				"west": {"uv": [10, 9, 11, 10], "texture": "#cross"},
				"up": {"uv": [10, 9, 11, 10], "texture": "#cross"},
				"down": {"uv": [10, 9, 11, 10], "texture": "#cross"}
			}
		},
		{
			"from": [6.6434, 8.75, 7.5],
			"to": [7.6434, 9.75, 8.5],
			"rotation": {"angle": 45, "axis": "y", "origin": [8.3934, 9.76316, 8]},
			"faces": {
				"north": {"uv": [10, 9, 11, 10], "texture": "#cross"},
				"east": {"uv": [10, 9, 11, 10], "texture": "#cross"},
				"south": {"uv": [10, 9, 11, 10], "texture": "#cross"},
				"west": {"uv": [10, 9, 11, 10], "texture": "#cross"},
				"up": {"uv": [10, 9, 11, 10], "texture": "#cross"},
				"down": {"uv": [10, 9, 11, 10], "texture": "#cross"}
			}
		},
		{
			"from": [4.6434, 10.75, 7.5],
			"to": [5.6434, 11.75, 8.5],
			"rotation": {"angle": 45, "axis": "y", "origin": [8.3934, 9.76316, 8]},
			"faces": {
				"north": {"uv": [11, 8, 12, 9], "texture": "#cross"},
				"east": {"uv": [11, 8, 12, 9], "texture": "#cross"},
				"south": {"uv": [11, 8, 12, 9], "texture": "#cross"},
				"west": {"uv": [11, 8, 12, 9], "texture": "#cross"},
				"up": {"uv": [11, 8, 12, 9], "texture": "#cross"},
				"down": {"uv": [11, 8, 12, 9], "texture": "#cross"}
			}
		},
		{
			"from": [3.6434, 11.75, 7.5],
			"to": [4.6434, 12.75, 8.5],
			"rotation": {"angle": 45, "axis": "y", "origin": [8.3934, 9.76316, 8]},
			"faces": {
				"north": {"uv": [12, 7, 13, 8], "texture": "#cross"},
				"east": {"uv": [12, 7, 13, 8], "texture": "#cross"},
				"south": {"uv": [12, 7, 13, 8], "texture": "#cross"},
				"west": {"uv": [12, 7, 13, 8], "texture": "#cross"},
				"up": {"uv": [12, 7, 13, 8], "texture": "#cross"},
				"down": {"uv": [12, 7, 13, 8], "texture": "#cross"}
			}
		},
		{
			"from": [11.6434, 8.75, 6.5],
			"to": [13.6434, 10.75, 9.5],
			"rotation": {"angle": 45, "axis": "y", "origin": [8.3934, 9.76316, 8]},
			"faces": {
				"north": {"uv": [3, 9, 5, 11], "texture": "#cross"},
				"east": {"uv": [3, 9, 5, 11], "texture": "#cross"},
				"south": {"uv": [3, 9, 5, 11], "texture": "#cross"},
				"west": {"uv": [3, 9, 5, 11], "texture": "#cross"},
				"up": {"uv": [3, 9, 5, 11], "texture": "#cross"},
				"down": {"uv": [3, 9, 5, 11], "texture": "#cross"}
			}
		},
		{
			"from": [12.6434, 7.75, 6.5],
			"to": [13.6434, 8.75, 9.5],
			"rotation": {"angle": 45, "axis": "y", "origin": [8.3934, 9.76316, 8]},
			"faces": {
				"north": {"uv": [3, 11, 4, 12], "texture": "#cross"},
				"east": {"uv": [2, 10, 5, 11], "texture": "#cross"},
				"south": {"uv": [3, 11, 4, 12], "texture": "#cross"},
				"west": {"uv": [2, 10, 5, 11], "texture": "#cross"},
				"up": {"uv": [3, 9, 4, 12], "texture": "#cross"},
				"down": {"uv": [3, 9, 4, 12], "texture": "#cross"}
			}
		},
		{
			"from": [13.6434, 8.75, 6.5],
			"to": [14.6434, 9.75, 9.5],
			"rotation": {"angle": 45, "axis": "y", "origin": [8.3934, 9.76316, 8]},
			"faces": {
				"north": {"uv": [2, 10, 3, 11], "texture": "#cross"},
				"east": {"uv": [2, 10, 5, 11], "texture": "#cross"},
				"south": {"uv": [2, 10, 3, 11], "texture": "#cross"},
				"west": {"uv": [2, 10, 5, 11], "texture": "#cross"},
				"up": {"uv": [3, 9, 4, 12], "texture": "#cross"},
				"down": {"uv": [3, 9, 4, 12], "texture": "#cross"}
			}
		},
		{
			"from": [8.6434, 13.75, 6.5],
			"to": [10.6434, 15.75, 9.5],
			"rotation": {"angle": 45, "axis": "y", "origin": [8.3934, 9.76316, 8]},
			"faces": {
				"north": {"uv": [6, 4, 8, 6], "texture": "#cross"},
				"east": {"uv": [6, 4, 8, 6], "texture": "#cross"},
				"south": {"uv": [6, 4, 8, 6], "texture": "#cross"},
				"west": {"uv": [6, 4, 8, 6], "texture": "#cross"},
				"up": {"uv": [6, 4, 8, 6], "texture": "#cross"},
				"down": {"uv": [6, 4, 8, 6], "texture": "#cross"}
			}
		},
		{
			"from": [9.6434, 11.75, 6.5],
			"to": [10.6434, 13.75, 9.5],
			"rotation": {"angle": 45, "axis": "y", "origin": [8.3934, 9.76316, 8]},
			"faces": {
				"north": {"uv": [6, 6, 7, 8], "texture": "#cross"},
				"east": {"uv": [6, 4, 8, 6], "texture": "#cross"},
				"south": {"uv": [6, 6, 7, 8], "texture": "#cross"},
				"west": {"uv": [6, 4, 8, 6], "texture": "#cross"},
				"up": {"uv": [6, 4, 7, 7], "texture": "#cross"},
				"down": {"uv": [6, 5, 7, 8], "texture": "#cross"}
			}
		},
		{
			"from": [10.6434, 12.75, 6.5],
			"to": [11.6434, 14.75, 9.5],
			"rotation": {"angle": 45, "axis": "y", "origin": [8.3934, 9.76316, 8]},
			"faces": {
				"north": {"uv": [5, 5, 6, 7], "texture": "#cross"},
				"east": {"uv": [6, 4, 8, 6], "texture": "#cross"},
				"south": {"uv": [5, 5, 6, 7], "texture": "#cross"},
				"west": {"uv": [6, 4, 8, 6], "texture": "#cross"},
				"up": {"uv": [6, 4, 7, 7], "texture": "#cross"},
				"down": {"uv": [6, 5, 7, 8], "texture": "#cross"}
			}
		},
		{
			"from": [7.6434, 12.75, 6.5],
			"to": [8.6434, 14.75, 9.5],
			"rotation": {"angle": 45, "axis": "y", "origin": [8.3934, 9.76316, 8]},
			"faces": {
				"north": {"uv": [8, 5, 9, 7], "texture": "#cross"},
				"east": {"uv": [6, 4, 8, 6], "texture": "#cross"},
				"south": {"uv": [8, 5, 9, 7], "texture": "#cross"},
				"west": {"uv": [6, 4, 8, 6], "texture": "#cross"},
				"up": {"uv": [6, 4, 7, 7], "texture": "#cross"},
				"down": {"uv": [6, 5, 7, 8], "texture": "#cross"}
			}
		},
		{
			"from": [0.6434, 12.75, 6.5],
			"to": [3.6434, 13.75, 9.5],
			"rotation": {"angle": 45, "axis": "y", "origin": [8.3934, 9.76316, 8]},
			"faces": {
				"north": {"uv": [12, 6, 15, 7], "texture": "#cross"},
				"east": {"uv": [12, 6, 15, 7], "texture": "#cross"},
				"south": {"uv": [12, 6, 15, 7], "texture": "#cross"},
				"west": {"uv": [12, 6, 15, 7], "texture": "#cross"},
				"up": {"uv": [13, 5, 14, 8], "texture": "#cross"},
				"down": {"uv": [13, 5, 14, 8], "texture": "#cross"}
			}
		},
		{
			"from": [1.6434, 11.75, 6.5],
			"to": [2.6434, 12.75, 9.5],
			"rotation": {"angle": 45, "axis": "y", "origin": [8.3934, 9.76316, 8]},
			"faces": {
				"north": {"uv": [13, 7, 14, 8], "texture": "#cross"},
				"east": {"uv": [12, 6, 15, 7], "texture": "#cross"},
				"south": {"uv": [13, 7, 14, 8], "texture": "#cross"},
				"west": {"uv": [12, 6, 15, 7], "texture": "#cross"},
				"up": {"uv": [12, 6, 15, 7], "texture": "#cross"},
				"down": {"uv": [12, 6, 15, 7], "texture": "#cross"}
			}
		},
		{
			"from": [1.6434, 13.75, 6.5],
			"to": [2.6434, 14.75, 9.5],
			"rotation": {"angle": 45, "axis": "y", "origin": [8.3934, 9.76316, 8]},
			"faces": {
				"north": {"uv": [13, 5, 14, 6], "texture": "#cross"},
				"east": {"uv": [12, 6, 15, 7], "texture": "#cross"},
				"south": {"uv": [13, 5, 14, 6], "texture": "#cross"},
				"west": {"uv": [12, 6, 15, 7], "texture": "#cross"},
				"up": {"uv": [13, 5, 14, 8], "texture": "#cross"},
				"down": {"uv": [13, 5, 14, 8], "texture": "#cross"}
			}
		},
		{
			"from": [7.6434, 6.75, 3.5],
			"to": [8.6434, 7.75, 4.5],
			"rotation": {"angle": 45, "axis": "y", "origin": [8.3934, 9.76316, 8]},
			"faces": {
				"north": {"uv": [8, 12, 9, 13], "texture": "#cross"},
				"east": {"uv": [8, 12, 9, 13], "texture": "#cross"},
				"south": {"uv": [8, 12, 9, 13], "texture": "#cross"},
				"west": {"uv": [8, 12, 9, 13], "texture": "#cross"},
				"up": {"uv": [8, 12, 9, 13], "texture": "#cross"},
				"down": {"uv": [8, 12, 9, 13], "texture": "#cross"}
			}
		},
		{
			"from": [7.6434, 9.75, 3.5],
			"to": [8.6434, 10.75, 4.5],
			"rotation": {"angle": 45, "axis": "y", "origin": [8.3934, 9.76316, 8]},
			"faces": {
				"north": {"uv": [8, 9, 9, 10], "texture": "#cross"},
				"east": {"uv": [8, 9, 9, 10], "texture": "#cross"},
				"south": {"uv": [8, 9, 9, 10], "texture": "#cross"},
				"west": {"uv": [8, 9, 9, 10], "texture": "#cross"},
				"up": {"uv": [8, 9, 9, 10], "texture": "#cross"},
				"down": {"uv": [8, 9, 9, 10], "texture": "#cross"}
			}
		},
		{
			"from": [8.6434, 8.75, 3.5],
			"to": [9.6434, 9.75, 4.5],
			"rotation": {"angle": 45, "axis": "y", "origin": [8.3934, 9.76316, 8]},
			"faces": {
				"north": {"uv": [7, 10, 8, 11], "texture": "#cross"},
				"east": {"uv": [7, 10, 8, 11], "texture": "#cross"},
				"south": {"uv": [7, 10, 8, 11], "texture": "#cross"},
				"west": {"uv": [7, 10, 8, 11], "texture": "#cross"},
				"up": {"uv": [7, 10, 8, 11], "texture": "#cross"},
				"down": {"uv": [7, 10, 8, 11], "texture": "#cross"}
			}
		},
		{
			"from": [5.6434, 8.75, 3.5],
			"to": [6.6434, 9.75, 4.5],
			"rotation": {"angle": 45, "axis": "y", "origin": [8.3934, 9.76316, 8]},
			"faces": {
				"north": {"uv": [10, 10, 11, 11], "texture": "#cross"},
				"east": {"uv": [10, 10, 11, 11], "texture": "#cross"},
				"south": {"uv": [10, 10, 11, 11], "texture": "#cross"},
				"west": {"uv": [10, 10, 11, 11], "texture": "#cross"},
				"up": {"uv": [10, 10, 11, 11], "texture": "#cross"},
				"down": {"uv": [10, 10, 11, 11], "texture": "#cross"}
			}
		},
		{
			"from": [6.6434, 7.75, 3.5],
			"to": [8.6434, 9.75, 4.5],
			"rotation": {"angle": 45, "axis": "y", "origin": [8.3934, 9.76316, 8]},
			"faces": {
				"north": {"uv": [8, 10, 10, 12], "texture": "#cross"},
				"east": {"uv": [9, 10, 10, 12], "texture": "#cross"},
				"south": {"uv": [8, 10, 10, 12], "texture": "#cross"},
				"west": {"uv": [8, 10, 9, 12], "texture": "#cross"},
				"up": {"uv": [8, 10, 10, 11], "texture": "#cross"},
				"down": {"uv": [8, 11, 10, 12], "texture": "#cross"}
			}
		},
		{
			"from": [7.6434, 5.75, 5.5],
			"to": [8.6434, 7.75, 6.5],
			"rotation": {"angle": 45, "axis": "y", "origin": [8.3934, 9.76316, 8]},
			"faces": {
				"north": {"uv": [6, 11, 7, 13], "texture": "#cross"},
				"east": {"uv": [6, 11, 7, 13], "texture": "#cross"},
				"south": {"uv": [6, 11, 7, 13], "texture": "#cross"},
				"west": {"uv": [6, 11, 7, 13], "texture": "#cross"},
				"up": {"uv": [6, 11, 7, 12], "rotation": 270, "texture": "#cross"},
				"down": {"uv": [6, 12, 7, 13], "rotation": 90, "texture": "#cross"}
			}
		},
		{
			"from": [7.6434, 7.75, 4.5],
			"to": [8.6434, 8.75, 5.5],
			"rotation": {"angle": 45, "axis": "y", "origin": [8.3934, 9.76316, 8]},
			"faces": {
				"north": {"uv": [5, 10, 6, 11], "texture": "#cross"},
				"east": {"uv": [5, 10, 6, 11], "texture": "#cross"},
				"south": {"uv": [5, 10, 6, 11], "texture": "#cross"},
				"west": {"uv": [5, 10, 6, 11], "texture": "#cross"},
				"up": {"uv": [5, 10, 6, 11], "rotation": 270, "texture": "#cross"},
				"down": {"uv": [5, 10, 6, 11], "rotation": 90, "texture": "#cross"}
			}
		},
		{
			"from": [7.6434, 4.75, 6.5],
			"to": [8.6434, 6.75, 7.5],
			"rotation": {"angle": 45, "axis": "y", "origin": [8.3934, 9.76316, 8]},
			"faces": {
				"north": {"uv": [7, 12, 8, 14], "texture": "#cross"},
				"east": {"uv": [7, 12, 8, 14], "texture": "#cross"},
				"south": {"uv": [7, 12, 8, 14], "texture": "#cross"},
				"west": {"uv": [7, 12, 8, 14], "texture": "#cross"},
				"up": {"uv": [7, 12, 8, 13], "rotation": 270, "texture": "#cross"},
				"down": {"uv": [7, 13, 8, 14], "rotation": 90, "texture": "#cross"}
			}
		},
		{
			"from": [7.6434, 8.75, 11.5],
			"to": [9.6434, 10.75, 12.5],
			"rotation": {"angle": 45, "axis": "y", "origin": [8.3934, 9.76316, 8]},
			"faces": {
				"north": {"uv": [8, 10, 10, 12], "texture": "#cross"},
				"east": {"uv": [8, 10, 9, 12], "texture": "#cross"},
				"south": {"uv": [8, 10, 10, 12], "texture": "#cross"},
				"west": {"uv": [9, 10, 10, 12], "texture": "#cross"},
				"up": {"uv": [8, 10, 10, 11], "rotation": 180, "texture": "#cross"},
				"down": {"uv": [8, 11, 10, 12], "rotation": 180, "texture": "#cross"}
			}
		},
		{
			"from": [9.6434, 9.75, 11.5],
			"to": [10.6434, 10.75, 12.5],
			"rotation": {"angle": 45, "axis": "y", "origin": [8.3934, 9.76316, 8]},
			"faces": {
				"north": {"uv": [10, 10, 11, 11], "texture": "#cross"},
				"east": {"uv": [10, 10, 11, 11], "texture": "#cross"},
				"south": {"uv": [10, 10, 11, 11], "texture": "#cross"},
				"west": {"uv": [10, 10, 11, 11], "texture": "#cross"},
				"up": {"uv": [10, 10, 11, 11], "rotation": 180, "texture": "#cross"},
				"down": {"uv": [10, 10, 11, 11], "rotation": 180, "texture": "#cross"}
			}
		},
		{
			"from": [6.6434, 9.75, 11.5],
			"to": [7.6434, 10.75, 12.5],
			"rotation": {"angle": 45, "axis": "y", "origin": [8.3934, 9.76316, 8]},
			"faces": {
				"north": {"uv": [7, 10, 8, 11], "texture": "#cross"},
				"east": {"uv": [7, 10, 8, 11], "texture": "#cross"},
				"south": {"uv": [7, 10, 8, 11], "texture": "#cross"},
				"west": {"uv": [7, 10, 8, 11], "texture": "#cross"},
				"up": {"uv": [7, 10, 8, 11], "rotation": 180, "texture": "#cross"},
				"down": {"uv": [7, 10, 8, 11], "rotation": 180, "texture": "#cross"}
			}
		},
		{
			"from": [7.6434, 10.75, 11.5],
			"to": [8.6434, 11.75, 12.5],
			"rotation": {"angle": 45, "axis": "y", "origin": [8.3934, 9.76316, 8]},
			"faces": {
				"north": {"uv": [8, 9, 9, 10], "texture": "#cross"},
				"east": {"uv": [8, 9, 9, 10], "texture": "#cross"},
				"south": {"uv": [8, 9, 9, 10], "texture": "#cross"},
				"west": {"uv": [8, 9, 9, 10], "texture": "#cross"},
				"up": {"uv": [8, 9, 9, 10], "rotation": 180, "texture": "#cross"},
				"down": {"uv": [8, 9, 9, 10], "rotation": 180, "texture": "#cross"}
			}
		},
		{
			"from": [7.6434, 7.75, 11.5],
			"to": [8.6434, 8.75, 12.5],
			"rotation": {"angle": 45, "axis": "y", "origin": [8.3934, 9.76316, 8]},
			"faces": {
				"north": {"uv": [8, 12, 9, 13], "texture": "#cross"},
				"east": {"uv": [8, 12, 9, 13], "texture": "#cross"},
				"south": {"uv": [8, 12, 9, 13], "texture": "#cross"},
				"west": {"uv": [8, 12, 9, 13], "texture": "#cross"},
				"up": {"uv": [8, 12, 9, 13], "rotation": 180, "texture": "#cross"},
				"down": {"uv": [8, 12, 9, 13], "rotation": 180, "texture": "#cross"}
			}
		},
		{
			"from": [7.6434, 6.75, 8.5],
			"to": [8.6434, 7.75, 9.5],
			"rotation": {"angle": 45, "axis": "y", "origin": [8.3934, 9.76316, 8]},
			"faces": {
				"north": {"uv": [10, 9, 11, 10], "texture": "#cross"},
				"east": {"uv": [10, 9, 11, 10], "texture": "#cross"},
				"south": {"uv": [10, 9, 11, 10], "texture": "#cross"},
				"west": {"uv": [10, 9, 11, 10], "texture": "#cross"},
				"up": {"uv": [10, 9, 11, 10], "rotation": 270, "texture": "#cross"},
				"down": {"uv": [10, 9, 11, 10], "rotation": 90, "texture": "#cross"}
			}
		},
		{
			"from": [7.6434, 7.75, 9.5],
			"to": [8.6434, 8.75, 10.5],
			"rotation": {"angle": 45, "axis": "y", "origin": [8.3934, 9.76316, 8]},
			"faces": {
				"north": {"uv": [10, 9, 11, 10], "texture": "#cross"},
				"east": {"uv": [10, 9, 11, 10], "texture": "#cross"},
				"south": {"uv": [10, 9, 11, 10], "texture": "#cross"},
				"west": {"uv": [10, 9, 11, 10], "texture": "#cross"},
				"up": {"uv": [10, 9, 11, 10], "rotation": 270, "texture": "#cross"},
				"down": {"uv": [10, 9, 11, 10], "rotation": 90, "texture": "#cross"}
			}
		},
		{
			"from": [7.6434, 8.75, 10.5],
			"to": [8.6434, 9.75, 11.5],
			"rotation": {"angle": 45, "axis": "y", "origin": [8.3934, 9.76316, 8]},
			"faces": {
				"north": {"uv": [11, 8, 12, 9], "texture": "#cross"},
				"east": {"uv": [11, 8, 12, 9], "texture": "#cross"},
				"south": {"uv": [11, 8, 12, 9], "texture": "#cross"},
				"west": {"uv": [11, 8, 12, 9], "texture": "#cross"},
				"up": {"uv": [11, 8, 12, 9], "rotation": 270, "texture": "#cross"},
				"down": {"uv": [11, 8, 12, 9], "rotation": 90, "texture": "#cross"}
			}
		}
	],
	"groups": [
		{
			"name": "flower_pot_cross",
			"origin": [8, 8, 8],
			"color": 0,
			"children": [0, 1, 2, 3, 4]
		},
		{
			"name": "blue_orchid",
			"origin": [8, 8, 8],
			"color": 0,
			"children": [
				{
					"name": "group",
					"origin": [6, 9, 10],
					"color": 0,
					"children": [5, 6, 7, 8, 9, 10, 11, 12, 13, 14, 15, 16]
				}, 17, 18, 19, 20, 21, 22, 23, 24, 25, 26, 27, 28, 29, 30, 31, 32, 33, 34, 35, 36, 37, 38, 39, 40, 41, 42]
		}
	]
}