{
	"credit": "Made with Blockbench",
	"parent": "block/cross",
	"ambientocclusion": false,
	"textures": {
		"flowerpot": "block/flower_pot",
		"dirt": "block/dirt",
		"cross": "block/dandelion"
	},
	"elements": [
		{
			"from": [5, 0, 5],
			"to": [6, 6, 11],
			"faces": {
				"north": {"uv": [10, 10, 11, 16], "texture": "#flowerpot"},
				"east": {"uv": [5, 10, 11, 16], "texture": "#flowerpot"},
				"south": {"uv": [5, 10, 6, 16], "texture": "#flowerpot"},
				"west": {"uv": [5, 10, 11, 16], "texture": "#flowerpot"},
				"up": {"uv": [5, 5, 6, 11], "texture": "#flowerpot"},
				"down": {"uv": [5, 5, 6, 11], "texture": "#flowerpot", "cullface": "down"}
			}
		},
		{
			"from": [10, 0, 5],
			"to": [11, 6, 11],
			"faces": {
				"north": {"uv": [5, 10, 6, 16], "texture": "#flowerpot"},
				"east": {"uv": [5, 10, 11, 16], "texture": "#flowerpot"},
				"south": {"uv": [10, 10, 11, 16], "texture": "#flowerpot"},
				"west": {"uv": [5, 10, 11, 16], "texture": "#flowerpot"},
				"up": {"uv": [10, 5, 11, 11], "texture": "#flowerpot"},
				"down": {"uv": [10, 5, 11, 11], "texture": "#flowerpot", "cullface": "down"}
			}
		},
		{
			"from": [6, 0, 5],
			"to": [10, 6, 6],
			"faces": {
				"north": {"uv": [6, 10, 10, 16], "texture": "#flowerpot"},
				"south": {"uv": [6, 10, 10, 16], "texture": "#flowerpot"},
				"up": {"uv": [6, 5, 10, 6], "texture": "#flowerpot"},
				"down": {"uv": [6, 10, 10, 11], "texture": "#flowerpot", "cullface": "down"}
			}
		},
		{
			"from": [6, 0, 10],
			"to": [10, 6, 11],
			"faces": {
				"north": {"uv": [6, 10, 10, 16], "texture": "#flowerpot"},
				"south": {"uv": [6, 10, 10, 16], "texture": "#flowerpot"},
				"up": {"uv": [6, 10, 10, 11], "texture": "#flowerpot"},
				"down": {"uv": [6, 5, 10, 6], "texture": "#flowerpot", "cullface": "down"}
			}
		},
		{
			"from": [6, 0, 6],
			"to": [10, 4, 10],
			"faces": {
				"up": {"uv": [6, 6, 10, 10], "texture": "#dirt"},
				"down": {"uv": [6, 12, 10, 16], "texture": "#flowerpot", "cullface": "down"}
			}
		},
		{
			"from": [14.95, 4.1, 10.4],
			"to": [16.95, 9.1, 11.4],
			"rotation": {"angle": 45, "axis": "y", "origin": [8.45, 12.1, 18.9]},
			"faces": {
				"north": {"uv": [7, 11, 9, 16], "texture": "#cross"},
				"east": {"uv": [7, 11, 8, 16], "texture": "#cross"},
				"south": {"uv": [7, 11, 9, 16], "texture": "#cross"},
				"west": {"uv": [8, 11, 9, 16], "texture": "#cross"},
				"up": {"uv": [7, 11, 9, 12], "texture": "#cross"},
				"down": {"uv": [7, 15, 9, 16], "texture": "#cross"}
			}
		},
		{
			"from": [17.95, 7.1, 10.4],
			"to": [18.95, 8.1, 11.4],
			"rotation": {"angle": 45, "axis": "y", "origin": [8.45, 12.1, 18.9]},
			"faces": {
				"north": {"uv": [5, 12, 6, 13], "texture": "#cross"},
				"east": {"uv": [5, 12, 6, 13], "texture": "#cross"},
				"south": {"uv": [5, 12, 6, 13], "texture": "#cross"},
				"west": {"uv": [5, 12, 6, 13], "texture": "#cross"},
				"up": {"uv": [5, 12, 6, 13], "texture": "#cross"},
				"down": {"uv": [5, 12, 6, 13], "texture": "#cross"}
			}
		},
		{
			"from": [12.95, 6.1, 10.4],
			"to": [13.95, 7.1, 11.4],
			"rotation": {"angle": 45, "axis": "y", "origin": [8.45, 12.1, 18.9]},
			"faces": {
				"north": {"uv": [10, 13, 11, 14], "texture": "#cross"},
				"east": {"uv": [10, 13, 11, 14], "texture": "#cross"},
				"south": {"uv": [10, 13, 11, 14], "texture": "#cross"},
				"west": {"uv": [10, 13, 11, 14], "texture": "#cross"},
				"up": {"uv": [10, 13, 11, 14], "texture": "#cross"},
				"down": {"uv": [10, 13, 11, 14], "texture": "#cross"}
			}
		},
		{
			"from": [16.95, 6.1, 10.4],
			"to": [17.95, 8.1, 11.4],
			"rotation": {"angle": 45, "axis": "y", "origin": [8.45, 12.1, 18.9]},
			"faces": {
				"north": {"uv": [6, 12, 7, 14], "texture": "#cross"},
				"east": {"uv": [6, 12, 7, 14], "texture": "#cross"},
				"south": {"uv": [6, 12, 7, 14], "texture": "#cross"},
				"west": {"uv": [6, 12, 7, 14], "texture": "#cross"},
				"up": {"uv": [6, 12, 7, 13], "texture": "#cross"},
				"down": {"uv": [6, 13, 7, 14], "texture": "#cross"}
			}
		},
		{
			"from": [13.95, 5.1, 10.4],
			"to": [14.95, 7.1, 11.4],
			"rotation": {"angle": 45, "axis": "y", "origin": [8.45, 12.1, 18.9]},
			"faces": {
				"north": {"uv": [9, 13, 10, 15], "texture": "#cross"},
				"east": {"uv": [9, 13, 10, 15], "texture": "#cross"},
				"south": {"uv": [9, 13, 10, 15], "texture": "#cross"},
				"west": {"uv": [9, 13, 10, 15], "texture": "#cross"},
				"up": {"uv": [9, 13, 10, 14], "texture": "#cross"},
				"down": {"uv": [9, 14, 10, 15], "texture": "#cross"}
			}
		},
		{
			"from": [15.45, 4.1, 9.9],
			"to": [16.45, 9.1, 11.9],
			"rotation": {"angle": 45, "axis": "y", "origin": [8.45, 12.1, 18.9]},
			"faces": {
				"north": {"uv": [8, 11, 9, 16], "texture": "#cross"},
				"east": {"uv": [7, 11, 9, 16], "texture": "#cross"},
				"south": {"uv": [7, 11, 8, 16], "texture": "#cross"},
				"west": {"uv": [7, 11, 9, 16], "texture": "#cross"},
				"up": {"uv": [7, 11, 9, 12], "rotation": 90, "texture": "#cross"},
				"down": {"uv": [7, 15, 9, 16], "rotation": 270, "texture": "#cross"}
			}
		},
		{
			"from": [15.45, 7.1, 12.9],
			"to": [16.45, 8.1, 13.9],
			"rotation": {"angle": 45, "axis": "y", "origin": [8.45, 12.1, 18.9]},
			"faces": {
				"north": {"uv": [5, 12, 6, 13], "texture": "#cross"},
				"east": {"uv": [5, 12, 6, 13], "texture": "#cross"},
				"south": {"uv": [5, 12, 6, 13], "texture": "#cross"},
				"west": {"uv": [5, 12, 6, 13], "texture": "#cross"},
				"up": {"uv": [5, 12, 6, 13], "rotation": 90, "texture": "#cross"},
				"down": {"uv": [5, 12, 6, 13], "rotation": 270, "texture": "#cross"}
			}
		},
		{
			"from": [15.45, 6.1, 7.9],
			"to": [16.45, 7.1, 8.9],
			"rotation": {"angle": 45, "axis": "y", "origin": [8.45, 12.1, 18.9]},
			"faces": {
				"north": {"uv": [10, 13, 11, 14], "texture": "#cross"},
				"east": {"uv": [10, 13, 11, 14], "texture": "#cross"},
				"south": {"uv": [10, 13, 11, 14], "texture": "#cross"},
				"west": {"uv": [10, 13, 11, 14], "texture": "#cross"},
				"up": {"uv": [10, 13, 11, 14], "rotation": 90, "texture": "#cross"},
				"down": {"uv": [10, 13, 11, 14], "rotation": 270, "texture": "#cross"}
			}
		},
		{
			"from": [15.45, 6.1, 11.9],
			"to": [16.45, 8.1, 12.9],
			"rotation": {"angle": 45, "axis": "y", "origin": [8.45, 12.1, 18.9]},
			"faces": {
				"north": {"uv": [6, 12, 7, 14], "texture": "#cross"},
				"east": {"uv": [6, 12, 7, 14], "texture": "#cross"},
				"south": {"uv": [6, 12, 7, 14], "texture": "#cross"},
				"west": {"uv": [6, 12, 7, 14], "texture": "#cross"},
				"up": {"uv": [6, 12, 7, 13], "rotation": 90, "texture": "#cross"},
				"down": {"uv": [6, 13, 7, 14], "rotation": 270, "texture": "#cross"}
			}
		},
		{
			"from": [15.45, 5.1, 8.9],
			"to": [16.45, 7.1, 9.9],
			"rotation": {"angle": 45, "axis": "y", "origin": [8.45, 12.1, 18.9]},
			"faces": {
				"north": {"uv": [9, 13, 10, 15], "texture": "#cross"},
				"east": {"uv": [9, 13, 10, 15], "texture": "#cross"},
				"south": {"uv": [9, 13, 10, 15], "texture": "#cross"},
				"west": {"uv": [9, 13, 10, 15], "texture": "#cross"},
				"up": {"uv": [9, 13, 10, 14], "rotation": 90, "texture": "#cross"},
				"down": {"uv": [9, 14, 10, 15], "rotation": 270, "texture": "#cross"}
			}
		},
		{
			"from": [9.25, 10.1, 5],
			"to": [10.25, 11.1, 6],
			"rotation": {"angle": 0, "axis": "y", "origin": [17.25, 18.1, 13]},
			"faces": {
				"north": {"uv": [6, 10, 7, 11], "texture": "#cross"},
				"east": {"uv": [6, 10, 7, 11], "texture": "#cross"},
				"south": {"uv": [6, 10, 7, 11], "texture": "#cross"},
				"west": {"uv": [6, 10, 7, 11], "texture": "#cross"},
				"up": {"uv": [6, 10, 7, 11], "texture": "#cross"},
				"down": {"uv": [6, 10, 7, 11], "texture": "#cross"}
			}
		},
		{
			"from": [10.25, 10.1, 6],
			"to": [11.25, 11.1, 7],
			"rotation": {"angle": 0, "axis": "y", "origin": [18.25, 18.1, 14]},
			"faces": {
				"north": {"uv": [6, 8, 7, 9], "texture": "#cross"},
				"east": {"uv": [6, 8, 7, 9], "texture": "#cross"},
				"south": {"uv": [6, 8, 7, 9], "texture": "#cross"},
				"west": {"uv": [6, 8, 7, 9], "texture": "#cross"},
				"up": {"uv": [6, 8, 7, 9], "texture": "#cross"},
				"down": {"uv": [6, 8, 7, 9], "texture": "#cross"}
			}
		},
		{
			"from": [10.25, 10.1, 9],
			"to": [11.25, 11.1, 10],
			"rotation": {"angle": 0, "axis": "y", "origin": [18.25, 18.1, 17]},
			"faces": {
				"north": {"uv": [7, 8, 8, 9], "texture": "#cross"},
				"east": {"uv": [7, 8, 8, 9], "texture": "#cross"},
				"south": {"uv": [7, 8, 8, 9], "texture": "#cross"},
				"west": {"uv": [7, 8, 8, 9], "texture": "#cross"},
				"up": {"uv": [7, 8, 8, 9], "texture": "#cross"},
				"down": {"uv": [7, 8, 8, 9], "texture": "#cross"}
			}
		},
		{
			"from": [9.25, 10.1, 10],
			"to": [10.25, 11.1, 11],
			"rotation": {"angle": 0, "axis": "y", "origin": [17.25, 18.1, 18]},
			"faces": {
				"north": {"uv": [7, 7, 8, 8], "texture": "#cross"},
				"east": {"uv": [7, 7, 8, 8], "texture": "#cross"},
				"south": {"uv": [7, 7, 8, 8], "texture": "#cross"},
				"west": {"uv": [7, 7, 8, 8], "texture": "#cross"},
				"up": {"uv": [7, 7, 8, 8], "texture": "#cross"},
				"down": {"uv": [7, 7, 8, 8], "texture": "#cross"}
			}
		},
		{
			"from": [6.25, 10.1, 8.7],
			"to": [7.55, 10.3, 10],
			"rotation": {"angle": 0, "axis": "y", "origin": [14.25, 17.6, 17]},
			"faces": {
				"north": {"uv": [9, 8, 10, 9], "texture": "#cross"},
				"east": {"uv": [9, 8, 10, 9], "texture": "#cross"},
				"south": {"uv": [9, 8, 10, 9], "texture": "#cross"},
				"west": {"uv": [9, 8, 10, 9], "texture": "#cross"},
				"up": {"uv": [9, 8, 10, 9], "texture": "#cross"},
				"down": {"uv": [9, 8, 10, 9], "texture": "#cross"}
			}
		},
		{
			"from": [6.25, 10.1, 10],
			"to": [7.25, 11.1, 11],
			"rotation": {"angle": 0, "axis": "y", "origin": [14.25, 18.1, 18]},
			"faces": {
				"north": {"uv": [9, 8, 10, 9], "texture": "#cross"},
				"east": {"uv": [9, 8, 10, 9], "texture": "#cross"},
				"south": {"uv": [9, 8, 10, 9], "texture": "#cross"},
				"west": {"uv": [9, 8, 10, 9], "texture": "#cross"},
				"up": {"uv": [9, 8, 10, 9], "texture": "#cross"},
				"down": {"uv": [9, 8, 10, 9], "texture": "#cross"}
			}
		},
		{
			"from": [5.25, 10.1, 9],
			"to": [6.25, 11.1, 10],
			"rotation": {"angle": 0, "axis": "y", "origin": [13.25, 18.1, 17]},
			"faces": {
				"north": {"uv": [9, 9, 10, 10], "texture": "#cross"},
				"east": {"uv": [9, 9, 10, 10], "texture": "#cross"},
				"south": {"uv": [9, 9, 10, 10], "texture": "#cross"},
				"west": {"uv": [9, 9, 10, 10], "texture": "#cross"},
				"up": {"uv": [9, 9, 10, 10], "texture": "#cross"},
				"down": {"uv": [9, 9, 10, 10], "texture": "#cross"}
			}
		},
		{
			"from": [5.25, 10.1, 6],
			"to": [6.25, 11.1, 7],
			"rotation": {"angle": 0, "axis": "y", "origin": [13.25, 18.1, 14]},
			"faces": {
				"north": {"uv": [10, 9, 11, 10], "texture": "#cross"},
				"east": {"uv": [10, 9, 11, 10], "texture": "#cross"},
				"south": {"uv": [10, 9, 11, 10], "texture": "#cross"},
				"west": {"uv": [10, 9, 11, 10], "texture": "#cross"},
				"up": {"uv": [10, 9, 11, 10], "texture": "#cross"},
				"down": {"uv": [10, 9, 11, 10], "texture": "#cross"}
			}
		},
		{
			"from": [10.25, 9.6, 7],
			"to": [11.25, 10.6, 9],
			"rotation": {"angle": 0, "axis": "y", "origin": [18.25, 17.6, 0]},
			"faces": {
				"north": {"uv": [9, 9, 10, 10], "texture": "#cross"},
				"east": {"uv": [9, 8, 10, 10], "rotation": 270, "texture": "#cross"},
				"south": {"uv": [9, 8, 10, 9], "texture": "#cross"},
				"west": {"uv": [9, 8, 10, 10], "rotation": 90, "texture": "#cross"},
				"up": {"uv": [9, 8, 10, 10], "rotation": 180, "texture": "#cross"},
				"down": {"uv": [9, 8, 10, 10], "texture": "#cross"}
			}
		},
		{
			"from": [7.25, 9.6, 10],
			"to": [9.25, 10.6, 11],
			"rotation": {"angle": 0, "axis": "y", "origin": [16.25, 17.6, 18]},
			"faces": {
				"north": {"uv": [7, 7, 8, 9], "rotation": 270, "texture": "#cross"},
				"east": {"uv": [7, 7, 8, 8], "rotation": 270, "texture": "#cross"},
				"south": {"uv": [7, 7, 8, 9], "rotation": 270, "texture": "#cross"},
				"west": {"uv": [7, 7, 8, 8], "rotation": 270, "texture": "#cross"},
				"up": {"uv": [7, 7, 8, 9], "rotation": 270, "texture": "#cross"},
				"down": {"uv": [7, 7, 8, 9], "rotation": 270, "texture": "#cross"}
			}
		},
		{
			"from": [5.25, 9.6, 7],
			"to": [6.25, 10.6, 9],
			"rotation": {"angle": 0, "axis": "y", "origin": [13.25, 17.6, 0]},
			"faces": {
				"north": {"uv": [9, 9, 10, 10], "texture": "#cross"},
				"east": {"uv": [9, 8, 10, 10], "texture": "#cross"},
				"south": {"uv": [9, 8, 10, 9], "texture": "#cross"},
				"west": {"uv": [9, 8, 10, 10], "rotation": 90, "texture": "#cross"},
				"up": {"uv": [9, 8, 10, 10], "rotation": 180, "texture": "#cross"},
				"down": {"uv": [9, 8, 10, 10], "texture": "#cross"}
			}
		},
		{
			"from": [7.25, 9.6, 5],
			"to": [9.25, 10.6, 6],
			"rotation": {"angle": 0, "axis": "y", "origin": [16.25, 17.6, 13]},
			"faces": {
				"north": {"uv": [8, 10, 10, 11], "texture": "#cross"},
				"east": {"uv": [8, 10, 9, 11], "texture": "#cross"},
				"south": {"uv": [8, 10, 10, 11], "texture": "#cross"},
				"west": {"uv": [9, 10, 10, 11], "texture": "#cross"},
				"up": {"uv": [8, 10, 10, 11], "texture": "#cross"},
				"down": {"uv": [10, 10, 8, 11], "texture": "#cross"}
			}
		},
		{
			"from": [8.95, 10.1, 6],
			"to": [10.25, 10.3, 7.35],
			"rotation": {"angle": 0, "axis": "y", "origin": [17.25, 17.6, 14]},
			"faces": {
				"north": {"uv": [8, 8, 9, 9], "texture": "#cross"},
				"east": {"uv": [8, 8, 9, 9], "texture": "#cross"},
				"south": {"uv": [8, 8, 9, 9], "texture": "#cross"},
				"west": {"uv": [8, 8, 9, 9], "texture": "#cross"},
				"up": {"uv": [8, 8, 9, 9], "texture": "#cross"},
				"down": {"uv": [8, 8, 9, 9], "texture": "#cross"}
			}
		},
		{
			"from": [6.25, 10.1, 6],
			"to": [7.55, 10.3, 7.3],
			"rotation": {"angle": 0, "axis": "y", "origin": [14.25, 17.6, 14]},
			"faces": {
				"north": {"uv": [9, 9, 10, 10], "texture": "#cross"},
				"east": {"uv": [9, 9, 10, 10], "texture": "#cross"},
				"south": {"uv": [9, 9, 10, 10], "texture": "#cross"},
				"west": {"uv": [9, 9, 10, 10], "texture": "#cross"},
				"up": {"uv": [9, 9, 10, 10], "texture": "#cross"},
				"down": {"uv": [9, 9, 10, 10], "texture": "#cross"}
			}
		},
		{
			"from": [8.95, 10.1, 8.7],
			"to": [10.25, 10.3, 10],
			"rotation": {"angle": 0, "axis": "y", "origin": [17.25, 17.6, 17]},
			"faces": {
				"north": {"uv": [9, 9, 10, 10], "texture": "#cross"},
				"east": {"uv": [9, 9, 10, 10], "texture": "#cross"},
				"south": {"uv": [9, 9, 10, 10], "texture": "#cross"},
				"west": {"uv": [9, 9, 10, 10], "texture": "#cross"},
				"up": {"uv": [9, 9, 10, 10], "texture": "#cross"},
				"down": {"uv": [9, 9, 10, 10], "texture": "#cross"}
			}
		},
		{
			"from": [6.25, 10.1, 5],
			"to": [7.25, 11.1, 6],
			"rotation": {"angle": 0, "axis": "y", "origin": [14.25, 18.1, 13]},
			"faces": {
				"north": {"uv": [9, 9, 10, 10], "texture": "#cross"},
				"east": {"uv": [9, 9, 10, 10], "texture": "#cross"},
				"south": {"uv": [9, 9, 10, 10], "texture": "#cross"},
				"west": {"uv": [9, 9, 10, 10], "texture": "#cross"},
				"up": {"uv": [9, 9, 10, 10], "texture": "#cross"},
				"down": {"uv": [9, 9, 10, 10], "texture": "#cross"}
			}
		},
		{
			"from": [6.25, 9.1, 6],
			"to": [10.25, 10.1, 10],
			"rotation": {"angle": 0, "axis": "y", "origin": [17.25, 17.1, 14]},
			"faces": {
				"north": {"uv": [9, 8, 10, 11], "rotation": 90, "texture": "#cross"},
				"east": {"uv": [9, 8, 10, 11], "rotation": 90, "texture": "#cross"},
				"south": {"uv": [9, 8, 10, 11], "rotation": 90, "texture": "#cross"},
				"west": {"uv": [9, 8, 10, 11], "rotation": 90, "texture": "#cross"},
				"up": {"uv": [6, 8, 9, 11], "texture": "#cross"},
				"down": {"uv": [6, 8, 10, 11], "texture": "#cross"}
			}
		}
	],
	"groups": [
		{
			"name": "flower_pot_cross",
			"origin": [8, 8, 8],
			"color": 0,
			"children": [0, 1, 2, 3, 4]
		},
		{
			"name": "dandelion",
			"origin": [8, 8, 8],
			"color": 0,
			"children": [
				{
					"name": "group",
					"origin": [10, 10, 10],
					"color": 0,
					"children": [5, 6, 7, 8, 9]
				},
				{
					"name": "group",
					"origin": [10, 10, 10],
					"color": 0,
					"children": [10, 11, 12, 13, 14]
				},
				{
					"name": "group",
					"origin": [13, 13, 10],
					"color": 0,
					"children": [15, 16, 17, 18, 19, 20, 21, 22, 23, 24, 25, 26, 27, 28, 29, 30, 31]
				}
			]
		}
	]
}