{
	"credit": "Made with Blockbench",
	"parent": "minecraft:block/stem_growth0",
	"ambientocclusion": false,
	"textures": {
		"stem": "block/pumpkin_stem"
	},
	"elements": [
		{
			"name": "pumpkin_stem_0",
			"from": [2.22503, -1, 6.27393],
			"to": [2.72503, 0, 7.27393],
			"rotation": {"angle": -45, "axis": "y", "origin": [5.47503, -7.78571, 15.03107]},
			"faces": {
				"north": {"uv": [6, 1, 7, 2], "texture": "#stem", "tintindex": 0},
				"east": {"uv": [6, 2, 7, 1], "rotation": 180, "texture": "#stem", "tintindex": 0},
				"south": {"uv": [6, 1, 7, 2], "texture": "#stem", "tintindex": 0},
				"west": {"uv": [6, 1, 7, 2], "texture": "#stem", "tintindex": 0},
				"up": {"uv": [7, 1, 6, 2], "rotation": 270, "texture": "#stem", "tintindex": 0},
				"down": {"uv": [6, 1, 7, 2], "rotation": 270, "texture": "#stem", "tintindex": 0}
			}
		},
		{
			"name": "pumpkin_stem_1",
			"from": [13.27497, -1, 6.27393],
			"to": [13.77497, 0, 7.27393],
			"rotation": {"angle": 45, "axis": "y", "origin": [10.52497, -7.78571, 15.03107]},
			"faces": {
				"north": {"uv": [7, 1, 6, 2], "texture": "#stem", "tintindex": 0},
				"east": {"uv": [7, 1, 6, 2], "texture": "#stem", "tintindex": 0},
				"south": {"uv": [7, 1, 6, 2], "texture": "#stem", "tintindex": 0},
				"west": {"uv": [7, 2, 6, 1], "rotation": 180, "texture": "#stem", "tintindex": 0},
				"up": {"uv": [7, 2, 6, 1], "rotation": 270, "texture": "#stem", "tintindex": 0},
				"down": {"uv": [6, 2, 7, 1], "rotation": 270, "texture": "#stem", "tintindex": 0}
			}
		}
	],
	"groups": [
		{
			"name": "pumpkin_stem_stage7",
			"origin": [8, 8, 8],
			"color": 0,
			"children": [
				{
					"name": "pumpkin_stem",
					"origin": [8, 8, 8],
					"color": 0,
					"children": [0]
				},
				{
					"name": "pumpkin_stem",
					"origin": [8, 8, 8],
					"color": 0,
					"children": [1]
				}
			]
		}
	]
}