{
	"credit": "Made with Blockbench",
	"ambientocclusion": false,
	"textures": {
		"1": "block/resin_clump",
		"particle": "block/resin_clump"
	},
	"elements": [
		{
			"name": "resin_clump_0",
			"from": [2, 13, 0],
			"to": [3, 14, 0.5],
			"faces": {
				"north": {"uv": [3, 2, 2, 3], "texture": "#1"},
				"east": {"uv": [2, 2, 3, 3], "texture": "#1"},
				"south": {"uv": [2, 2, 3, 3], "texture": "#1"},
				"west": {"uv": [2, 2, 3, 3], "texture": "#1"},
				"up": {"uv": [2, 2, 3, 3], "texture": "#1"},
				"down": {"uv": [2, 2, 3, 3], "texture": "#1"}
			}
		},
		{
			"name": "resin_clump_1",
			"from": [9, 12, 0],
			"to": [11, 14, 1],
			"faces": {
				"north": {"uv": [11, 2, 9, 4], "texture": "#1"},
				"east": {"uv": [10, 2, 11, 4], "texture": "#1"},
				"south": {"uv": [9, 2, 11, 4], "texture": "#1"},
				"west": {"uv": [9, 2, 10, 4], "texture": "#1"},
				"up": {"uv": [9, 2, 11, 3], "texture": "#1"},
				"down": {"uv": [9, 3, 11, 4], "texture": "#1"}
			}
		},
		{
			"name": "resin_clump_2",
			"from": [3, 8, 0],
			"to": [4, 11, 1],
			"faces": {
				"north": {"uv": [4, 5, 3, 8], "texture": "#1"},
				"east": {"uv": [3, 5, 4, 8], "texture": "#1"},
				"south": {"uv": [3, 5, 4, 8], "texture": "#1"},
				"west": {"uv": [3, 5, 4, 8], "texture": "#1"},
				"up": {"uv": [3, 5, 4, 6], "texture": "#1"},
				"down": {"uv": [3, 7, 4, 8], "texture": "#1"}
			}
		},
		{
			"name": "resin_clump_3",
			"from": [13, 9, 0],
			"to": [15, 11, 1],
			"faces": {
				"north": {"uv": [15, 5, 13, 7], "texture": "#1"},
				"east": {"uv": [14, 5, 15, 7], "texture": "#1"},
				"south": {"uv": [13, 5, 15, 7], "texture": "#1"},
				"west": {"uv": [13, 5, 14, 7], "texture": "#1"},
				"up": {"uv": [13, 5, 15, 6], "texture": "#1"},
				"down": {"uv": [13, 6, 15, 7], "texture": "#1"}
			}
		},
		{
			"name": "resin_clump_4",
			"from": [4, 8, 0],
			"to": [5, 10, 1],
			"faces": {
				"north": {"uv": [5, 6, 4, 8], "texture": "#1"},
				"east": {"uv": [4, 6, 5, 8], "texture": "#1"},
				"south": {"uv": [4, 6, 5, 8], "texture": "#1"},
				"west": {"uv": [4, 6, 5, 8], "texture": "#1"},
				"up": {"uv": [4, 6, 5, 7], "texture": "#1"},
				"down": {"uv": [4, 7, 5, 8], "texture": "#1"}
			}
		},
		{
			"name": "resin_clump_5",
			"from": [14, 8, 0],
			"to": [15, 9, 1],
			"faces": {
				"north": {"uv": [15, 7, 14, 8], "texture": "#1"},
				"east": {"uv": [14, 7, 15, 8], "texture": "#1"},
				"south": {"uv": [14, 7, 15, 8], "texture": "#1"},
				"west": {"uv": [14, 7, 15, 8], "texture": "#1"},
				"up": {"uv": [14, 7, 15, 8], "texture": "#1"},
				"down": {"uv": [14, 7, 15, 8], "texture": "#1"}
			}
		},
		{
			"name": "resin_clump_6",
			"from": [6, 7, 0],
			"to": [7, 8, 0.5],
			"faces": {
				"north": {"uv": [7, 8, 6, 9], "texture": "#1"},
				"east": {"uv": [6, 8, 7, 9], "texture": "#1"},
				"south": {"uv": [6, 8, 7, 9], "texture": "#1"},
				"west": {"uv": [6, 8, 7, 9], "texture": "#1"},
				"up": {"uv": [6, 8, 7, 9], "texture": "#1"},
				"down": {"uv": [6, 8, 7, 9], "texture": "#1"}
			}
		},
		{
			"name": "resin_clump_7",
			"from": [10, 5, 0],
			"to": [12, 7, 1],
			"faces": {
				"north": {"uv": [12, 9, 10, 11], "texture": "#1"},
				"east": {"uv": [11, 9, 12, 11], "texture": "#1"},
				"south": {"uv": [10, 9, 12, 11], "texture": "#1"},
				"west": {"uv": [10, 9, 11, 11], "texture": "#1"},
				"up": {"uv": [10, 9, 12, 10], "texture": "#1"},
				"down": {"uv": [10, 10, 12, 11], "texture": "#1"}
			}
		},
		{
			"name": "resin_clump_8",
			"from": [9, 4, 0],
			"to": [10, 6, 1],
			"faces": {
				"north": {"uv": [10, 10, 9, 12], "texture": "#1"},
				"east": {"uv": [9, 10, 10, 12], "texture": "#1"},
				"south": {"uv": [9, 10, 10, 12], "texture": "#1"},
				"west": {"uv": [9, 10, 10, 12], "texture": "#1"},
				"up": {"uv": [9, 10, 10, 11], "texture": "#1"},
				"down": {"uv": [9, 11, 10, 12], "texture": "#1"}
			}
		},
		{
			"name": "resin_clump_9",
			"from": [10, 4, 0],
			"to": [11, 5, 1],
			"faces": {
				"north": {"uv": [11, 11, 10, 12], "texture": "#1"},
				"east": {"uv": [10, 11, 11, 12], "texture": "#1"},
				"south": {"uv": [10, 11, 11, 12], "texture": "#1"},
				"west": {"uv": [10, 11, 11, 12], "texture": "#1"},
				"up": {"uv": [10, 11, 11, 12], "texture": "#1"},
				"down": {"uv": [10, 11, 11, 12], "texture": "#1"}
			}
		},
		{
			"name": "resin_clump_10",
			"from": [13, 3, 0],
			"to": [14, 4, 0.5],
			"faces": {
				"north": {"uv": [14, 12, 13, 13], "texture": "#1"},
				"east": {"uv": [13, 12, 14, 13], "texture": "#1"},
				"south": {"uv": [13, 12, 14, 13], "texture": "#1"},
				"west": {"uv": [13, 12, 14, 13], "texture": "#1"},
				"up": {"uv": [13, 12, 14, 13], "texture": "#1"},
				"down": {"uv": [13, 12, 14, 13], "texture": "#1"}
			}
		},
		{
			"name": "resin_clump_11",
			"from": [5, 1, 0],
			"to": [7, 3, 1],
			"faces": {
				"north": {"uv": [7, 13, 5, 15], "texture": "#1"},
				"east": {"uv": [6, 13, 7, 15], "texture": "#1"},
				"south": {"uv": [5, 13, 7, 15], "texture": "#1"},
				"west": {"uv": [5, 13, 6, 15], "texture": "#1"},
				"up": {"uv": [5, 13, 7, 14], "texture": "#1"},
				"down": {"uv": [5, 14, 7, 15], "texture": "#1"}
			}
		}
	],
	"groups": [
		{
			"name": "resin_clump",
			"origin": [8, 8, 8],
			"color": 0,
			"children": [0, 1, 2, 3, 4, 5, 6, 7, 8, 9, 10, 11]
		}
	]
}