{
	"credit": "Made with Blockbench",
	"ambientocclusion": false,
	"textures": {
		"particle": "block/sculk_vein",
		"sculk_vein": "block/sculk_vein"
	},
	"elements": [
		{
			"name": "sculk_vein_0",
			"from": [0, 12, 0],
			"to": [1, 16, 0.5],
			"faces": {
				"north": {"uv": [0, 4, 1, 0], "rotation": 180, "texture": "#sculk_vein"},
				"east": {"uv": [0, 0, 1, 4], "texture": "#sculk_vein"},
				"south": {"uv": [0, 0, 1, 4], "texture": "#sculk_vein"},
				"west": {"uv": [0, 0, 1, 4], "texture": "#sculk_vein"},
				"up": {"uv": [1, 0, 0, 1], "rotation": 180, "texture": "#sculk_vein"},
				"down": {"uv": [0, 3, 1, 4], "texture": "#sculk_vein"}
			}
		},
		{
			"name": "sculk_vein_1",
			"from": [4, 15, 0],
			"to": [12, 16, 0.5],
			"faces": {
				"north": {"uv": [4, 1, 12, 0], "rotation": 180, "texture": "#sculk_vein"},
				"east": {"uv": [11, 0, 12, 1], "texture": "#sculk_vein"},
				"south": {"uv": [4, 0, 12, 1], "texture": "#sculk_vein"},
				"west": {"uv": [4, 0, 5, 1], "texture": "#sculk_vein"},
				"up": {"uv": [12, 0, 4, 1], "rotation": 180, "texture": "#sculk_vein"},
				"down": {"uv": [4, 0, 12, 1], "texture": "#sculk_vein"}
			}
		},
		{
			"name": "sculk_vein_2",
			"from": [13, 12, 0],
			"to": [16, 16, 0.5],
			"faces": {
				"north": {"uv": [13, 4, 16, 0], "rotation": 180, "texture": "#sculk_vein"},
				"east": {"uv": [15, 0, 16, 4], "texture": "#sculk_vein"},
				"south": {"uv": [13, 0, 16, 4], "texture": "#sculk_vein"},
				"west": {"uv": [13, 0, 14, 4], "texture": "#sculk_vein"},
				"up": {"uv": [16, 0, 13, 1], "rotation": 180, "texture": "#sculk_vein"},
				"down": {"uv": [13, 3, 16, 4], "texture": "#sculk_vein"}
			}
		},
		{
			"name": "sculk_vein_3",
			"from": [1, 13, 0],
			"to": [2, 15, 0.5],
			"faces": {
				"north": {"uv": [1, 3, 2, 1], "rotation": 180, "texture": "#sculk_vein"},
				"east": {"uv": [1, 1, 2, 3], "texture": "#sculk_vein"},
				"south": {"uv": [1, 1, 2, 3], "texture": "#sculk_vein"},
				"west": {"uv": [1, 1, 2, 3], "texture": "#sculk_vein"},
				"up": {"uv": [2, 1, 1, 2], "rotation": 180, "texture": "#sculk_vein"},
				"down": {"uv": [1, 2, 2, 3], "texture": "#sculk_vein"}
			}
		},
		{
			"name": "sculk_vein_4",
			"from": [5, 8, 0],
			"to": [7, 15, 0.5],
			"faces": {
				"north": {"uv": [5, 8, 7, 1], "rotation": 180, "texture": "#sculk_vein"},
				"east": {"uv": [6, 1, 7, 8], "texture": "#sculk_vein"},
				"south": {"uv": [5, 1, 7, 8], "texture": "#sculk_vein"},
				"west": {"uv": [5, 1, 6, 8], "texture": "#sculk_vein"},
				"up": {"uv": [7, 1, 5, 2], "rotation": 180, "texture": "#sculk_vein"},
				"down": {"uv": [5, 7, 7, 8], "texture": "#sculk_vein"}
			}
		},
		{
			"name": "sculk_vein_5",
			"from": [7, 14, 0],
			"to": [13, 15, 0.5],
			"faces": {
				"north": {"uv": [7, 2, 13, 1], "rotation": 180, "texture": "#sculk_vein"},
				"east": {"uv": [12, 1, 13, 2], "texture": "#sculk_vein"},
				"south": {"uv": [7, 1, 13, 2], "texture": "#sculk_vein"},
				"west": {"uv": [7, 1, 8, 2], "texture": "#sculk_vein"},
				"up": {"uv": [13, 1, 7, 2], "rotation": 180, "texture": "#sculk_vein"},
				"down": {"uv": [7, 1, 13, 2], "texture": "#sculk_vein"}
			}
		},
		{
			"name": "sculk_vein_6",
			"from": [3, 8, 0],
			"to": [5, 14, 0.5],
			"faces": {
				"north": {"uv": [3, 8, 5, 2], "rotation": 180, "texture": "#sculk_vein"},
				"east": {"uv": [4, 2, 5, 8], "texture": "#sculk_vein"},
				"south": {"uv": [3, 2, 5, 8], "texture": "#sculk_vein"},
				"west": {"uv": [3, 2, 4, 8], "texture": "#sculk_vein"},
				"up": {"uv": [5, 2, 3, 3], "rotation": 180, "texture": "#sculk_vein"},
				"down": {"uv": [3, 7, 5, 8], "texture": "#sculk_vein"}
			}
		},
		{
			"name": "sculk_vein_7",
			"from": [8, 13, 0],
			"to": [11, 14, 0.5],
			"faces": {
				"north": {"uv": [8, 3, 11, 2], "rotation": 180, "texture": "#sculk_vein"},
				"east": {"uv": [10, 2, 11, 3], "texture": "#sculk_vein"},
				"south": {"uv": [8, 2, 11, 3], "texture": "#sculk_vein"},
				"west": {"uv": [8, 2, 9, 3], "texture": "#sculk_vein"},
				"up": {"uv": [11, 2, 8, 3], "rotation": 180, "texture": "#sculk_vein"},
				"down": {"uv": [8, 2, 11, 3], "texture": "#sculk_vein"}
			}
		},
		{
			"name": "sculk_vein_8",
			"from": [12, 13, 0],
			"to": [13, 14, 0.5],
			"faces": {
				"north": {"uv": [12, 3, 13, 2], "rotation": 180, "texture": "#sculk_vein"},
				"east": {"uv": [12, 2, 13, 3], "texture": "#sculk_vein"},
				"south": {"uv": [12, 2, 13, 3], "texture": "#sculk_vein"},
				"west": {"uv": [12, 2, 13, 3], "texture": "#sculk_vein"},
				"up": {"uv": [13, 2, 12, 3], "rotation": 180, "texture": "#sculk_vein"},
				"down": {"uv": [12, 2, 13, 3], "texture": "#sculk_vein"}
			}
		},
		{
			"name": "sculk_vein_9",
			"from": [2, 9, 0],
			"to": [3, 13, 0.5],
			"faces": {
				"north": {"uv": [2, 7, 3, 3], "rotation": 180, "texture": "#sculk_vein"},
				"east": {"uv": [2, 3, 3, 7], "texture": "#sculk_vein"},
				"south": {"uv": [2, 3, 3, 7], "texture": "#sculk_vein"},
				"west": {"uv": [2, 3, 3, 7], "texture": "#sculk_vein"},
				"up": {"uv": [3, 3, 2, 4], "rotation": 180, "texture": "#sculk_vein"},
				"down": {"uv": [2, 6, 3, 7], "texture": "#sculk_vein"}
			}
		},
		{
			"name": "sculk_vein_10",
			"from": [7, 9, 0],
			"to": [8, 13, 0.5],
			"faces": {
				"north": {"uv": [7, 7, 8, 3], "rotation": 180, "texture": "#sculk_vein"},
				"east": {"uv": [7, 3, 8, 7], "texture": "#sculk_vein"},
				"south": {"uv": [7, 3, 8, 7], "texture": "#sculk_vein"},
				"west": {"uv": [7, 3, 8, 7], "texture": "#sculk_vein"},
				"up": {"uv": [8, 3, 7, 4], "rotation": 180, "texture": "#sculk_vein"},
				"down": {"uv": [7, 6, 8, 7], "texture": "#sculk_vein"}
			}
		},
		{
			"name": "sculk_vein_11",
			"from": [1, 10, 0],
			"to": [2, 12, 0.5],
			"faces": {
				"north": {"uv": [1, 6, 2, 4], "rotation": 180, "texture": "#sculk_vein"},
				"east": {"uv": [1, 4, 2, 6], "texture": "#sculk_vein"},
				"south": {"uv": [1, 4, 2, 6], "texture": "#sculk_vein"},
				"west": {"uv": [1, 4, 2, 6], "texture": "#sculk_vein"},
				"up": {"uv": [2, 4, 1, 5], "rotation": 180, "texture": "#sculk_vein"},
				"down": {"uv": [1, 5, 2, 6], "texture": "#sculk_vein"}
			}
		},
		{
			"name": "sculk_vein_12",
			"from": [8, 10, 0],
			"to": [9, 12, 0.5],
			"faces": {
				"north": {"uv": [8, 6, 9, 4], "rotation": 180, "texture": "#sculk_vein"},
				"east": {"uv": [8, 4, 9, 6], "texture": "#sculk_vein"},
				"south": {"uv": [8, 4, 9, 6], "texture": "#sculk_vein"},
				"west": {"uv": [8, 4, 9, 6], "texture": "#sculk_vein"},
				"up": {"uv": [9, 4, 8, 5], "rotation": 180, "texture": "#sculk_vein"},
				"down": {"uv": [8, 5, 9, 6], "texture": "#sculk_vein"}
			}
		},
		{
			"name": "sculk_vein_13",
			"from": [14, 11, 0],
			"to": [16, 12, 0.5],
			"faces": {
				"north": {"uv": [14, 5, 16, 4], "rotation": 180, "texture": "#sculk_vein"},
				"east": {"uv": [15, 4, 16, 5], "texture": "#sculk_vein"},
				"south": {"uv": [14, 4, 16, 5], "texture": "#sculk_vein"},
				"west": {"uv": [14, 4, 15, 5], "texture": "#sculk_vein"},
				"up": {"uv": [16, 4, 14, 5], "rotation": 180, "texture": "#sculk_vein"},
				"down": {"uv": [14, 4, 16, 5], "texture": "#sculk_vein"}
			}
		},
		{
			"name": "sculk_vein_14",
			"from": [11, 7, 0],
			"to": [14, 11, 0.5],
			"faces": {
				"north": {"uv": [11, 9, 14, 5], "rotation": 180, "texture": "#sculk_vein"},
				"east": {"uv": [13, 5, 14, 9], "texture": "#sculk_vein"},
				"south": {"uv": [11, 5, 14, 9], "texture": "#sculk_vein"},
				"west": {"uv": [11, 5, 12, 9], "texture": "#sculk_vein"},
				"up": {"uv": [14, 5, 11, 6], "rotation": 180, "texture": "#sculk_vein"},
				"down": {"uv": [11, 8, 14, 9], "texture": "#sculk_vein"}
			}
		},
		{
			"name": "sculk_vein_15",
			"from": [10, 8, 0],
			"to": [11, 10, 0.5],
			"faces": {
				"north": {"uv": [10, 8, 11, 6], "rotation": 180, "texture": "#sculk_vein"},
				"east": {"uv": [10, 6, 11, 8], "texture": "#sculk_vein"},
				"south": {"uv": [10, 6, 11, 8], "texture": "#sculk_vein"},
				"west": {"uv": [10, 6, 11, 8], "texture": "#sculk_vein"},
				"up": {"uv": [11, 6, 10, 7], "rotation": 180, "texture": "#sculk_vein"},
				"down": {"uv": [10, 7, 11, 8], "texture": "#sculk_vein"}
			}
		},
		{
			"name": "sculk_vein_16",
			"from": [14, 8, 0],
			"to": [15, 10, 0.5],
			"faces": {
				"north": {"uv": [14, 8, 15, 6], "rotation": 180, "texture": "#sculk_vein"},
				"east": {"uv": [14, 6, 15, 8], "texture": "#sculk_vein"},
				"south": {"uv": [14, 6, 15, 8], "texture": "#sculk_vein"},
				"west": {"uv": [14, 6, 15, 8], "texture": "#sculk_vein"},
				"up": {"uv": [15, 6, 14, 7], "rotation": 180, "texture": "#sculk_vein"},
				"down": {"uv": [14, 7, 15, 8], "texture": "#sculk_vein"}
			}
		},
		{
			"name": "sculk_vein_17",
			"from": [0, 5, 0],
			"to": [2, 9, 0.5],
			"faces": {
				"north": {"uv": [0, 11, 2, 7], "rotation": 180, "texture": "#sculk_vein"},
				"east": {"uv": [1, 7, 2, 11], "texture": "#sculk_vein"},
				"south": {"uv": [0, 7, 2, 11], "texture": "#sculk_vein"},
				"west": {"uv": [0, 7, 1, 11], "texture": "#sculk_vein"},
				"up": {"uv": [2, 7, 0, 8], "rotation": 180, "texture": "#sculk_vein"},
				"down": {"uv": [0, 10, 2, 11], "texture": "#sculk_vein"}
			}
		},
		{
			"name": "sculk_vein_18",
			"from": [2, 6, 0],
			"to": [3, 8, 0.5],
			"faces": {
				"north": {"uv": [2, 10, 3, 8], "rotation": 180, "texture": "#sculk_vein"},
				"east": {"uv": [2, 8, 3, 10], "texture": "#sculk_vein"},
				"south": {"uv": [2, 8, 3, 10], "texture": "#sculk_vein"},
				"west": {"uv": [2, 8, 3, 10], "texture": "#sculk_vein"},
				"up": {"uv": [3, 8, 2, 9], "rotation": 180, "texture": "#sculk_vein"},
				"down": {"uv": [2, 9, 3, 10], "texture": "#sculk_vein"}
			}
		},
		{
			"name": "sculk_vein_19",
			"from": [6, 3, 0],
			"to": [10, 8, 0.5],
			"faces": {
				"north": {"uv": [6, 13, 10, 8], "rotation": 180, "texture": "#sculk_vein"},
				"east": {"uv": [9, 8, 10, 13], "texture": "#sculk_vein"},
				"south": {"uv": [6, 8, 10, 13], "texture": "#sculk_vein"},
				"west": {"uv": [6, 8, 7, 13], "texture": "#sculk_vein"},
				"up": {"uv": [10, 8, 6, 9], "rotation": 180, "texture": "#sculk_vein"},
				"down": {"uv": [6, 12, 10, 13], "texture": "#sculk_vein"}
			}
		},
		{
			"name": "sculk_vein_20",
			"from": [15, 6, 0],
			"to": [16, 8, 0.5],
			"faces": {
				"north": {"uv": [15, 10, 16, 8], "rotation": 180, "texture": "#sculk_vein"},
				"east": {"uv": [15, 8, 16, 10], "texture": "#sculk_vein"},
				"south": {"uv": [15, 8, 16, 10], "texture": "#sculk_vein"},
				"west": {"uv": [15, 8, 16, 10], "texture": "#sculk_vein"},
				"up": {"uv": [16, 8, 15, 9], "rotation": 180, "texture": "#sculk_vein"},
				"down": {"uv": [15, 9, 16, 10], "texture": "#sculk_vein"}
			}
		},
		{
			"name": "sculk_vein_21",
			"from": [5, 4, 0],
			"to": [6, 7, 0.5],
			"faces": {
				"north": {"uv": [5, 12, 6, 9], "rotation": 180, "texture": "#sculk_vein"},
				"east": {"uv": [5, 9, 6, 12], "texture": "#sculk_vein"},
				"south": {"uv": [5, 9, 6, 12], "texture": "#sculk_vein"},
				"west": {"uv": [5, 9, 6, 12], "texture": "#sculk_vein"},
				"up": {"uv": [6, 9, 5, 10], "rotation": 180, "texture": "#sculk_vein"},
				"down": {"uv": [5, 11, 6, 12], "texture": "#sculk_vein"}
			}
		},
		{
			"name": "sculk_vein_22",
			"from": [10, 4, 0],
			"to": [11, 7, 0.5],
			"faces": {
				"north": {"uv": [10, 12, 11, 9], "rotation": 180, "texture": "#sculk_vein"},
				"east": {"uv": [10, 9, 11, 12], "texture": "#sculk_vein"},
				"south": {"uv": [10, 9, 11, 12], "texture": "#sculk_vein"},
				"west": {"uv": [10, 9, 11, 12], "texture": "#sculk_vein"},
				"up": {"uv": [11, 9, 10, 10], "rotation": 180, "texture": "#sculk_vein"},
				"down": {"uv": [10, 11, 11, 12], "texture": "#sculk_vein"}
			}
		},
		{
			"name": "sculk_vein_23",
			"from": [12, 2, 0],
			"to": [15, 6, 0.5],
			"faces": {
				"north": {"uv": [12, 14, 15, 10], "rotation": 180, "texture": "#sculk_vein"},
				"east": {"uv": [14, 10, 15, 14], "texture": "#sculk_vein"},
				"south": {"uv": [12, 10, 15, 14], "texture": "#sculk_vein"},
				"west": {"uv": [12, 10, 13, 14], "texture": "#sculk_vein"},
				"up": {"uv": [15, 10, 12, 11], "rotation": 180, "texture": "#sculk_vein"},
				"down": {"uv": [12, 13, 15, 14], "texture": "#sculk_vein"}
			}
		},
		{
			"name": "sculk_vein_24",
			"from": [1, 1, 0],
			"to": [4, 5, 0.5],
			"faces": {
				"north": {"uv": [1, 15, 4, 11], "rotation": 180, "texture": "#sculk_vein"},
				"east": {"uv": [3, 11, 4, 15], "texture": "#sculk_vein"},
				"south": {"uv": [1, 11, 4, 15], "texture": "#sculk_vein"},
				"west": {"uv": [1, 11, 2, 15], "texture": "#sculk_vein"},
				"up": {"uv": [4, 11, 1, 12], "rotation": 180, "texture": "#sculk_vein"},
				"down": {"uv": [1, 14, 4, 15], "texture": "#sculk_vein"}
			}
		},
		{
			"name": "sculk_vein_25",
			"from": [11, 3, 0],
			"to": [12, 5, 0.5],
			"faces": {
				"north": {"uv": [11, 13, 12, 11], "rotation": 180, "texture": "#sculk_vein"},
				"east": {"uv": [11, 11, 12, 13], "texture": "#sculk_vein"},
				"south": {"uv": [11, 11, 12, 13], "texture": "#sculk_vein"},
				"west": {"uv": [11, 11, 12, 13], "texture": "#sculk_vein"},
				"up": {"uv": [12, 11, 11, 12], "rotation": 180, "texture": "#sculk_vein"},
				"down": {"uv": [11, 12, 12, 13], "texture": "#sculk_vein"}
			}
		},
		{
			"name": "sculk_vein_26",
			"from": [15, 3, 0],
			"to": [16, 5, 0.5],
			"faces": {
				"north": {"uv": [15, 13, 16, 11], "rotation": 180, "texture": "#sculk_vein"},
				"east": {"uv": [15, 11, 16, 13], "texture": "#sculk_vein"},
				"south": {"uv": [15, 11, 16, 13], "texture": "#sculk_vein"},
				"west": {"uv": [15, 11, 16, 13], "texture": "#sculk_vein"},
				"up": {"uv": [16, 11, 15, 12], "rotation": 180, "texture": "#sculk_vein"},
				"down": {"uv": [15, 12, 16, 13], "texture": "#sculk_vein"}
			}
		},
		{
			"name": "sculk_vein_27",
			"from": [0, 2, 0],
			"to": [1, 4, 0.5],
			"faces": {
				"north": {"uv": [0, 14, 1, 12], "rotation": 180, "texture": "#sculk_vein"},
				"east": {"uv": [0, 12, 1, 14], "texture": "#sculk_vein"},
				"south": {"uv": [0, 12, 1, 14], "texture": "#sculk_vein"},
				"west": {"uv": [0, 12, 1, 14], "texture": "#sculk_vein"},
				"up": {"uv": [1, 12, 0, 13], "rotation": 180, "texture": "#sculk_vein"},
				"down": {"uv": [0, 13, 1, 14], "texture": "#sculk_vein"}
			}
		},
		{
			"name": "sculk_vein_28",
			"from": [4, 2, 0],
			"to": [5, 4, 0.5],
			"faces": {
				"north": {"uv": [4, 14, 5, 12], "rotation": 180, "texture": "#sculk_vein"},
				"east": {"uv": [4, 12, 5, 14], "texture": "#sculk_vein"},
				"south": {"uv": [4, 12, 5, 14], "texture": "#sculk_vein"},
				"west": {"uv": [4, 12, 5, 14], "texture": "#sculk_vein"},
				"up": {"uv": [5, 12, 4, 13], "rotation": 180, "texture": "#sculk_vein"},
				"down": {"uv": [4, 13, 5, 14], "texture": "#sculk_vein"}
			}
		},
		{
			"name": "sculk_vein_29",
			"from": [5, 0, 0],
			"to": [7, 2, 0.5],
			"faces": {
				"north": {"uv": [5, 16, 7, 14], "rotation": 180, "texture": "#sculk_vein"},
				"east": {"uv": [6, 14, 7, 16], "texture": "#sculk_vein"},
				"south": {"uv": [5, 14, 7, 16], "texture": "#sculk_vein"},
				"west": {"uv": [5, 14, 6, 16], "texture": "#sculk_vein"},
				"up": {"uv": [7, 14, 5, 15], "rotation": 180, "texture": "#sculk_vein"},
				"down": {"uv": [5, 15, 7, 16], "texture": "#sculk_vein"}
			}
		},
		{
			"name": "sculk_vein_30",
			"from": [8, 0, 0],
			"to": [11, 2, 0.5],
			"faces": {
				"north": {"uv": [8, 16, 11, 14], "rotation": 180, "texture": "#sculk_vein"},
				"east": {"uv": [10, 14, 11, 16], "texture": "#sculk_vein"},
				"south": {"uv": [8, 14, 11, 16], "texture": "#sculk_vein"},
				"west": {"uv": [8, 14, 9, 16], "texture": "#sculk_vein"},
				"up": {"uv": [11, 14, 8, 15], "rotation": 180, "texture": "#sculk_vein"},
				"down": {"uv": [8, 15, 11, 16], "texture": "#sculk_vein"}
			}
		},
		{
			"name": "sculk_vein_31",
			"from": [4, 0, 0],
			"to": [5, 1, 0.5],
			"faces": {
				"north": {"uv": [4, 16, 5, 15], "rotation": 180, "texture": "#sculk_vein"},
				"east": {"uv": [4, 15, 5, 16], "texture": "#sculk_vein"},
				"south": {"uv": [4, 15, 5, 16], "texture": "#sculk_vein"},
				"west": {"uv": [4, 15, 5, 16], "texture": "#sculk_vein"},
				"up": {"uv": [5, 15, 4, 16], "rotation": 180, "texture": "#sculk_vein"},
				"down": {"uv": [4, 15, 5, 16], "texture": "#sculk_vein"}
			}
		},
		{
			"name": "sculk_vein_32",
			"from": [7, 0, 0],
			"to": [8, 1, 0.5],
			"faces": {
				"north": {"uv": [7, 16, 8, 15], "rotation": 180, "texture": "#sculk_vein"},
				"east": {"uv": [7, 15, 8, 16], "texture": "#sculk_vein"},
				"south": {"uv": [7, 15, 8, 16], "texture": "#sculk_vein"},
				"west": {"uv": [7, 15, 8, 16], "texture": "#sculk_vein"},
				"up": {"uv": [8, 15, 7, 16], "rotation": 180, "texture": "#sculk_vein"},
				"down": {"uv": [7, 15, 8, 16], "texture": "#sculk_vein"}
			}
		},
		{
			"name": "sculk_vein_33",
			"from": [11, 0, 0],
			"to": [12, 1, 0.5],
			"faces": {
				"north": {"uv": [11, 16, 12, 15], "rotation": 180, "texture": "#sculk_vein"},
				"east": {"uv": [11, 15, 12, 16], "texture": "#sculk_vein"},
				"south": {"uv": [11, 15, 12, 16], "texture": "#sculk_vein"},
				"west": {"uv": [11, 15, 12, 16], "texture": "#sculk_vein"},
				"up": {"uv": [12, 15, 11, 16], "rotation": 180, "texture": "#sculk_vein"},
				"down": {"uv": [11, 15, 12, 16], "texture": "#sculk_vein"}
			}
		},
		{
			"name": "sculk_vein_34",
			"from": [14, 0, 0],
			"to": [16, 1, 0.5],
			"faces": {
				"north": {"uv": [14, 16, 16, 15], "rotation": 180, "texture": "#sculk_vein"},
				"east": {"uv": [15, 15, 16, 16], "texture": "#sculk_vein"},
				"south": {"uv": [14, 15, 16, 16], "texture": "#sculk_vein"},
				"west": {"uv": [14, 15, 15, 16], "texture": "#sculk_vein"},
				"up": {"uv": [16, 15, 14, 16], "rotation": 180, "texture": "#sculk_vein"},
				"down": {"uv": [14, 15, 16, 16], "texture": "#sculk_vein"}
			}
		}
	],
	"groups": [
		{
			"name": "sculk_vein",
			"origin": [8, 8, 8],
			"color": 0,
			"children": [0, 1, 2, 3, 4, 5, 6, 7, 8, 9, 10, 11, 12, 13, 14, 15, 16, 17, 18, 19, 20, 21, 22, 23, 24, 25, 26, 27, 28, 29, 30, 31, 32, 33, 34]
		}
	]
}