{
	"credit": "Made with Blockbench",
	"parent": "block/block",
	"textures": {
		"3": "block/small_dripleaf_top",
		"4": "block/small_dripleaf_side",
		"particle": "block/small_dripleaf_top",
		"stem": "block/small_dripleaf_stem_top"
	},
	"elements": [
		{
			"name": "small_dripleaf_top_0",
			"from": [1, 8, 1],
			"to": [8, 8.25, 8],
			"faces": {
				"north": {"uv": [8, 0, 0, 1], "texture": "#3"},
				"east": {"uv": [7, 0, 8, 8], "rotation": 90, "texture": "#3"},
				"south": {"uv": [0, 7, 8, 8], "texture": "#3"},
				"west": {"uv": [0, 0, 1, 8], "rotation": 270, "texture": "#3"},
				"up": {"uv": [0, 0, 8, 8], "texture": "#3"},
				"down": {"uv": [0, 8, 8, 0], "texture": "#3"}
			}
		},
		{
			"name": "small_dripleaf_side_1",
			"from": [1, 7, 1],
			"to": [2, 8, 1.25],
			"rotation": {"angle": 0, "axis": "y", "origin": [3.5, 30.5, -1.5]},
			"faces": {
				"north": {"uv": [1, 0, 2, 1], "rotation": 270, "texture": "#4"},
				"east": {"uv": [2, 0, 1, 1], "texture": "#4"},
				"south": {"uv": [1, 0, 2, 1], "rotation": 90, "texture": "#4"},
				"west": {"uv": [1, 0, 2, 1], "texture": "#4"},
				"up": {"uv": [1, 0, 2, 1], "rotation": 90, "texture": "#4"},
				"down": {"uv": [1, 1, 2, 0], "rotation": 270, "texture": "#4"}
			}
		},
		{
			"name": "small_dripleaf_side_2",
			"from": [1, 7, 7.75],
			"to": [2, 8, 8],
			"rotation": {"angle": 0, "axis": "y", "origin": [3.5, 30.5, -1.5]},
			"faces": {
				"north": {"uv": [1, 0, 2, 1], "rotation": 270, "texture": "#4"},
				"east": {"uv": [2, 0, 1, 1], "texture": "#4"},
				"south": {"uv": [1, 0, 2, 1], "rotation": 90, "texture": "#4"},
				"west": {"uv": [1, 0, 2, 1], "texture": "#4"},
				"up": {"uv": [1, 0, 2, 1], "rotation": 90, "texture": "#4"},
				"down": {"uv": [1, 1, 2, 0], "rotation": 270, "texture": "#4"}
			}
		},
		{
			"name": "small_dripleaf_side_2",
			"from": [1, 7, 3],
			"to": [1.25, 8, 4],
			"rotation": {"angle": 0, "axis": "y", "origin": [3.5, 30.5, -1.5]},
			"faces": {
				"north": {"uv": [3, 0, 4, 1], "rotation": 270, "texture": "#4"},
				"east": {"uv": [4, 0, 3, 1], "texture": "#4"},
				"south": {"uv": [3, 0, 4, 1], "rotation": 90, "texture": "#4"},
				"west": {"uv": [3, 0, 4, 1], "texture": "#4"},
				"up": {"uv": [3, 0, 4, 1], "rotation": 90, "texture": "#4"},
				"down": {"uv": [3, 1, 4, 0], "rotation": 270, "texture": "#4"}
			}
		},
		{
			"name": "small_dripleaf_side_3",
			"from": [1, 7, 1],
			"to": [1.25, 8, 2],
			"rotation": {"angle": 0, "axis": "y", "origin": [3.5, 30.5, -1.5]},
			"faces": {
				"north": {"uv": [3, 0, 4, 1], "rotation": 270, "texture": "#4"},
				"east": {"uv": [4, 0, 3, 1], "texture": "#4"},
				"south": {"uv": [3, 0, 4, 1], "rotation": 90, "texture": "#4"},
				"west": {"uv": [3, 0, 4, 1], "texture": "#4"},
				"up": {"uv": [3, 0, 4, 1], "rotation": 90, "texture": "#4"},
				"down": {"uv": [3, 1, 4, 0], "rotation": 270, "texture": "#4"}
			}
		},
		{
			"name": "small_dripleaf_side_3",
			"from": [1, 7, 5],
			"to": [1.25, 8, 6],
			"rotation": {"angle": 0, "axis": "y", "origin": [3.5, 30.5, -1.5]},
			"faces": {
				"north": {"uv": [5, 0, 6, 1], "rotation": 270, "texture": "#4"},
				"east": {"uv": [6, 0, 5, 1], "texture": "#4"},
				"south": {"uv": [5, 0, 6, 1], "rotation": 90, "texture": "#4"},
				"west": {"uv": [5, 0, 6, 1], "texture": "#4"},
				"up": {"uv": [5, 0, 6, 1], "rotation": 90, "texture": "#4"},
				"down": {"uv": [5, 1, 6, 0], "rotation": 270, "texture": "#4"}
			}
		},
		{
			"name": "small_dripleaf_side_4",
			"from": [1, 7, 7],
			"to": [1.25, 8, 8],
			"rotation": {"angle": 0, "axis": "y", "origin": [3.5, 30.5, -1.5]},
			"faces": {
				"north": {"uv": [7, 0, 8, 1], "rotation": 270, "texture": "#4"},
				"east": {"uv": [8, 0, 7, 1], "texture": "#4"},
				"south": {"uv": [7, 0, 8, 1], "rotation": 90, "texture": "#4"},
				"west": {"uv": [7, 0, 8, 1], "texture": "#4"},
				"up": {"uv": [7, 0, 8, 1], "rotation": 90, "texture": "#4"},
				"down": {"uv": [7, 1, 8, 0], "rotation": 270, "texture": "#4"}
			}
		},
		{
			"name": "small_dripleaf_side_2",
			"from": [7, 7, 7.75],
			"to": [8, 8, 8],
			"rotation": {"angle": 0, "axis": "y", "origin": [11.2, 7.5, 3.825]},
			"faces": {
				"north": {"uv": [1, 0, 2, 1], "rotation": 90, "texture": "#4"},
				"east": {"uv": [1, 0, 2, 1], "texture": "#4"},
				"south": {"uv": [1, 0, 2, 1], "rotation": 270, "texture": "#4"},
				"west": {"uv": [2, 0, 1, 1], "texture": "#4"},
				"up": {"uv": [1, 0, 2, 1], "rotation": 270, "texture": "#4"},
				"down": {"uv": [1, 1, 2, 0], "rotation": 90, "texture": "#4"}
			}
		},
		{
			"name": "small_dripleaf_side_3",
			"from": [7.75, 7, 5],
			"to": [8, 8, 6],
			"rotation": {"angle": 0, "axis": "y", "origin": [11.2, 7.5, 3.825]},
			"faces": {
				"north": {"uv": [3, 0, 4, 1], "rotation": 90, "texture": "#4"},
				"east": {"uv": [3, 0, 4, 1], "texture": "#4"},
				"south": {"uv": [3, 0, 4, 1], "rotation": 270, "texture": "#4"},
				"west": {"uv": [4, 0, 3, 1], "texture": "#4"},
				"up": {"uv": [3, 0, 4, 1], "rotation": 270, "texture": "#4"},
				"down": {"uv": [3, 1, 4, 0], "rotation": 90, "texture": "#4"}
			}
		},
		{
			"name": "small_dripleaf_side_4",
			"from": [7.75, 7, 7],
			"to": [8, 8, 8],
			"rotation": {"angle": 0, "axis": "y", "origin": [11.2, 7.5, 3.825]},
			"faces": {
				"north": {"uv": [3, 0, 4, 1], "rotation": 90, "texture": "#4"},
				"east": {"uv": [3, 0, 4, 1], "texture": "#4"},
				"south": {"uv": [3, 0, 4, 1], "rotation": 270, "texture": "#4"},
				"west": {"uv": [4, 0, 3, 1], "texture": "#4"},
				"up": {"uv": [3, 0, 4, 1], "rotation": 270, "texture": "#4"},
				"down": {"uv": [3, 1, 4, 0], "rotation": 90, "texture": "#4"}
			}
		},
		{
			"name": "small_dripleaf_side_4",
			"from": [7.75, 7, 3],
			"to": [8, 8, 4],
			"rotation": {"angle": 0, "axis": "y", "origin": [11.2, 7.5, 3.825]},
			"faces": {
				"north": {"uv": [5, 0, 6, 1], "rotation": 90, "texture": "#4"},
				"east": {"uv": [5, 0, 6, 1], "texture": "#4"},
				"south": {"uv": [5, 0, 6, 1], "rotation": 270, "texture": "#4"},
				"west": {"uv": [6, 0, 5, 1], "texture": "#4"},
				"up": {"uv": [5, 0, 6, 1], "rotation": 270, "texture": "#4"},
				"down": {"uv": [5, 1, 6, 0], "rotation": 90, "texture": "#4"}
			}
		},
		{
			"name": "small_dripleaf_side_5",
			"from": [7.75, 7, 1],
			"to": [8, 8, 2],
			"rotation": {"angle": 0, "axis": "y", "origin": [11.2, 7.5, 3.825]},
			"faces": {
				"north": {"uv": [7, 0, 8, 1], "rotation": 90, "texture": "#4"},
				"east": {"uv": [7, 0, 8, 1], "texture": "#4"},
				"south": {"uv": [7, 0, 8, 1], "rotation": 270, "texture": "#4"},
				"west": {"uv": [8, 0, 7, 1], "texture": "#4"},
				"up": {"uv": [7, 0, 8, 1], "rotation": 270, "texture": "#4"},
				"down": {"uv": [7, 1, 8, 0], "rotation": 90, "texture": "#4"}
			}
		},
		{
			"name": "small_dripleaf_side_1",
			"from": [3, 7, 1],
			"to": [4, 8, 1.25],
			"faces": {
				"north": {"uv": [4, 0, 3, 1], "texture": "#4"},
				"east": {"uv": [3, 0, 4, 1], "rotation": 90, "texture": "#4"},
				"south": {"uv": [3, 0, 4, 1], "texture": "#4"},
				"west": {"uv": [3, 0, 4, 1], "rotation": 270, "texture": "#4"},
				"up": {"uv": [3, 0, 4, 1], "texture": "#4"},
				"down": {"uv": [3, 1, 4, 0], "texture": "#4"}
			}
		},
		{
			"name": "small_dripleaf_side_2",
			"from": [3, 7, 1],
			"to": [4, 8, 1.25],
			"faces": {
				"north": {"uv": [4, 0, 3, 1], "texture": "#4"},
				"east": {"uv": [3, 0, 4, 1], "rotation": 90, "texture": "#4"},
				"south": {"uv": [3, 0, 4, 1], "texture": "#4"},
				"west": {"uv": [3, 0, 4, 1], "rotation": 270, "texture": "#4"},
				"up": {"uv": [3, 0, 4, 1], "texture": "#4"},
				"down": {"uv": [3, 1, 4, 0], "texture": "#4"}
			}
		},
		{
			"name": "small_dripleaf_side_3",
			"from": [3, 7, 7.75],
			"to": [4, 8, 8],
			"faces": {
				"north": {"uv": [4, 0, 3, 1], "texture": "#4"},
				"east": {"uv": [3, 0, 4, 1], "rotation": 90, "texture": "#4"},
				"south": {"uv": [3, 0, 4, 1], "texture": "#4"},
				"west": {"uv": [3, 0, 4, 1], "rotation": 270, "texture": "#4"},
				"up": {"uv": [3, 0, 4, 1], "texture": "#4"},
				"down": {"uv": [3, 1, 4, 0], "texture": "#4"}
			}
		},
		{
			"name": "small_dripleaf_side_2",
			"from": [5, 7, 1],
			"to": [6, 8, 1.25],
			"faces": {
				"north": {"uv": [6, 0, 5, 1], "texture": "#4"},
				"east": {"uv": [5, 0, 6, 1], "rotation": 90, "texture": "#4"},
				"south": {"uv": [5, 0, 6, 1], "texture": "#4"},
				"west": {"uv": [5, 0, 6, 1], "rotation": 270, "texture": "#4"},
				"up": {"uv": [5, 0, 6, 1], "texture": "#4"},
				"down": {"uv": [5, 1, 6, 0], "texture": "#4"}
			}
		},
		{
			"name": "small_dripleaf_side_3",
			"from": [5, 7, 1],
			"to": [6, 8, 1.25],
			"faces": {
				"north": {"uv": [6, 0, 5, 1], "texture": "#4"},
				"east": {"uv": [5, 0, 6, 1], "rotation": 90, "texture": "#4"},
				"south": {"uv": [5, 0, 6, 1], "texture": "#4"},
				"west": {"uv": [5, 0, 6, 1], "rotation": 270, "texture": "#4"},
				"up": {"uv": [5, 0, 6, 1], "texture": "#4"},
				"down": {"uv": [5, 1, 6, 0], "texture": "#4"}
			}
		},
		{
			"name": "small_dripleaf_side_4",
			"from": [5, 7, 7.75],
			"to": [6, 8, 8],
			"faces": {
				"north": {"uv": [6, 0, 5, 1], "texture": "#4"},
				"east": {"uv": [5, 0, 6, 1], "rotation": 90, "texture": "#4"},
				"south": {"uv": [5, 0, 6, 1], "texture": "#4"},
				"west": {"uv": [5, 0, 6, 1], "rotation": 270, "texture": "#4"},
				"up": {"uv": [5, 0, 6, 1], "texture": "#4"},
				"down": {"uv": [5, 1, 6, 0], "texture": "#4"}
			}
		},
		{
			"name": "small_dripleaf_side_3",
			"from": [7, 7, 1],
			"to": [8, 8, 1.25],
			"faces": {
				"north": {"uv": [8, 0, 7, 1], "texture": "#4"},
				"east": {"uv": [7, 0, 8, 1], "rotation": 90, "texture": "#4"},
				"south": {"uv": [7, 0, 8, 1], "texture": "#4"},
				"west": {"uv": [7, 0, 8, 1], "rotation": 270, "texture": "#4"},
				"up": {"uv": [7, 0, 8, 1], "texture": "#4"},
				"down": {"uv": [7, 1, 8, 0], "texture": "#4"}
			}
		},
		{
			"name": "small_dripleaf_top_1",
			"from": [1.05526, 12, 8.04474],
			"to": [8.05526, 12.25, 15.04474],
			"rotation": {"angle": 0, "axis": "y", "origin": [4.5, 7.53289, 4.14474]},
			"faces": {
				"north": {"uv": [7, 0, 8, 8], "rotation": 90, "texture": "#3"},
				"east": {"uv": [0, 7, 8, 8], "texture": "#3"},
				"south": {"uv": [0, 0, 1, 8], "rotation": 270, "texture": "#3"},
				"west": {"uv": [8, 0, 0, 1], "texture": "#3"},
				"up": {"uv": [0, 0, 8, 8], "rotation": 270, "texture": "#3"},
				"down": {"uv": [0, 8, 8, 0], "rotation": 90, "texture": "#3"}
			}
		},
		{
			"name": "small_dripleaf_side_2",
			"from": [1.05526, 11, 14.04474],
			"to": [1.30526, 12, 15.04474],
			"rotation": {"angle": 0, "axis": "y", "origin": [4.5, 7.53289, 4.14474]},
			"faces": {
				"north": {"uv": [2, 0, 1, 1], "texture": "#4"},
				"east": {"uv": [1, 0, 2, 1], "rotation": 90, "texture": "#4"},
				"south": {"uv": [1, 0, 2, 1], "texture": "#4"},
				"west": {"uv": [1, 0, 2, 1], "rotation": 270, "texture": "#4"},
				"up": {"uv": [1, 0, 2, 1], "texture": "#4"},
				"down": {"uv": [1, 1, 2, 0], "texture": "#4"}
			}
		},
		{
			"name": "small_dripleaf_side_3",
			"from": [7.80526, 11, 14.04474],
			"to": [8.05526, 12, 15.04474],
			"rotation": {"angle": 0, "axis": "y", "origin": [4.5, 7.53289, 4.14474]},
			"faces": {
				"north": {"uv": [2, 0, 1, 1], "texture": "#4"},
				"east": {"uv": [1, 0, 2, 1], "rotation": 90, "texture": "#4"},
				"south": {"uv": [1, 0, 2, 1], "texture": "#4"},
				"west": {"uv": [1, 0, 2, 1], "rotation": 270, "texture": "#4"},
				"up": {"uv": [1, 0, 2, 1], "texture": "#4"},
				"down": {"uv": [1, 1, 2, 0], "texture": "#4"}
			}
		},
		{
			"name": "small_dripleaf_side_3",
			"from": [3.05526, 11, 14.79474],
			"to": [4.05526, 12, 15.04474],
			"rotation": {"angle": 0, "axis": "y", "origin": [4.5, 7.53289, 4.14474]},
			"faces": {
				"north": {"uv": [4, 0, 3, 1], "texture": "#4"},
				"east": {"uv": [3, 0, 4, 1], "rotation": 90, "texture": "#4"},
				"south": {"uv": [3, 0, 4, 1], "texture": "#4"},
				"west": {"uv": [3, 0, 4, 1], "rotation": 270, "texture": "#4"},
				"up": {"uv": [3, 0, 4, 1], "texture": "#4"},
				"down": {"uv": [3, 1, 4, 0], "texture": "#4"}
			}
		},
		{
			"name": "small_dripleaf_side_4",
			"from": [1.05526, 11, 14.79474],
			"to": [2.05526, 12, 15.04474],
			"rotation": {"angle": 0, "axis": "y", "origin": [4.5, 7.53289, 4.14474]},
			"faces": {
				"north": {"uv": [4, 0, 3, 1], "texture": "#4"},
				"east": {"uv": [3, 0, 4, 1], "rotation": 90, "texture": "#4"},
				"south": {"uv": [3, 0, 4, 1], "texture": "#4"},
				"west": {"uv": [3, 0, 4, 1], "rotation": 270, "texture": "#4"},
				"up": {"uv": [3, 0, 4, 1], "texture": "#4"},
				"down": {"uv": [3, 1, 4, 0], "texture": "#4"}
			}
		},
		{
			"name": "small_dripleaf_side_4",
			"from": [5.05526, 11, 14.79474],
			"to": [6.05526, 12, 15.04474],
			"rotation": {"angle": 0, "axis": "y", "origin": [4.5, 7.53289, 4.14474]},
			"faces": {
				"north": {"uv": [6, 0, 5, 1], "texture": "#4"},
				"east": {"uv": [5, 0, 6, 1], "rotation": 90, "texture": "#4"},
				"south": {"uv": [5, 0, 6, 1], "texture": "#4"},
				"west": {"uv": [5, 0, 6, 1], "rotation": 270, "texture": "#4"},
				"up": {"uv": [5, 0, 6, 1], "texture": "#4"},
				"down": {"uv": [5, 1, 6, 0], "texture": "#4"}
			}
		},
		{
			"name": "small_dripleaf_side_5",
			"from": [7.05526, 11, 14.79474],
			"to": [8.05526, 12, 15.04474],
			"rotation": {"angle": 0, "axis": "y", "origin": [4.5, 7.53289, 4.14474]},
			"faces": {
				"north": {"uv": [8, 0, 7, 1], "texture": "#4"},
				"east": {"uv": [7, 0, 8, 1], "rotation": 90, "texture": "#4"},
				"south": {"uv": [7, 0, 8, 1], "texture": "#4"},
				"west": {"uv": [7, 0, 8, 1], "rotation": 270, "texture": "#4"},
				"up": {"uv": [7, 0, 8, 1], "texture": "#4"},
				"down": {"uv": [7, 1, 8, 0], "texture": "#4"}
			}
		},
		{
			"name": "small_dripleaf_side_3",
			"from": [7.80526, 11, 8.04474],
			"to": [8.05526, 12, 9.04474],
			"rotation": {"angle": 0, "axis": "y", "origin": [4.5, 7.53289, 4.14474]},
			"faces": {
				"north": {"uv": [1, 0, 2, 1], "texture": "#4"},
				"east": {"uv": [1, 0, 2, 1], "rotation": 270, "texture": "#4"},
				"south": {"uv": [2, 0, 1, 1], "texture": "#4"},
				"west": {"uv": [1, 0, 2, 1], "rotation": 90, "texture": "#4"},
				"up": {"uv": [1, 0, 2, 1], "rotation": 180, "texture": "#4"},
				"down": {"uv": [1, 1, 2, 0], "rotation": 180, "texture": "#4"}
			}
		},
		{
			"name": "small_dripleaf_side_4",
			"from": [5.05526, 11, 8.04474],
			"to": [6.05526, 12, 8.29474],
			"rotation": {"angle": 0, "axis": "y", "origin": [4.5, 7.53289, 4.14474]},
			"faces": {
				"north": {"uv": [3, 0, 4, 1], "texture": "#4"},
				"east": {"uv": [3, 0, 4, 1], "rotation": 270, "texture": "#4"},
				"south": {"uv": [4, 0, 3, 1], "texture": "#4"},
				"west": {"uv": [3, 0, 4, 1], "rotation": 90, "texture": "#4"},
				"up": {"uv": [3, 0, 4, 1], "rotation": 180, "texture": "#4"},
				"down": {"uv": [3, 1, 4, 0], "rotation": 180, "texture": "#4"}
			}
		},
		{
			"name": "small_dripleaf_side_5",
			"from": [7.05526, 11, 8.04474],
			"to": [8.05526, 12, 8.29474],
			"rotation": {"angle": 0, "axis": "y", "origin": [4.5, 7.53289, 4.14474]},
			"faces": {
				"north": {"uv": [3, 0, 4, 1], "texture": "#4"},
				"east": {"uv": [3, 0, 4, 1], "rotation": 270, "texture": "#4"},
				"south": {"uv": [4, 0, 3, 1], "texture": "#4"},
				"west": {"uv": [3, 0, 4, 1], "rotation": 90, "texture": "#4"},
				"up": {"uv": [3, 0, 4, 1], "rotation": 180, "texture": "#4"},
				"down": {"uv": [3, 1, 4, 0], "rotation": 180, "texture": "#4"}
			}
		},
		{
			"name": "small_dripleaf_side_5",
			"from": [3.05526, 11, 8.04474],
			"to": [4.05526, 12, 8.29474],
			"rotation": {"angle": 0, "axis": "y", "origin": [4.5, 7.53289, 4.14474]},
			"faces": {
				"north": {"uv": [5, 0, 6, 1], "texture": "#4"},
				"east": {"uv": [5, 0, 6, 1], "rotation": 270, "texture": "#4"},
				"south": {"uv": [6, 0, 5, 1], "texture": "#4"},
				"west": {"uv": [5, 0, 6, 1], "rotation": 90, "texture": "#4"},
				"up": {"uv": [5, 0, 6, 1], "rotation": 180, "texture": "#4"},
				"down": {"uv": [5, 1, 6, 0], "rotation": 180, "texture": "#4"}
			}
		},
		{
			"name": "small_dripleaf_side_6",
			"from": [1.05526, 11, 8.04474],
			"to": [2.05526, 12, 8.29474],
			"rotation": {"angle": 0, "axis": "y", "origin": [4.5, 7.53289, 4.14474]},
			"faces": {
				"north": {"uv": [7, 0, 8, 1], "texture": "#4"},
				"east": {"uv": [7, 0, 8, 1], "rotation": 270, "texture": "#4"},
				"south": {"uv": [8, 0, 7, 1], "texture": "#4"},
				"west": {"uv": [7, 0, 8, 1], "rotation": 90, "texture": "#4"},
				"up": {"uv": [7, 0, 8, 1], "rotation": 180, "texture": "#4"},
				"down": {"uv": [7, 1, 8, 0], "rotation": 180, "texture": "#4"}
			}
		},
		{
			"name": "small_dripleaf_side_2",
			"from": [1.05526, 11, 12.04474],
			"to": [1.30526, 12, 13.04474],
			"rotation": {"angle": 0, "axis": "y", "origin": [4.5, 7.53289, 4.14474]},
			"faces": {
				"north": {"uv": [3, 0, 4, 1], "rotation": 90, "texture": "#4"},
				"east": {"uv": [3, 0, 4, 1], "texture": "#4"},
				"south": {"uv": [3, 0, 4, 1], "rotation": 270, "texture": "#4"},
				"west": {"uv": [4, 0, 3, 1], "texture": "#4"},
				"up": {"uv": [3, 0, 4, 1], "rotation": 270, "texture": "#4"},
				"down": {"uv": [3, 1, 4, 0], "rotation": 90, "texture": "#4"}
			}
		},
		{
			"name": "small_dripleaf_side_3",
			"from": [1.05526, 11, 12.04474],
			"to": [1.30526, 12, 13.04474],
			"rotation": {"angle": 0, "axis": "y", "origin": [4.5, 7.53289, 4.14474]},
			"faces": {
				"north": {"uv": [3, 0, 4, 1], "rotation": 90, "texture": "#4"},
				"east": {"uv": [3, 0, 4, 1], "texture": "#4"},
				"south": {"uv": [3, 0, 4, 1], "rotation": 270, "texture": "#4"},
				"west": {"uv": [4, 0, 3, 1], "texture": "#4"},
				"up": {"uv": [3, 0, 4, 1], "rotation": 270, "texture": "#4"},
				"down": {"uv": [3, 1, 4, 0], "rotation": 90, "texture": "#4"}
			}
		},
		{
			"name": "small_dripleaf_side_4",
			"from": [7.80526, 11, 12.04474],
			"to": [8.05526, 12, 13.04474],
			"rotation": {"angle": 0, "axis": "y", "origin": [4.5, 7.53289, 4.14474]},
			"faces": {
				"north": {"uv": [3, 0, 4, 1], "rotation": 90, "texture": "#4"},
				"east": {"uv": [3, 0, 4, 1], "texture": "#4"},
				"south": {"uv": [3, 0, 4, 1], "rotation": 270, "texture": "#4"},
				"west": {"uv": [4, 0, 3, 1], "texture": "#4"},
				"up": {"uv": [3, 0, 4, 1], "rotation": 270, "texture": "#4"},
				"down": {"uv": [3, 1, 4, 0], "rotation": 90, "texture": "#4"}
			}
		},
		{
			"name": "small_dripleaf_side_3",
			"from": [1.05526, 11, 10.04474],
			"to": [1.30526, 12, 11.04474],
			"rotation": {"angle": 0, "axis": "y", "origin": [4.5, 7.53289, 4.14474]},
			"faces": {
				"north": {"uv": [5, 0, 6, 1], "rotation": 90, "texture": "#4"},
				"east": {"uv": [5, 0, 6, 1], "texture": "#4"},
				"south": {"uv": [5, 0, 6, 1], "rotation": 270, "texture": "#4"},
				"west": {"uv": [6, 0, 5, 1], "texture": "#4"},
				"up": {"uv": [5, 0, 6, 1], "rotation": 270, "texture": "#4"},
				"down": {"uv": [5, 1, 6, 0], "rotation": 90, "texture": "#4"}
			}
		},
		{
			"name": "small_dripleaf_side_4",
			"from": [1.05526, 11, 10.04474],
			"to": [1.30526, 12, 11.04474],
			"rotation": {"angle": 0, "axis": "y", "origin": [4.5, 7.53289, 4.14474]},
			"faces": {
				"north": {"uv": [5, 0, 6, 1], "rotation": 90, "texture": "#4"},
				"east": {"uv": [5, 0, 6, 1], "texture": "#4"},
				"south": {"uv": [5, 0, 6, 1], "rotation": 270, "texture": "#4"},
				"west": {"uv": [6, 0, 5, 1], "texture": "#4"},
				"up": {"uv": [5, 0, 6, 1], "rotation": 270, "texture": "#4"},
				"down": {"uv": [5, 1, 6, 0], "rotation": 90, "texture": "#4"}
			}
		},
		{
			"name": "small_dripleaf_side_5",
			"from": [7.80526, 11, 10.04474],
			"to": [8.05526, 12, 11.04474],
			"rotation": {"angle": 0, "axis": "y", "origin": [4.5, 7.53289, 4.14474]},
			"faces": {
				"north": {"uv": [5, 0, 6, 1], "rotation": 90, "texture": "#4"},
				"east": {"uv": [5, 0, 6, 1], "texture": "#4"},
				"south": {"uv": [5, 0, 6, 1], "rotation": 270, "texture": "#4"},
				"west": {"uv": [6, 0, 5, 1], "texture": "#4"},
				"up": {"uv": [5, 0, 6, 1], "rotation": 270, "texture": "#4"},
				"down": {"uv": [5, 1, 6, 0], "rotation": 90, "texture": "#4"}
			}
		},
		{
			"name": "small_dripleaf_side_4",
			"from": [1.05526, 11, 8.04474],
			"to": [1.30526, 12, 9.04474],
			"rotation": {"angle": 0, "axis": "y", "origin": [4.5, 7.53289, 4.14474]},
			"faces": {
				"north": {"uv": [7, 0, 8, 1], "rotation": 90, "texture": "#4"},
				"east": {"uv": [7, 0, 8, 1], "texture": "#4"},
				"south": {"uv": [7, 0, 8, 1], "rotation": 270, "texture": "#4"},
				"west": {"uv": [8, 0, 7, 1], "texture": "#4"},
				"up": {"uv": [7, 0, 8, 1], "rotation": 270, "texture": "#4"},
				"down": {"uv": [7, 1, 8, 0], "rotation": 90, "texture": "#4"}
			}
		},
		{
			"name": "small_dripleaf_top_1",
			"from": [8, 3, 7.98947],
			"to": [15, 3.25, 14.98947],
			"rotation": {"angle": 0, "axis": "y", "origin": [4.5, 7.53289, 4.14474]},
			"faces": {
				"north": {"uv": [0, 7, 8, 8], "texture": "#3"},
				"east": {"uv": [0, 0, 1, 8], "rotation": 270, "texture": "#3"},
				"south": {"uv": [8, 0, 0, 1], "texture": "#3"},
				"west": {"uv": [7, 0, 8, 8], "rotation": 90, "texture": "#3"},
				"up": {"uv": [0, 0, 8, 8], "rotation": 180, "texture": "#3"},
				"down": {"uv": [0, 8, 8, 0], "rotation": 180, "texture": "#3"}
			}
		},
		{
			"name": "small_dripleaf_side_2",
			"from": [14, 2, 14.73947],
			"to": [15, 3, 14.98947],
			"rotation": {"angle": 0, "axis": "y", "origin": [4.5, 7.53289, 4.14474]},
			"faces": {
				"north": {"uv": [1, 0, 2, 1], "rotation": 90, "texture": "#4"},
				"east": {"uv": [1, 0, 2, 1], "texture": "#4"},
				"south": {"uv": [1, 0, 2, 1], "rotation": 270, "texture": "#4"},
				"west": {"uv": [2, 0, 1, 1], "texture": "#4"},
				"up": {"uv": [1, 0, 2, 1], "rotation": 270, "texture": "#4"},
				"down": {"uv": [1, 1, 2, 0], "rotation": 90, "texture": "#4"}
			}
		},
		{
			"name": "small_dripleaf_side_3",
			"from": [14, 2, 7.98947],
			"to": [15, 3, 8.23947],
			"rotation": {"angle": 0, "axis": "y", "origin": [4.5, 7.53289, 4.14474]},
			"faces": {
				"north": {"uv": [1, 0, 2, 1], "rotation": 90, "texture": "#4"},
				"east": {"uv": [1, 0, 2, 1], "texture": "#4"},
				"south": {"uv": [1, 0, 2, 1], "rotation": 270, "texture": "#4"},
				"west": {"uv": [2, 0, 1, 1], "texture": "#4"},
				"up": {"uv": [1, 0, 2, 1], "rotation": 270, "texture": "#4"},
				"down": {"uv": [1, 1, 2, 0], "rotation": 90, "texture": "#4"}
			}
		},
		{
			"name": "small_dripleaf_side_3",
			"from": [14.75, 2, 11.98947],
			"to": [15, 3, 12.98947],
			"rotation": {"angle": 0, "axis": "y", "origin": [4.5, 7.53289, 4.14474]},
			"faces": {
				"north": {"uv": [3, 0, 4, 1], "rotation": 90, "texture": "#4"},
				"east": {"uv": [3, 0, 4, 1], "texture": "#4"},
				"south": {"uv": [3, 0, 4, 1], "rotation": 270, "texture": "#4"},
				"west": {"uv": [4, 0, 3, 1], "texture": "#4"},
				"up": {"uv": [3, 0, 4, 1], "rotation": 270, "texture": "#4"},
				"down": {"uv": [3, 1, 4, 0], "rotation": 90, "texture": "#4"}
			}
		},
		{
			"name": "small_dripleaf_side_4",
			"from": [14.75, 2, 13.98947],
			"to": [15, 3, 14.98947],
			"rotation": {"angle": 0, "axis": "y", "origin": [4.5, 7.53289, 4.14474]},
			"faces": {
				"north": {"uv": [3, 0, 4, 1], "rotation": 90, "texture": "#4"},
				"east": {"uv": [3, 0, 4, 1], "texture": "#4"},
				"south": {"uv": [3, 0, 4, 1], "rotation": 270, "texture": "#4"},
				"west": {"uv": [4, 0, 3, 1], "texture": "#4"},
				"up": {"uv": [3, 0, 4, 1], "rotation": 270, "texture": "#4"},
				"down": {"uv": [3, 1, 4, 0], "rotation": 90, "texture": "#4"}
			}
		},
		{
			"name": "small_dripleaf_side_4",
			"from": [14.75, 2, 9.98947],
			"to": [15, 3, 10.98947],
			"rotation": {"angle": 0, "axis": "y", "origin": [4.5, 7.53289, 4.14474]},
			"faces": {
				"north": {"uv": [5, 0, 6, 1], "rotation": 90, "texture": "#4"},
				"east": {"uv": [5, 0, 6, 1], "texture": "#4"},
				"south": {"uv": [5, 0, 6, 1], "rotation": 270, "texture": "#4"},
				"west": {"uv": [6, 0, 5, 1], "texture": "#4"},
				"up": {"uv": [5, 0, 6, 1], "rotation": 270, "texture": "#4"},
				"down": {"uv": [5, 1, 6, 0], "rotation": 90, "texture": "#4"}
			}
		},
		{
			"name": "small_dripleaf_side_5",
			"from": [14.75, 2, 7.98947],
			"to": [15, 3, 8.98947],
			"rotation": {"angle": 0, "axis": "y", "origin": [4.5, 7.53289, 4.14474]},
			"faces": {
				"north": {"uv": [7, 0, 8, 1], "rotation": 90, "texture": "#4"},
				"east": {"uv": [7, 0, 8, 1], "texture": "#4"},
				"south": {"uv": [7, 0, 8, 1], "rotation": 270, "texture": "#4"},
				"west": {"uv": [8, 0, 7, 1], "texture": "#4"},
				"up": {"uv": [7, 0, 8, 1], "rotation": 270, "texture": "#4"},
				"down": {"uv": [7, 1, 8, 0], "rotation": 90, "texture": "#4"}
			}
		},
		{
			"name": "small_dripleaf_side_4",
			"from": [8, 2, 9.98947],
			"to": [8.25, 3, 10.98947],
			"rotation": {"angle": 0, "axis": "y", "origin": [4.5, 7.53289, 4.14474]},
			"faces": {
				"north": {"uv": [3, 0, 4, 1], "rotation": 270, "texture": "#4"},
				"east": {"uv": [4, 0, 3, 1], "texture": "#4"},
				"south": {"uv": [3, 0, 4, 1], "rotation": 90, "texture": "#4"},
				"west": {"uv": [3, 0, 4, 1], "texture": "#4"},
				"up": {"uv": [3, 0, 4, 1], "rotation": 90, "texture": "#4"},
				"down": {"uv": [3, 1, 4, 0], "rotation": 270, "texture": "#4"}
			}
		},
		{
			"name": "small_dripleaf_side_5",
			"from": [8, 2, 7.98947],
			"to": [8.25, 3, 8.98947],
			"rotation": {"angle": 0, "axis": "y", "origin": [4.5, 7.53289, 4.14474]},
			"faces": {
				"north": {"uv": [3, 0, 4, 1], "rotation": 270, "texture": "#4"},
				"east": {"uv": [4, 0, 3, 1], "texture": "#4"},
				"south": {"uv": [3, 0, 4, 1], "rotation": 90, "texture": "#4"},
				"west": {"uv": [3, 0, 4, 1], "texture": "#4"},
				"up": {"uv": [3, 0, 4, 1], "rotation": 90, "texture": "#4"},
				"down": {"uv": [3, 1, 4, 0], "rotation": 270, "texture": "#4"}
			}
		},
		{
			"name": "small_dripleaf_side_5",
			"from": [8, 2, 11.98947],
			"to": [8.25, 3, 12.98947],
			"rotation": {"angle": 0, "axis": "y", "origin": [4.5, 7.53289, 4.14474]},
			"faces": {
				"north": {"uv": [5, 0, 6, 1], "rotation": 270, "texture": "#4"},
				"east": {"uv": [6, 0, 5, 1], "texture": "#4"},
				"south": {"uv": [5, 0, 6, 1], "rotation": 90, "texture": "#4"},
				"west": {"uv": [5, 0, 6, 1], "texture": "#4"},
				"up": {"uv": [5, 0, 6, 1], "rotation": 90, "texture": "#4"},
				"down": {"uv": [5, 1, 6, 0], "rotation": 270, "texture": "#4"}
			}
		},
		{
			"name": "small_dripleaf_side_6",
			"from": [8, 2, 13.98947],
			"to": [8.25, 3, 14.98947],
			"rotation": {"angle": 0, "axis": "y", "origin": [4.5, 7.53289, 4.14474]},
			"faces": {
				"north": {"uv": [7, 0, 8, 1], "rotation": 270, "texture": "#4"},
				"east": {"uv": [8, 0, 7, 1], "texture": "#4"},
				"south": {"uv": [7, 0, 8, 1], "rotation": 90, "texture": "#4"},
				"west": {"uv": [7, 0, 8, 1], "texture": "#4"},
				"up": {"uv": [7, 0, 8, 1], "rotation": 90, "texture": "#4"},
				"down": {"uv": [7, 1, 8, 0], "rotation": 270, "texture": "#4"}
			}
		},
		{
			"name": "small_dripleaf_side_2",
			"from": [12, 2, 14.73947],
			"to": [13, 3, 14.98947],
			"rotation": {"angle": 0, "axis": "y", "origin": [4.5, 7.53289, 4.14474]},
			"faces": {
				"north": {"uv": [3, 0, 4, 1], "texture": "#4"},
				"east": {"uv": [3, 0, 4, 1], "rotation": 270, "texture": "#4"},
				"south": {"uv": [4, 0, 3, 1], "texture": "#4"},
				"west": {"uv": [3, 0, 4, 1], "rotation": 90, "texture": "#4"},
				"up": {"uv": [3, 0, 4, 1], "rotation": 180, "texture": "#4"},
				"down": {"uv": [3, 1, 4, 0], "rotation": 180, "texture": "#4"}
			}
		},
		{
			"name": "small_dripleaf_side_3",
			"from": [12, 2, 14.73947],
			"to": [13, 3, 14.98947],
			"rotation": {"angle": 0, "axis": "y", "origin": [4.5, 7.53289, 4.14474]},
			"faces": {
				"north": {"uv": [3, 0, 4, 1], "texture": "#4"},
				"east": {"uv": [3, 0, 4, 1], "rotation": 270, "texture": "#4"},
				"south": {"uv": [4, 0, 3, 1], "texture": "#4"},
				"west": {"uv": [3, 0, 4, 1], "rotation": 90, "texture": "#4"},
				"up": {"uv": [3, 0, 4, 1], "rotation": 180, "texture": "#4"},
				"down": {"uv": [3, 1, 4, 0], "rotation": 180, "texture": "#4"}
			}
		},
		{
			"name": "small_dripleaf_side_4",
			"from": [12, 2, 7.98947],
			"to": [13, 3, 8.23947],
			"rotation": {"angle": 0, "axis": "y", "origin": [4.5, 7.53289, 4.14474]},
			"faces": {
				"north": {"uv": [3, 0, 4, 1], "texture": "#4"},
				"east": {"uv": [3, 0, 4, 1], "rotation": 270, "texture": "#4"},
				"south": {"uv": [4, 0, 3, 1], "texture": "#4"},
				"west": {"uv": [3, 0, 4, 1], "rotation": 90, "texture": "#4"},
				"up": {"uv": [3, 0, 4, 1], "rotation": 180, "texture": "#4"},
				"down": {"uv": [3, 1, 4, 0], "rotation": 180, "texture": "#4"}
			}
		},
		{
			"name": "small_dripleaf_side_3",
			"from": [10, 2, 14.73947],
			"to": [11, 3, 14.98947],
			"rotation": {"angle": 0, "axis": "y", "origin": [4.5, 7.53289, 4.14474]},
			"faces": {
				"north": {"uv": [5, 0, 6, 1], "texture": "#4"},
				"east": {"uv": [5, 0, 6, 1], "rotation": 270, "texture": "#4"},
				"south": {"uv": [6, 0, 5, 1], "texture": "#4"},
				"west": {"uv": [5, 0, 6, 1], "rotation": 90, "texture": "#4"},
				"up": {"uv": [5, 0, 6, 1], "rotation": 180, "texture": "#4"},
				"down": {"uv": [5, 1, 6, 0], "rotation": 180, "texture": "#4"}
			}
		},
		{
			"name": "small_dripleaf_side_4",
			"from": [10, 2, 14.73947],
			"to": [11, 3, 14.98947],
			"rotation": {"angle": 0, "axis": "y", "origin": [4.5, 7.53289, 4.14474]},
			"faces": {
				"north": {"uv": [5, 0, 6, 1], "texture": "#4"},
				"east": {"uv": [5, 0, 6, 1], "rotation": 270, "texture": "#4"},
				"south": {"uv": [6, 0, 5, 1], "texture": "#4"},
				"west": {"uv": [5, 0, 6, 1], "rotation": 90, "texture": "#4"},
				"up": {"uv": [5, 0, 6, 1], "rotation": 180, "texture": "#4"},
				"down": {"uv": [5, 1, 6, 0], "rotation": 180, "texture": "#4"}
			}
		},
		{
			"name": "small_dripleaf_side_5",
			"from": [10, 2, 7.98947],
			"to": [11, 3, 8.23947],
			"rotation": {"angle": 0, "axis": "y", "origin": [4.5, 7.53289, 4.14474]},
			"faces": {
				"north": {"uv": [5, 0, 6, 1], "texture": "#4"},
				"east": {"uv": [5, 0, 6, 1], "rotation": 270, "texture": "#4"},
				"south": {"uv": [6, 0, 5, 1], "texture": "#4"},
				"west": {"uv": [5, 0, 6, 1], "rotation": 90, "texture": "#4"},
				"up": {"uv": [5, 0, 6, 1], "rotation": 180, "texture": "#4"},
				"down": {"uv": [5, 1, 6, 0], "rotation": 180, "texture": "#4"}
			}
		},
		{
			"name": "small_dripleaf_side_6",
			"from": [8, 2, 7.98947],
			"to": [9, 3, 8.23947],
			"rotation": {"angle": 0, "axis": "y", "origin": [4.5, 7.53289, 4.14474]},
			"faces": {
				"north": {"uv": [5, 0, 6, 1], "texture": "#4"},
				"east": {"uv": [5, 0, 6, 1], "rotation": 270, "texture": "#4"},
				"south": {"uv": [6, 0, 5, 1], "texture": "#4"},
				"west": {"uv": [5, 0, 6, 1], "rotation": 90, "texture": "#4"},
				"up": {"uv": [5, 0, 6, 1], "rotation": 180, "texture": "#4"},
				"down": {"uv": [5, 1, 6, 0], "rotation": 180, "texture": "#4"}
			}
		},
		{
			"name": "small_dripleaf_side_4",
			"from": [8, 2, 14.73947],
			"to": [9, 3, 14.98947],
			"rotation": {"angle": 0, "axis": "y", "origin": [4.5, 7.53289, 4.14474]},
			"faces": {
				"north": {"uv": [7, 0, 8, 1], "texture": "#4"},
				"east": {"uv": [7, 0, 8, 1], "rotation": 270, "texture": "#4"},
				"south": {"uv": [8, 0, 7, 1], "texture": "#4"},
				"west": {"uv": [7, 0, 8, 1], "rotation": 90, "texture": "#4"},
				"up": {"uv": [7, 0, 8, 1], "rotation": 180, "texture": "#4"},
				"down": {"uv": [7, 1, 8, 0], "rotation": 180, "texture": "#4"}
			}
		},
		{
			"name": "small_dripleaf_stem_top_0",
			"from": [8.97857, 10.97143, 10.2],
			"to": [9.47857, 11.97143, 11.2],
			"rotation": {"angle": 45, "axis": "y", "origin": [8.72857, 0.5, 9.47143]},
			"faces": {
				"north": {"uv": [5, 2, 6, 3], "texture": "#stem"},
				"east": {"uv": [5, 2, 6, 3], "texture": "#stem"},
				"south": {"uv": [5, 2, 6, 3], "texture": "#stem"},
				"west": {"uv": [5, 3, 6, 2], "rotation": 180, "texture": "#stem"},
				"up": {"uv": [6, 2, 5, 3], "rotation": 90, "texture": "#stem"},
				"down": {"uv": [5, 2, 6, 3], "rotation": 90, "texture": "#stem"}
			}
		},
		{
			"name": "small_dripleaf_stem_top_2",
			"from": [8.97857, 9.97143, 10.2],
			"to": [9.47857, 10.97143, 11.2],
			"rotation": {"angle": 45, "axis": "y", "origin": [8.72857, 0.5, 9.47143]},
			"faces": {
				"north": {"uv": [5, 3, 6, 4], "texture": "#stem"},
				"east": {"uv": [5, 3, 6, 4], "texture": "#stem"},
				"south": {"uv": [5, 3, 6, 4], "texture": "#stem"},
				"west": {"uv": [5, 4, 6, 3], "rotation": 180, "texture": "#stem"},
				"up": {"uv": [6, 3, 5, 4], "rotation": 90, "texture": "#stem"},
				"down": {"uv": [5, 3, 6, 4], "rotation": 90, "texture": "#stem"}
			}
		},
		{
			"name": "small_dripleaf_stem_top_4",
			"from": [8.97857, 8.97143, 9.2],
			"to": [9.47857, 9.97143, 10.2],
			"rotation": {"angle": 45, "axis": "y", "origin": [8.72857, 0.5, 9.47143]},
			"faces": {
				"north": {"uv": [6, 4, 7, 5], "texture": "#stem"},
				"east": {"uv": [6, 4, 7, 5], "texture": "#stem"},
				"south": {"uv": [6, 4, 7, 5], "texture": "#stem"},
				"west": {"uv": [6, 5, 7, 4], "rotation": 180, "texture": "#stem"},
				"up": {"uv": [7, 4, 6, 5], "rotation": 90, "texture": "#stem"},
				"down": {"uv": [6, 4, 7, 5], "rotation": 90, "texture": "#stem"}
			}
		},
		{
			"name": "small_dripleaf_stem_top_6",
			"from": [8.97857, 7.97143, 9.2],
			"to": [9.47857, 8.97143, 10.2],
			"rotation": {"angle": 45, "axis": "y", "origin": [8.72857, 0.5, 9.47143]},
			"faces": {
				"north": {"uv": [6, 5, 7, 6], "texture": "#stem"},
				"east": {"uv": [6, 5, 7, 6], "texture": "#stem"},
				"south": {"uv": [6, 5, 7, 6], "texture": "#stem"},
				"west": {"uv": [6, 6, 7, 5], "rotation": 180, "texture": "#stem"},
				"up": {"uv": [7, 5, 6, 6], "rotation": 90, "texture": "#stem"},
				"down": {"uv": [6, 5, 7, 6], "rotation": 90, "texture": "#stem"}
			}
		},
		{
			"name": "small_dripleaf_stem_top_8",
			"from": [8.97857, 6.97143, 9.2],
			"to": [9.47857, 7.97143, 10.2],
			"rotation": {"angle": 45, "axis": "y", "origin": [8.72857, 0.5, 9.47143]},
			"faces": {
				"north": {"uv": [6, 6, 7, 7], "texture": "#stem"},
				"east": {"uv": [6, 6, 7, 7], "texture": "#stem"},
				"south": {"uv": [6, 6, 7, 7], "texture": "#stem"},
				"west": {"uv": [6, 7, 7, 6], "rotation": 180, "texture": "#stem"},
				"up": {"uv": [7, 6, 6, 7], "rotation": 90, "texture": "#stem"},
				"down": {"uv": [6, 6, 7, 7], "rotation": 90, "texture": "#stem"}
			}
		},
		{
			"name": "small_dripleaf_stem_top_10",
			"from": [8.97857, 6.97143, 4.2],
			"to": [9.47857, 7.97143, 5.2],
			"rotation": {"angle": 45, "axis": "y", "origin": [8.72857, 0.5, 9.47143]},
			"faces": {
				"north": {"uv": [11, 6, 12, 7], "texture": "#stem"},
				"east": {"uv": [11, 6, 12, 7], "texture": "#stem"},
				"south": {"uv": [11, 6, 12, 7], "texture": "#stem"},
				"west": {"uv": [11, 7, 12, 6], "rotation": 180, "texture": "#stem"},
				"up": {"uv": [12, 6, 11, 7], "rotation": 90, "texture": "#stem"},
				"down": {"uv": [11, 6, 12, 7], "rotation": 90, "texture": "#stem"}
			}
		},
		{
			"name": "small_dripleaf_stem_top_11",
			"from": [8.97857, 5.97143, 8.2],
			"to": [9.47857, 6.97143, 9.2],
			"rotation": {"angle": 45, "axis": "y", "origin": [8.72857, 0.5, 9.47143]},
			"faces": {
				"north": {"uv": [7, 7, 8, 8], "texture": "#stem"},
				"east": {"uv": [7, 7, 8, 8], "texture": "#stem"},
				"south": {"uv": [7, 7, 8, 8], "texture": "#stem"},
				"west": {"uv": [7, 8, 8, 7], "rotation": 180, "texture": "#stem"},
				"up": {"uv": [8, 7, 7, 8], "rotation": 90, "texture": "#stem"},
				"down": {"uv": [7, 7, 8, 8], "rotation": 90, "texture": "#stem"}
			}
		},
		{
			"name": "small_dripleaf_stem_top_13",
			"from": [8.97857, 5.97143, 4.2],
			"to": [9.47857, 6.97143, 5.2],
			"rotation": {"angle": 45, "axis": "y", "origin": [8.72857, 0.5, 9.47143]},
			"faces": {
				"north": {"uv": [11, 7, 12, 8], "texture": "#stem"},
				"east": {"uv": [11, 7, 12, 8], "texture": "#stem"},
				"south": {"uv": [11, 7, 12, 8], "texture": "#stem"},
				"west": {"uv": [11, 8, 12, 7], "rotation": 180, "texture": "#stem"},
				"up": {"uv": [12, 7, 11, 8], "rotation": 90, "texture": "#stem"},
				"down": {"uv": [11, 7, 12, 8], "rotation": 90, "texture": "#stem"}
			}
		},
		{
			"name": "small_dripleaf_stem_top_14",
			"from": [8.97857, 4.97143, 7.2],
			"to": [9.47857, 5.97143, 8.2],
			"rotation": {"angle": 45, "axis": "y", "origin": [8.72857, 0.5, 9.47143]},
			"faces": {
				"north": {"uv": [8, 8, 9, 9], "texture": "#stem"},
				"east": {"uv": [8, 8, 9, 9], "texture": "#stem"},
				"south": {"uv": [8, 8, 9, 9], "texture": "#stem"},
				"west": {"uv": [8, 9, 9, 8], "rotation": 180, "texture": "#stem"},
				"up": {"uv": [9, 8, 8, 9], "rotation": 90, "texture": "#stem"},
				"down": {"uv": [8, 8, 9, 9], "rotation": 90, "texture": "#stem"}
			}
		},
		{
			"name": "small_dripleaf_stem_top_15",
			"from": [8.97857, 4.97143, 5.2],
			"to": [9.47857, 5.97143, 6.2],
			"rotation": {"angle": 45, "axis": "y", "origin": [8.72857, 0.5, 9.47143]},
			"faces": {
				"north": {"uv": [10, 8, 11, 9], "texture": "#stem"},
				"east": {"uv": [10, 8, 11, 9], "texture": "#stem"},
				"south": {"uv": [10, 8, 11, 9], "texture": "#stem"},
				"west": {"uv": [10, 9, 11, 8], "rotation": 180, "texture": "#stem"},
				"up": {"uv": [11, 8, 10, 9], "rotation": 90, "texture": "#stem"},
				"down": {"uv": [10, 8, 11, 9], "rotation": 90, "texture": "#stem"}
			}
		},
		{
			"name": "small_dripleaf_stem_top_16",
			"from": [8.97857, 3.97143, 7.2],
			"to": [9.47857, 4.97143, 8.2],
			"rotation": {"angle": 45, "axis": "y", "origin": [8.72857, 0.5, 9.47143]},
			"faces": {
				"north": {"uv": [8, 9, 9, 10], "texture": "#stem"},
				"east": {"uv": [8, 9, 9, 10], "texture": "#stem"},
				"south": {"uv": [8, 9, 9, 10], "texture": "#stem"},
				"west": {"uv": [8, 10, 9, 9], "rotation": 180, "texture": "#stem"},
				"up": {"uv": [9, 9, 8, 10], "rotation": 90, "texture": "#stem"},
				"down": {"uv": [8, 9, 9, 10], "rotation": 90, "texture": "#stem"}
			}
		},
		{
			"name": "small_dripleaf_stem_top_17",
			"from": [8.97857, 3.97143, 6.2],
			"to": [9.47857, 4.97143, 7.2],
			"rotation": {"angle": 45, "axis": "y", "origin": [8.72857, 0.5, 9.47143]},
			"faces": {
				"north": {"uv": [9, 9, 10, 10], "texture": "#stem"},
				"east": {"uv": [9, 9, 10, 10], "texture": "#stem"},
				"south": {"uv": [9, 9, 10, 10], "texture": "#stem"},
				"west": {"uv": [9, 10, 10, 9], "rotation": 180, "texture": "#stem"},
				"up": {"uv": [10, 9, 9, 10], "rotation": 90, "texture": "#stem"},
				"down": {"uv": [9, 9, 10, 10], "rotation": 90, "texture": "#stem"}
			}
		},
		{
			"name": "small_dripleaf_stem_top_18",
			"from": [8.97857, 3.97143, 5.2],
			"to": [9.47857, 4.97143, 6.2],
			"rotation": {"angle": 45, "axis": "y", "origin": [8.72857, 0.5, 9.47143]},
			"faces": {
				"north": {"uv": [10, 9, 11, 10], "texture": "#stem"},
				"east": {"uv": [10, 9, 11, 10], "texture": "#stem"},
				"south": {"uv": [10, 9, 11, 10], "texture": "#stem"},
				"west": {"uv": [10, 10, 11, 9], "rotation": 180, "texture": "#stem"},
				"up": {"uv": [11, 9, 10, 10], "rotation": 90, "texture": "#stem"},
				"down": {"uv": [10, 9, 11, 10], "rotation": 90, "texture": "#stem"}
			}
		},
		{
			"name": "small_dripleaf_stem_top_20",
			"from": [8.97857, 2.97143, 6.2],
			"to": [9.47857, 3.97143, 7.2],
			"rotation": {"angle": 45, "axis": "y", "origin": [8.72857, 0.5, 9.47143]},
			"faces": {
				"north": {"uv": [9, 10, 10, 11], "texture": "#stem"},
				"east": {"uv": [9, 10, 10, 11], "texture": "#stem"},
				"south": {"uv": [9, 10, 10, 11], "texture": "#stem"},
				"west": {"uv": [9, 11, 10, 10], "rotation": 180, "texture": "#stem"},
				"up": {"uv": [10, 10, 9, 11], "rotation": 90, "texture": "#stem"},
				"down": {"uv": [9, 10, 10, 11], "rotation": 90, "texture": "#stem"}
			}
		},
		{
			"name": "small_dripleaf_stem_top_21",
			"from": [8.97857, 1.97143, 8.2],
			"to": [9.47857, 2.97143, 9.2],
			"rotation": {"angle": 45, "axis": "y", "origin": [8.72857, 0.5, 9.47143]},
			"faces": {
				"north": {"uv": [7, 11, 8, 12], "texture": "#stem"},
				"east": {"uv": [7, 11, 8, 12], "texture": "#stem"},
				"south": {"uv": [7, 11, 8, 12], "texture": "#stem"},
				"west": {"uv": [7, 12, 8, 11], "rotation": 180, "texture": "#stem"},
				"up": {"uv": [8, 11, 7, 12], "rotation": 90, "texture": "#stem"},
				"down": {"uv": [7, 11, 8, 12], "rotation": 90, "texture": "#stem"}
			}
		},
		{
			"name": "small_dripleaf_stem_top_22",
			"from": [8.97857, 1.97143, 6.2],
			"to": [9.47857, 2.97143, 7.2],
			"rotation": {"angle": 45, "axis": "y", "origin": [8.72857, 0.5, 9.47143]},
			"faces": {
				"north": {"uv": [9, 11, 10, 12], "texture": "#stem"},
				"east": {"uv": [9, 11, 10, 12], "texture": "#stem"},
				"south": {"uv": [9, 11, 10, 12], "texture": "#stem"},
				"west": {"uv": [9, 12, 10, 11], "rotation": 180, "texture": "#stem"},
				"up": {"uv": [10, 11, 9, 12], "rotation": 90, "texture": "#stem"},
				"down": {"uv": [9, 11, 10, 12], "rotation": 90, "texture": "#stem"}
			}
		},
		{
			"name": "small_dripleaf_stem_top_23",
			"from": [8.97857, 0.97143, 8.2],
			"to": [9.47857, 1.97143, 9.2],
			"rotation": {"angle": 45, "axis": "y", "origin": [8.72857, 0.5, 9.47143]},
			"faces": {
				"north": {"uv": [7, 12, 8, 13], "texture": "#stem"},
				"east": {"uv": [7, 12, 8, 13], "texture": "#stem"},
				"south": {"uv": [7, 12, 8, 13], "texture": "#stem"},
				"west": {"uv": [7, 13, 8, 12], "rotation": 180, "texture": "#stem"},
				"up": {"uv": [8, 12, 7, 13], "rotation": 90, "texture": "#stem"},
				"down": {"uv": [7, 12, 8, 13], "rotation": 90, "texture": "#stem"}
			}
		},
		{
			"name": "small_dripleaf_stem_top_24",
			"from": [8.97857, 0.97143, 7.2],
			"to": [9.47857, 1.97143, 8.2],
			"rotation": {"angle": 45, "axis": "y", "origin": [8.72857, 0.5, 9.47143]},
			"faces": {
				"north": {"uv": [8, 12, 9, 13], "texture": "#stem"},
				"east": {"uv": [8, 12, 9, 13], "texture": "#stem"},
				"south": {"uv": [8, 12, 9, 13], "texture": "#stem"},
				"west": {"uv": [8, 13, 9, 12], "rotation": 180, "texture": "#stem"},
				"up": {"uv": [9, 12, 8, 13], "rotation": 90, "texture": "#stem"},
				"down": {"uv": [8, 12, 9, 13], "rotation": 90, "texture": "#stem"}
			}
		},
		{
			"name": "small_dripleaf_stem_top_25",
			"from": [8.97857, 0.97143, 6.2],
			"to": [9.47857, 1.97143, 7.2],
			"rotation": {"angle": 45, "axis": "y", "origin": [8.72857, 0.5, 9.47143]},
			"faces": {
				"north": {"uv": [9, 12, 10, 13], "texture": "#stem"},
				"east": {"uv": [9, 12, 10, 13], "texture": "#stem"},
				"south": {"uv": [9, 12, 10, 13], "texture": "#stem"},
				"west": {"uv": [9, 13, 10, 12], "rotation": 180, "texture": "#stem"},
				"up": {"uv": [10, 12, 9, 13], "rotation": 90, "texture": "#stem"},
				"down": {"uv": [9, 12, 10, 13], "rotation": 90, "texture": "#stem"}
			}
		},
		{
			"name": "small_dripleaf_stem_top_26",
			"from": [8.97857, -0.02857, 9.2],
			"to": [9.47857, 0.97143, 10.2],
			"rotation": {"angle": 45, "axis": "y", "origin": [8.72857, 0.5, 9.47143]},
			"faces": {
				"north": {"uv": [6, 13, 7, 14], "texture": "#stem"},
				"east": {"uv": [6, 13, 7, 14], "texture": "#stem"},
				"south": {"uv": [6, 13, 7, 14], "texture": "#stem"},
				"west": {"uv": [6, 14, 7, 13], "rotation": 180, "texture": "#stem"},
				"up": {"uv": [7, 13, 6, 14], "rotation": 90, "texture": "#stem"},
				"down": {"uv": [6, 13, 7, 14], "rotation": 90, "texture": "#stem"}
			}
		},
		{
			"name": "small_dripleaf_stem_top_28",
			"from": [8.97857, -0.02857, 5.2],
			"to": [9.47857, 0.97143, 6.2],
			"rotation": {"angle": 45, "axis": "y", "origin": [8.72857, 0.5, 9.47143]},
			"faces": {
				"north": {"uv": [10, 13, 11, 14], "texture": "#stem"},
				"east": {"uv": [10, 13, 11, 14], "texture": "#stem"},
				"south": {"uv": [10, 13, 11, 14], "texture": "#stem"},
				"west": {"uv": [10, 14, 11, 13], "rotation": 180, "texture": "#stem"},
				"up": {"uv": [11, 13, 10, 14], "rotation": 90, "texture": "#stem"},
				"down": {"uv": [10, 13, 11, 14], "rotation": 90, "texture": "#stem"}
			}
		},
		{
			"name": "small_dripleaf_stem_top_0",
			"from": [11.45714, 10.97143, 7.72143],
			"to": [12.45714, 11.97143, 8.22143],
			"rotation": {"angle": 45, "axis": "y", "origin": [8.72857, 0.5, 9.47143]},
			"faces": {
				"north": {"uv": [5, 2, 6, 3], "texture": "#stem"},
				"east": {"uv": [5, 2, 6, 3], "texture": "#stem"},
				"south": {"uv": [5, 3, 6, 2], "rotation": 180, "texture": "#stem"},
				"west": {"uv": [5, 2, 6, 3], "texture": "#stem"},
				"up": {"uv": [6, 2, 5, 3], "texture": "#stem"},
				"down": {"uv": [5, 2, 6, 3], "rotation": 180, "texture": "#stem"}
			}
		},
		{
			"name": "small_dripleaf_stem_top_1",
			"from": [6.45714, 10.97143, 7.72143],
			"to": [7.45714, 11.97143, 8.22143],
			"rotation": {"angle": 45, "axis": "y", "origin": [8.72857, 0.5, 9.47143]},
			"faces": {
				"north": {"uv": [10, 2, 11, 3], "texture": "#stem"},
				"east": {"uv": [10, 2, 11, 3], "texture": "#stem"},
				"south": {"uv": [10, 3, 11, 2], "rotation": 180, "texture": "#stem"},
				"west": {"uv": [10, 2, 11, 3], "texture": "#stem"},
				"up": {"uv": [11, 2, 10, 3], "texture": "#stem"},
				"down": {"uv": [10, 2, 11, 3], "rotation": 180, "texture": "#stem"}
			}
		},
		{
			"name": "small_dripleaf_stem_top_2",
			"from": [11.45714, 9.97143, 7.72143],
			"to": [12.45714, 10.97143, 8.22143],
			"rotation": {"angle": 45, "axis": "y", "origin": [8.72857, 0.5, 9.47143]},
			"faces": {
				"north": {"uv": [5, 3, 6, 4], "texture": "#stem"},
				"east": {"uv": [5, 3, 6, 4], "texture": "#stem"},
				"south": {"uv": [5, 4, 6, 3], "rotation": 180, "texture": "#stem"},
				"west": {"uv": [5, 3, 6, 4], "texture": "#stem"},
				"up": {"uv": [6, 3, 5, 4], "texture": "#stem"},
				"down": {"uv": [5, 3, 6, 4], "rotation": 180, "texture": "#stem"}
			}
		},
		{
			"name": "small_dripleaf_stem_top_3",
			"from": [6.45714, 9.97143, 7.72143],
			"to": [7.45714, 10.97143, 8.22143],
			"rotation": {"angle": 45, "axis": "y", "origin": [8.72857, 0.5, 9.47143]},
			"faces": {
				"north": {"uv": [10, 3, 11, 4], "texture": "#stem"},
				"east": {"uv": [10, 3, 11, 4], "texture": "#stem"},
				"south": {"uv": [10, 4, 11, 3], "rotation": 180, "texture": "#stem"},
				"west": {"uv": [10, 3, 11, 4], "texture": "#stem"},
				"up": {"uv": [11, 3, 10, 4], "texture": "#stem"},
				"down": {"uv": [10, 3, 11, 4], "rotation": 180, "texture": "#stem"}
			}
		},
		{
			"name": "small_dripleaf_stem_top_4",
			"from": [10.45714, 8.97143, 7.72143],
			"to": [11.45714, 9.97143, 8.22143],
			"rotation": {"angle": 45, "axis": "y", "origin": [8.72857, 0.5, 9.47143]},
			"faces": {
				"north": {"uv": [6, 4, 7, 5], "texture": "#stem"},
				"east": {"uv": [6, 4, 7, 5], "texture": "#stem"},
				"south": {"uv": [6, 5, 7, 4], "rotation": 180, "texture": "#stem"},
				"west": {"uv": [6, 4, 7, 5], "texture": "#stem"},
				"up": {"uv": [7, 4, 6, 5], "texture": "#stem"},
				"down": {"uv": [6, 4, 7, 5], "rotation": 180, "texture": "#stem"}
			}
		},
		{
			"name": "small_dripleaf_stem_top_5",
			"from": [5.45714, 8.97143, 7.72143],
			"to": [6.45714, 9.97143, 8.22143],
			"rotation": {"angle": 45, "axis": "y", "origin": [8.72857, 0.5, 9.47143]},
			"faces": {
				"north": {"uv": [11, 4, 12, 5], "texture": "#stem"},
				"east": {"uv": [11, 4, 12, 5], "texture": "#stem"},
				"south": {"uv": [11, 5, 12, 4], "rotation": 180, "texture": "#stem"},
				"west": {"uv": [11, 4, 12, 5], "texture": "#stem"},
				"up": {"uv": [12, 4, 11, 5], "texture": "#stem"},
				"down": {"uv": [11, 4, 12, 5], "rotation": 180, "texture": "#stem"}
			}
		},
		{
			"name": "small_dripleaf_stem_top_6",
			"from": [10.45714, 7.97143, 7.72143],
			"to": [11.45714, 8.97143, 8.22143],
			"rotation": {"angle": 45, "axis": "y", "origin": [8.72857, 0.5, 9.47143]},
			"faces": {
				"north": {"uv": [6, 5, 7, 6], "texture": "#stem"},
				"east": {"uv": [6, 5, 7, 6], "texture": "#stem"},
				"south": {"uv": [6, 6, 7, 5], "rotation": 180, "texture": "#stem"},
				"west": {"uv": [6, 5, 7, 6], "texture": "#stem"},
				"up": {"uv": [7, 5, 6, 6], "texture": "#stem"},
				"down": {"uv": [6, 5, 7, 6], "rotation": 180, "texture": "#stem"}
			}
		},
		{
			"name": "small_dripleaf_stem_top_7",
			"from": [5.45714, 7.97143, 7.72143],
			"to": [6.45714, 8.97143, 8.22143],
			"rotation": {"angle": 45, "axis": "y", "origin": [8.72857, 0.5, 9.47143]},
			"faces": {
				"north": {"uv": [11, 5, 12, 6], "texture": "#stem"},
				"east": {"uv": [11, 5, 12, 6], "texture": "#stem"},
				"south": {"uv": [11, 6, 12, 5], "rotation": 180, "texture": "#stem"},
				"west": {"uv": [11, 5, 12, 6], "texture": "#stem"},
				"up": {"uv": [12, 5, 11, 6], "texture": "#stem"},
				"down": {"uv": [11, 5, 12, 6], "rotation": 180, "texture": "#stem"}
			}
		},
		{
			"name": "small_dripleaf_stem_top_8",
			"from": [10.45714, 6.97143, 7.72143],
			"to": [11.45714, 7.97143, 8.22143],
			"rotation": {"angle": 45, "axis": "y", "origin": [8.72857, 0.5, 9.47143]},
			"faces": {
				"north": {"uv": [6, 6, 7, 7], "texture": "#stem"},
				"east": {"uv": [6, 6, 7, 7], "texture": "#stem"},
				"south": {"uv": [6, 7, 7, 6], "rotation": 180, "texture": "#stem"},
				"west": {"uv": [6, 6, 7, 7], "texture": "#stem"},
				"up": {"uv": [7, 6, 6, 7], "texture": "#stem"},
				"down": {"uv": [6, 6, 7, 7], "rotation": 180, "texture": "#stem"}
			}
		},
		{
			"name": "small_dripleaf_stem_top_9",
			"from": [8.45714, 6.97143, 7.72143],
			"to": [9.45714, 7.97143, 8.22143],
			"rotation": {"angle": 45, "axis": "y", "origin": [8.72857, 0.5, 9.47143]},
			"faces": {
				"north": {"uv": [8, 6, 9, 7], "texture": "#stem"},
				"east": {"uv": [8, 6, 9, 7], "texture": "#stem"},
				"south": {"uv": [8, 7, 9, 6], "rotation": 180, "texture": "#stem"},
				"west": {"uv": [8, 6, 9, 7], "texture": "#stem"},
				"up": {"uv": [9, 6, 8, 7], "texture": "#stem"},
				"down": {"uv": [8, 6, 9, 7], "rotation": 180, "texture": "#stem"}
			}
		},
		{
			"name": "small_dripleaf_stem_top_10",
			"from": [5.45714, 6.97143, 7.72143],
			"to": [6.45714, 7.97143, 8.22143],
			"rotation": {"angle": 45, "axis": "y", "origin": [8.72857, 0.5, 9.47143]},
			"faces": {
				"north": {"uv": [11, 6, 12, 7], "texture": "#stem"},
				"east": {"uv": [11, 6, 12, 7], "texture": "#stem"},
				"south": {"uv": [11, 7, 12, 6], "rotation": 180, "texture": "#stem"},
				"west": {"uv": [11, 6, 12, 7], "texture": "#stem"},
				"up": {"uv": [12, 6, 11, 7], "texture": "#stem"},
				"down": {"uv": [11, 6, 12, 7], "rotation": 180, "texture": "#stem"}
			}
		},
		{
			"name": "small_dripleaf_stem_top_11",
			"from": [9.45714, 5.97143, 7.72143],
			"to": [10.45714, 6.97143, 8.22143],
			"rotation": {"angle": 45, "axis": "y", "origin": [8.72857, 0.5, 9.47143]},
			"faces": {
				"north": {"uv": [7, 7, 8, 8], "texture": "#stem"},
				"east": {"uv": [7, 7, 8, 8], "texture": "#stem"},
				"south": {"uv": [7, 8, 8, 7], "rotation": 180, "texture": "#stem"},
				"west": {"uv": [7, 7, 8, 8], "texture": "#stem"},
				"up": {"uv": [8, 7, 7, 8], "texture": "#stem"},
				"down": {"uv": [7, 7, 8, 8], "rotation": 180, "texture": "#stem"}
			}
		},
		{
			"name": "small_dripleaf_stem_top_12",
			"from": [8.45714, 5.97143, 7.72143],
			"to": [9.45714, 6.97143, 8.22143],
			"rotation": {"angle": 45, "axis": "y", "origin": [8.72857, 0.5, 9.47143]},
			"faces": {
				"north": {"uv": [8, 7, 9, 8], "texture": "#stem"},
				"east": {"uv": [8, 7, 9, 8], "texture": "#stem"},
				"south": {"uv": [8, 8, 9, 7], "rotation": 180, "texture": "#stem"},
				"west": {"uv": [8, 7, 9, 8], "texture": "#stem"},
				"up": {"uv": [9, 7, 8, 8], "texture": "#stem"},
				"down": {"uv": [8, 7, 9, 8], "rotation": 180, "texture": "#stem"}
			}
		},
		{
			"name": "small_dripleaf_stem_top_13",
			"from": [5.45714, 5.97143, 7.72143],
			"to": [6.45714, 6.97143, 8.22143],
			"rotation": {"angle": 45, "axis": "y", "origin": [8.72857, 0.5, 9.47143]},
			"faces": {
				"north": {"uv": [11, 7, 12, 8], "texture": "#stem"},
				"east": {"uv": [11, 7, 12, 8], "texture": "#stem"},
				"south": {"uv": [11, 8, 12, 7], "rotation": 180, "texture": "#stem"},
				"west": {"uv": [11, 7, 12, 8], "texture": "#stem"},
				"up": {"uv": [12, 7, 11, 8], "texture": "#stem"},
				"down": {"uv": [11, 7, 12, 8], "rotation": 180, "texture": "#stem"}
			}
		},
		{
			"name": "small_dripleaf_stem_top_14",
			"from": [8.45714, 4.97143, 7.72143],
			"to": [9.45714, 5.97143, 8.22143],
			"rotation": {"angle": 45, "axis": "y", "origin": [8.72857, 0.5, 9.47143]},
			"faces": {
				"north": {"uv": [8, 8, 9, 9], "texture": "#stem"},
				"east": {"uv": [8, 8, 9, 9], "texture": "#stem"},
				"south": {"uv": [8, 9, 9, 8], "rotation": 180, "texture": "#stem"},
				"west": {"uv": [8, 8, 9, 9], "texture": "#stem"},
				"up": {"uv": [9, 8, 8, 9], "texture": "#stem"},
				"down": {"uv": [8, 8, 9, 9], "rotation": 180, "texture": "#stem"}
			}
		},
		{
			"name": "small_dripleaf_stem_top_15",
			"from": [6.45714, 4.97143, 7.72143],
			"to": [7.45714, 5.97143, 8.22143],
			"rotation": {"angle": 45, "axis": "y", "origin": [8.72857, 0.5, 9.47143]},
			"faces": {
				"north": {"uv": [10, 8, 11, 9], "texture": "#stem"},
				"east": {"uv": [10, 8, 11, 9], "texture": "#stem"},
				"south": {"uv": [10, 9, 11, 8], "rotation": 180, "texture": "#stem"},
				"west": {"uv": [10, 8, 11, 9], "texture": "#stem"},
				"up": {"uv": [11, 8, 10, 9], "texture": "#stem"},
				"down": {"uv": [10, 8, 11, 9], "rotation": 180, "texture": "#stem"}
			}
		},
		{
			"name": "small_dripleaf_stem_top_16",
			"from": [8.45714, 3.97143, 7.72143],
			"to": [9.45714, 4.97143, 8.22143],
			"rotation": {"angle": 45, "axis": "y", "origin": [8.72857, 0.5, 9.47143]},
			"faces": {
				"north": {"uv": [8, 9, 9, 10], "texture": "#stem"},
				"east": {"uv": [8, 9, 9, 10], "texture": "#stem"},
				"south": {"uv": [8, 10, 9, 9], "rotation": 180, "texture": "#stem"},
				"west": {"uv": [8, 9, 9, 10], "texture": "#stem"},
				"up": {"uv": [9, 9, 8, 10], "texture": "#stem"},
				"down": {"uv": [8, 9, 9, 10], "rotation": 180, "texture": "#stem"}
			}
		},
		{
			"name": "small_dripleaf_stem_top_17",
			"from": [7.45714, 3.97143, 7.72143],
			"to": [8.45714, 4.97143, 8.22143],
			"rotation": {"angle": 45, "axis": "y", "origin": [8.72857, 0.5, 9.47143]},
			"faces": {
				"north": {"uv": [9, 9, 10, 10], "texture": "#stem"},
				"east": {"uv": [9, 9, 10, 10], "texture": "#stem"},
				"south": {"uv": [9, 10, 10, 9], "rotation": 180, "texture": "#stem"},
				"west": {"uv": [9, 9, 10, 10], "texture": "#stem"},
				"up": {"uv": [10, 9, 9, 10], "texture": "#stem"},
				"down": {"uv": [9, 9, 10, 10], "rotation": 180, "texture": "#stem"}
			}
		},
		{
			"name": "small_dripleaf_stem_top_18",
			"from": [6.45714, 3.97143, 7.72143],
			"to": [7.45714, 4.97143, 8.22143],
			"rotation": {"angle": 45, "axis": "y", "origin": [8.72857, 0.5, 9.47143]},
			"faces": {
				"north": {"uv": [10, 9, 11, 10], "texture": "#stem"},
				"east": {"uv": [10, 9, 11, 10], "texture": "#stem"},
				"south": {"uv": [10, 10, 11, 9], "rotation": 180, "texture": "#stem"},
				"west": {"uv": [10, 9, 11, 10], "texture": "#stem"},
				"up": {"uv": [11, 9, 10, 10], "texture": "#stem"},
				"down": {"uv": [10, 9, 11, 10], "rotation": 180, "texture": "#stem"}
			}
		},
		{
			"name": "small_dripleaf_stem_top_19",
			"from": [9.45714, 2.97143, 7.72143],
			"to": [10.45714, 3.97143, 8.22143],
			"rotation": {"angle": 45, "axis": "y", "origin": [8.72857, 0.5, 9.47143]},
			"faces": {
				"north": {"uv": [7, 10, 8, 11], "texture": "#stem"},
				"east": {"uv": [7, 10, 8, 11], "texture": "#stem"},
				"south": {"uv": [7, 11, 8, 10], "rotation": 180, "texture": "#stem"},
				"west": {"uv": [7, 10, 8, 11], "texture": "#stem"},
				"up": {"uv": [8, 10, 7, 11], "texture": "#stem"},
				"down": {"uv": [7, 10, 8, 11], "rotation": 180, "texture": "#stem"}
			}
		},
		{
			"name": "small_dripleaf_stem_top_20",
			"from": [7.45714, 2.97143, 7.72143],
			"to": [8.45714, 3.97143, 8.22143],
			"rotation": {"angle": 45, "axis": "y", "origin": [8.72857, 0.5, 9.47143]},
			"faces": {
				"north": {"uv": [9, 10, 10, 11], "texture": "#stem"},
				"east": {"uv": [9, 10, 10, 11], "texture": "#stem"},
				"south": {"uv": [9, 11, 10, 10], "rotation": 180, "texture": "#stem"},
				"west": {"uv": [9, 10, 10, 11], "texture": "#stem"},
				"up": {"uv": [10, 10, 9, 11], "texture": "#stem"},
				"down": {"uv": [9, 10, 10, 11], "rotation": 180, "texture": "#stem"}
			}
		},
		{
			"name": "small_dripleaf_stem_top_21",
			"from": [9.45714, 1.97143, 7.72143],
			"to": [10.45714, 2.97143, 8.22143],
			"rotation": {"angle": 45, "axis": "y", "origin": [8.72857, 0.5, 9.47143]},
			"faces": {
				"north": {"uv": [7, 11, 8, 12], "texture": "#stem"},
				"east": {"uv": [7, 11, 8, 12], "texture": "#stem"},
				"south": {"uv": [7, 12, 8, 11], "rotation": 180, "texture": "#stem"},
				"west": {"uv": [7, 11, 8, 12], "texture": "#stem"},
				"up": {"uv": [8, 11, 7, 12], "texture": "#stem"},
				"down": {"uv": [7, 11, 8, 12], "rotation": 180, "texture": "#stem"}
			}
		},
		{
			"name": "small_dripleaf_stem_top_22",
			"from": [7.45714, 1.97143, 7.72143],
			"to": [8.45714, 2.97143, 8.22143],
			"rotation": {"angle": 45, "axis": "y", "origin": [8.72857, 0.5, 9.47143]},
			"faces": {
				"north": {"uv": [9, 11, 10, 12], "texture": "#stem"},
				"east": {"uv": [9, 11, 10, 12], "texture": "#stem"},
				"south": {"uv": [9, 12, 10, 11], "rotation": 180, "texture": "#stem"},
				"west": {"uv": [9, 11, 10, 12], "texture": "#stem"},
				"up": {"uv": [10, 11, 9, 12], "texture": "#stem"},
				"down": {"uv": [9, 11, 10, 12], "rotation": 180, "texture": "#stem"}
			}
		},
		{
			"name": "small_dripleaf_stem_top_23",
			"from": [9.45714, 0.97143, 7.72143],
			"to": [10.45714, 1.97143, 8.22143],
			"rotation": {"angle": 45, "axis": "y", "origin": [8.72857, 0.5, 9.47143]},
			"faces": {
				"north": {"uv": [7, 12, 8, 13], "texture": "#stem"},
				"east": {"uv": [7, 12, 8, 13], "texture": "#stem"},
				"south": {"uv": [7, 13, 8, 12], "rotation": 180, "texture": "#stem"},
				"west": {"uv": [7, 12, 8, 13], "texture": "#stem"},
				"up": {"uv": [8, 12, 7, 13], "texture": "#stem"},
				"down": {"uv": [7, 12, 8, 13], "rotation": 180, "texture": "#stem"}
			}
		},
		{
			"name": "small_dripleaf_stem_top_24",
			"from": [8.45714, 0.97143, 7.72143],
			"to": [9.45714, 1.97143, 8.22143],
			"rotation": {"angle": 45, "axis": "y", "origin": [8.72857, 0.5, 9.47143]},
			"faces": {
				"north": {"uv": [8, 12, 9, 13], "texture": "#stem"},
				"east": {"uv": [8, 12, 9, 13], "texture": "#stem"},
				"south": {"uv": [8, 13, 9, 12], "rotation": 180, "texture": "#stem"},
				"west": {"uv": [8, 12, 9, 13], "texture": "#stem"},
				"up": {"uv": [9, 12, 8, 13], "texture": "#stem"},
				"down": {"uv": [8, 12, 9, 13], "rotation": 180, "texture": "#stem"}
			}
		},
		{
			"name": "small_dripleaf_stem_top_25",
			"from": [7.45714, 0.97143, 7.72143],
			"to": [8.45714, 1.97143, 8.22143],
			"rotation": {"angle": 45, "axis": "y", "origin": [8.72857, 0.5, 9.47143]},
			"faces": {
				"north": {"uv": [9, 12, 10, 13], "texture": "#stem"},
				"east": {"uv": [9, 12, 10, 13], "texture": "#stem"},
				"south": {"uv": [9, 13, 10, 12], "rotation": 180, "texture": "#stem"},
				"west": {"uv": [9, 12, 10, 13], "texture": "#stem"},
				"up": {"uv": [10, 12, 9, 13], "texture": "#stem"},
				"down": {"uv": [9, 12, 10, 13], "rotation": 180, "texture": "#stem"}
			}
		},
		{
			"name": "small_dripleaf_stem_top_26",
			"from": [10.45714, -0.02857, 7.72143],
			"to": [11.45714, 0.97143, 8.22143],
			"rotation": {"angle": 45, "axis": "y", "origin": [8.72857, 0.5, 9.47143]},
			"faces": {
				"north": {"uv": [6, 13, 7, 14], "texture": "#stem"},
				"east": {"uv": [6, 13, 7, 14], "texture": "#stem"},
				"south": {"uv": [6, 14, 7, 13], "rotation": 180, "texture": "#stem"},
				"west": {"uv": [6, 13, 7, 14], "texture": "#stem"},
				"up": {"uv": [7, 13, 6, 14], "texture": "#stem"},
				"down": {"uv": [6, 13, 7, 14], "rotation": 180, "texture": "#stem"}
			}
		},
		{
			"name": "small_dripleaf_stem_top_27",
			"from": [8.45714, -0.02857, 7.72143],
			"to": [9.45714, 0.97143, 8.22143],
			"rotation": {"angle": 45, "axis": "y", "origin": [8.72857, 0.5, 9.47143]},
			"faces": {
				"north": {"uv": [8, 13, 9, 14], "texture": "#stem"},
				"east": {"uv": [8, 13, 9, 14], "texture": "#stem"},
				"south": {"uv": [8, 14, 9, 13], "rotation": 180, "texture": "#stem"},
				"west": {"uv": [8, 13, 9, 14], "texture": "#stem"},
				"up": {"uv": [9, 13, 8, 14], "texture": "#stem"},
				"down": {"uv": [8, 13, 9, 14], "rotation": 180, "texture": "#stem"}
			}
		},
		{
			"name": "small_dripleaf_stem_top_28",
			"from": [6.45714, -0.02857, 7.72143],
			"to": [7.45714, 0.97143, 8.22143],
			"rotation": {"angle": 45, "axis": "y", "origin": [8.72857, 0.5, 9.47143]},
			"faces": {
				"north": {"uv": [10, 13, 11, 14], "texture": "#stem"},
				"east": {"uv": [10, 13, 11, 14], "texture": "#stem"},
				"south": {"uv": [10, 14, 11, 13], "rotation": 180, "texture": "#stem"},
				"west": {"uv": [10, 13, 11, 14], "texture": "#stem"},
				"up": {"uv": [11, 13, 10, 14], "texture": "#stem"},
				"down": {"uv": [10, 13, 11, 14], "rotation": 180, "texture": "#stem"}
			}
		}
	],
	"groups": [
		{
			"name": "group",
			"origin": [8, 8, 8],
			"children": [
				{
					"name": "small_dripleaf_top",
					"origin": [8, 8, 8],
					"children": [0]
				},
				{
					"name": "small_dripleaf_side",
					"origin": [8, 8, 8],
					"children": [1, 2, 3, 4, 5, 6]
				},
				{
					"name": "small_dripleaf_side",
					"origin": [8, 8, 8],
					"children": [7, 8, 9, 10, 11]
				},
				{
					"name": "small_dripleaf_side",
					"origin": [8, 8, 8],
					"children": [12, 13, 14, 15, 16, 17, 18]
				}
			]
		},
		{
			"name": "group",
			"origin": [8, 8, 8],
			"children": [
				{
					"name": "small_dripleaf_top",
					"origin": [8, 8, 8],
					"children": [19]
				},
				{
					"name": "small_dripleaf_side",
					"origin": [8, 8, 8],
					"children": [20, 21, 22, 23, 24, 25]
				},
				{
					"name": "small_dripleaf_side",
					"origin": [8, 8, 8],
					"children": [26, 27, 28, 29, 30]
				},
				{
					"name": "small_dripleaf_side",
					"origin": [8, 8, 8],
					"children": [31, 32, 33, 34, 35, 36, 37]
				}
			]
		},
		{
			"name": "group",
			"origin": [8, 8, 8],
			"children": [
				{
					"name": "small_dripleaf_top",
					"origin": [8, 8, 8],
					"children": [38]
				},
				{
					"name": "small_dripleaf_side",
					"origin": [8, 8, 8],
					"children": [39, 40, 41, 42, 43, 44]
				},
				{
					"name": "small_dripleaf_side",
					"origin": [8, 8, 8],
					"children": [45, 46, 47, 48]
				},
				{
					"name": "small_dripleaf_side",
					"origin": [8, 8, 8],
					"children": [49, 50, 51, 52, 53, 54, 55, 56]
				}
			]
		},
		{
			"name": "small_dripleaf_stem_top",
			"origin": [8, 8, 8],
			"children": [57, 58, 59, 60, 61, 62, 63, 64, 65, 66, 67, 68, 69, 70, 71, 72, 73, 74, 75, 76, 77]
		},
		{
			"name": "small_dripleaf_stem_top",
			"origin": [8, 8, 8],
			"children": [78, 79, 80, 81, 82, 83, 84, 85, 86, 87, 88, 89, 90, 91, 92, 93, 94, 95, 96, 97, 98, 99, 100, 101, 102, 103, 104, 105, 106]
		}
	]
}