{
	"credit": "Made with Blockbench",
	"parent": "minecraft:block/cross",
	"textures": {
		"1": "block/torchflower",
		"particle": "block/torchflower"
	},
	"elements": [
		{
			"name": "torchflower_1",
			"from": [7.5, 0, 7.5],
			"to": [8.5, 7, 8.5],
			"rotation": {"angle": 45, "axis": "y", "origin": [8, 5.5, 8]},
			"faces": {
				"north": {"uv": [8, 9, 9, 16], "texture": "#1"},
				"east": {"uv": [9, 9, 8, 16], "texture": "#1"},
				"south": {"uv": [9, 9, 8, 16], "texture": "#1"},
				"west": {"uv": [9, 9, 8, 16], "texture": "#1"},
				"up": {"uv": [9, 9, 8, 10], "texture": "#1"},
				"down": {"uv": [9, 15, 8, 16], "texture": "#1"}
			}
		},
		{
			"name": "torchflower_4",
			"from": [11.5, 9, 7.75],
			"to": [12.5, 10, 8.25],
			"rotation": {"angle": 45, "axis": "y", "origin": [8, 5.5, 8]},
			"faces": {
				"north": {"uv": [4, 6, 5, 7], "texture": "#1"},
				"east": {"uv": [5, 6, 4, 7], "texture": "#1"},
				"south": {"uv": [5, 6, 4, 7], "texture": "#1"},
				"west": {"uv": [5, 6, 4, 7], "texture": "#1"},
				"up": {"uv": [5, 6, 4, 7], "texture": "#1"},
				"down": {"uv": [5, 6, 4, 7], "texture": "#1"}
			}
		},
		{
			"name": "torchflower_5",
			"from": [10.5, 8, 7.75],
			"to": [11.5, 9, 8.25],
			"rotation": {"angle": 45, "axis": "y", "origin": [8, 5.5, 8]},
			"faces": {
				"north": {"uv": [5, 7, 6, 8], "texture": "#1"},
				"east": {"uv": [6, 7, 5, 8], "texture": "#1"},
				"south": {"uv": [6, 7, 5, 8], "texture": "#1"},
				"west": {"uv": [6, 7, 5, 8], "texture": "#1"},
				"up": {"uv": [6, 7, 5, 8], "texture": "#1"},
				"down": {"uv": [6, 7, 5, 8], "texture": "#1"}
			}
		},
		{
			"name": "torchflower_6",
			"from": [2.5, 7, 7.75],
			"to": [4.5, 9, 8.25],
			"rotation": {"angle": 45, "axis": "y", "origin": [8, 5.5, 8]},
			"faces": {
				"north": {"uv": [12, 7, 14, 9], "texture": "#1"},
				"east": {"uv": [13, 7, 12, 9], "texture": "#1"},
				"south": {"uv": [14, 7, 12, 9], "texture": "#1"},
				"west": {"uv": [14, 7, 13, 9], "texture": "#1"},
				"up": {"uv": [14, 7, 12, 8], "texture": "#1"},
				"down": {"uv": [14, 8, 12, 9], "texture": "#1"}
			}
		},
		{
			"name": "torchflower_7",
			"from": [0.5, 8, 7.75],
			"to": [2.5, 9, 8.25],
			"rotation": {"angle": 45, "axis": "y", "origin": [8, 5.5, 8]},
			"faces": {
				"north": {"uv": [14, 7, 16, 8], "texture": "#1"},
				"east": {"uv": [15, 7, 14, 8], "texture": "#1"},
				"south": {"uv": [16, 7, 14, 8], "texture": "#1"},
				"west": {"uv": [16, 7, 15, 8], "texture": "#1"},
				"up": {"uv": [16, 7, 14, 8], "texture": "#1"},
				"down": {"uv": [16, 7, 14, 8], "texture": "#1"}
			}
		},
		{
			"name": "torchflower_8",
			"from": [9.5, 6, 7.75],
			"to": [10.5, 8, 8.25],
			"rotation": {"angle": 45, "axis": "y", "origin": [8, 5.5, 8]},
			"faces": {
				"north": {"uv": [6, 8, 7, 10], "texture": "#1"},
				"east": {"uv": [7, 8, 6, 10], "texture": "#1"},
				"south": {"uv": [7, 8, 6, 10], "texture": "#1"},
				"west": {"uv": [7, 8, 6, 10], "texture": "#1"},
				"up": {"uv": [7, 8, 6, 9], "texture": "#1"},
				"down": {"uv": [7, 9, 6, 10], "texture": "#1"}
			}
		},
		{
			"name": "torchflower_9",
			"from": [4.5, 5, 7.75],
			"to": [5.5, 8, 8.25],
			"rotation": {"angle": 45, "axis": "y", "origin": [8, 5.5, 8]},
			"faces": {
				"north": {"uv": [11, 8, 12, 11], "texture": "#1"},
				"east": {"uv": [12, 8, 11, 11], "texture": "#1"},
				"south": {"uv": [12, 8, 11, 11], "texture": "#1"},
				"west": {"uv": [12, 8, 11, 11], "texture": "#1"},
				"up": {"uv": [12, 8, 11, 9], "texture": "#1"},
				"down": {"uv": [12, 10, 11, 11], "texture": "#1"}
			}
		},
		{
			"name": "torchflower_10",
			"from": [11.5, 6, 7.75],
			"to": [16.5, 7, 8.25],
			"rotation": {"angle": 45, "axis": "y", "origin": [8, 5.5, 8]},
			"faces": {
				"north": {"uv": [0, 9, 5, 10], "texture": "#1"},
				"east": {"uv": [1, 9, 0, 10], "texture": "#1"},
				"south": {"uv": [5, 9, 0, 10], "texture": "#1"},
				"west": {"uv": [5, 9, 4, 10], "texture": "#1"},
				"up": {"uv": [5, 9, 0, 10], "texture": "#1"},
				"down": {"uv": [5, 9, 0, 10], "texture": "#1"}
			}
		},
		{
			"name": "torchflower_11",
			"from": [8.5, 0, 7.75],
			"to": [9.5, 7, 8.25],
			"rotation": {"angle": 45, "axis": "y", "origin": [8, 5.5, 8]},
			"faces": {
				"north": {"uv": [7, 9, 8, 16], "texture": "#1"},
				"east": {"uv": [8, 9, 7, 16], "texture": "#1"},
				"south": {"uv": [8, 9, 7, 16], "texture": "#1"},
				"west": {"uv": [8, 9, 7, 16], "texture": "#1"},
				"up": {"uv": [8, 9, 7, 10], "texture": "#1"},
				"down": {"uv": [8, 15, 7, 16], "texture": "#1"}
			}
		},
		{
			"name": "torchflower_12",
			"from": [5.5, 1, 7.75],
			"to": [6.5, 7, 8.25],
			"rotation": {"angle": 45, "axis": "y", "origin": [8, 5.5, 8]},
			"faces": {
				"north": {"uv": [10, 9, 11, 15], "texture": "#1"},
				"east": {"uv": [11, 9, 10, 15], "texture": "#1"},
				"south": {"uv": [11, 9, 10, 15], "texture": "#1"},
				"west": {"uv": [11, 9, 10, 15], "texture": "#1"},
				"up": {"uv": [11, 9, 10, 10], "texture": "#1"},
				"down": {"uv": [11, 14, 10, 15], "texture": "#1"}
			}
		},
		{
			"name": "torchflower_13",
			"from": [3.5, 6, 7.75],
			"to": [4.5, 7, 8.25],
			"rotation": {"angle": 45, "axis": "y", "origin": [8, 5.5, 8]},
			"faces": {
				"north": {"uv": [12, 9, 13, 10], "texture": "#1"},
				"east": {"uv": [13, 9, 12, 10], "texture": "#1"},
				"south": {"uv": [13, 9, 12, 10], "texture": "#1"},
				"west": {"uv": [13, 9, 12, 10], "texture": "#1"},
				"up": {"uv": [13, 9, 12, 10], "texture": "#1"},
				"down": {"uv": [13, 9, 12, 10], "texture": "#1"}
			}
		},
		{
			"name": "torchflower_14",
			"from": [10.5, 5, 7.75],
			"to": [14.5, 6, 8.25],
			"rotation": {"angle": 45, "axis": "y", "origin": [8, 5.5, 8]},
			"faces": {
				"north": {"uv": [2, 10, 6, 11], "texture": "#1"},
				"east": {"uv": [3, 10, 2, 11], "texture": "#1"},
				"south": {"uv": [6, 10, 2, 11], "texture": "#1"},
				"west": {"uv": [6, 10, 5, 11], "texture": "#1"},
				"up": {"uv": [6, 10, 2, 11], "texture": "#1"},
				"down": {"uv": [6, 10, 2, 11], "texture": "#1"}
			}
		},
		{
			"name": "torchflower_15",
			"from": [6.5, 0, 7.75],
			"to": [7.5, 6, 8.25],
			"rotation": {"angle": 45, "axis": "y", "origin": [8, 5.5, 8]},
			"faces": {
				"north": {"uv": [9, 10, 10, 16], "texture": "#1"},
				"east": {"uv": [10, 10, 9, 16], "texture": "#1"},
				"south": {"uv": [10, 10, 9, 16], "texture": "#1"},
				"west": {"uv": [10, 10, 9, 16], "texture": "#1"},
				"up": {"uv": [10, 10, 9, 11], "texture": "#1"},
				"down": {"uv": [10, 15, 9, 16], "texture": "#1"}
			}
		},
		{
			"name": "torchflower_16",
			"from": [9.5, 4, 7.75],
			"to": [13.5, 5, 8.25],
			"rotation": {"angle": 45, "axis": "y", "origin": [8, 5.5, 8]},
			"faces": {
				"north": {"uv": [3, 11, 7, 12], "texture": "#1"},
				"east": {"uv": [4, 11, 3, 12], "texture": "#1"},
				"south": {"uv": [7, 11, 3, 12], "texture": "#1"},
				"west": {"uv": [7, 11, 6, 12], "texture": "#1"},
				"up": {"uv": [7, 11, 3, 12], "texture": "#1"},
				"down": {"uv": [7, 11, 3, 12], "texture": "#1"}
			}
		},
		{
			"name": "torchflower_17",
			"from": [0.5, 4, 7.75],
			"to": [3.5, 5, 8.25],
			"rotation": {"angle": 45, "axis": "y", "origin": [8, 5.5, 8]},
			"faces": {
				"north": {"uv": [13, 11, 16, 12], "texture": "#1"},
				"east": {"uv": [14, 11, 13, 12], "texture": "#1"},
				"south": {"uv": [16, 11, 13, 12], "texture": "#1"},
				"west": {"uv": [16, 11, 15, 12], "texture": "#1"},
				"up": {"uv": [16, 11, 13, 12], "texture": "#1"},
				"down": {"uv": [16, 11, 13, 12], "texture": "#1"}
			}
		},
		{
			"name": "torchflower_18",
			"from": [13.5, 3, 7.75],
			"to": [15.5, 4, 8.25],
			"rotation": {"angle": 45, "axis": "y", "origin": [8, 5.5, 8]},
			"faces": {
				"north": {"uv": [1, 12, 3, 13], "texture": "#1"},
				"east": {"uv": [2, 12, 1, 13], "texture": "#1"},
				"south": {"uv": [3, 12, 1, 13], "texture": "#1"},
				"west": {"uv": [3, 12, 2, 13], "texture": "#1"},
				"up": {"uv": [3, 12, 1, 13], "texture": "#1"},
				"down": {"uv": [3, 12, 1, 13], "texture": "#1"}
			}
		},
		{
			"name": "torchflower_19",
			"from": [9.5, 3, 7.75],
			"to": [11.5, 4, 8.25],
			"rotation": {"angle": 45, "axis": "y", "origin": [8, 5.5, 8]},
			"faces": {
				"north": {"uv": [5, 12, 7, 13], "texture": "#1"},
				"east": {"uv": [6, 12, 5, 13], "texture": "#1"},
				"south": {"uv": [7, 12, 5, 13], "texture": "#1"},
				"west": {"uv": [7, 12, 6, 13], "texture": "#1"},
				"up": {"uv": [7, 12, 5, 13], "texture": "#1"},
				"down": {"uv": [7, 12, 5, 13], "texture": "#1"}
			}
		},
		{
			"name": "torchflower_20",
			"from": [2.5, 3, 7.75],
			"to": [5.5, 4, 8.25],
			"rotation": {"angle": 45, "axis": "y", "origin": [8, 5.5, 8]},
			"faces": {
				"north": {"uv": [11, 12, 14, 13], "texture": "#1"},
				"east": {"uv": [12, 12, 11, 13], "texture": "#1"},
				"south": {"uv": [14, 12, 11, 13], "texture": "#1"},
				"west": {"uv": [14, 12, 13, 13], "texture": "#1"},
				"up": {"uv": [14, 12, 11, 13], "texture": "#1"},
				"down": {"uv": [14, 12, 11, 13], "texture": "#1"}
			}
		},
		{
			"name": "torchflower_21",
			"from": [11.5, 2, 7.75],
			"to": [14.5, 3, 8.25],
			"rotation": {"angle": 45, "axis": "y", "origin": [8, 5.5, 8]},
			"faces": {
				"north": {"uv": [2, 13, 5, 14], "texture": "#1"},
				"east": {"uv": [3, 13, 2, 14], "texture": "#1"},
				"south": {"uv": [5, 13, 2, 14], "texture": "#1"},
				"west": {"uv": [5, 13, 4, 14], "texture": "#1"},
				"up": {"uv": [5, 13, 2, 14], "texture": "#1"},
				"down": {"uv": [5, 13, 2, 14], "texture": "#1"}
			}
		},
		{
			"name": "torchflower_22",
			"from": [9.5, 0, 7.75],
			"to": [10.5, 3, 8.25],
			"rotation": {"angle": 45, "axis": "y", "origin": [8, 5.5, 8]},
			"faces": {
				"north": {"uv": [6, 13, 7, 16], "texture": "#1"},
				"east": {"uv": [7, 13, 6, 16], "texture": "#1"},
				"south": {"uv": [7, 13, 6, 16], "texture": "#1"},
				"west": {"uv": [7, 13, 6, 16], "texture": "#1"},
				"up": {"uv": [7, 13, 6, 14], "texture": "#1"},
				"down": {"uv": [7, 15, 6, 16], "texture": "#1"}
			}
		},
		{
			"name": "torchflower_23",
			"from": [4.5, 2, 7.75],
			"to": [5.5, 3, 8.25],
			"rotation": {"angle": 45, "axis": "y", "origin": [8, 5.5, 8]},
			"faces": {
				"north": {"uv": [11, 13, 12, 14], "texture": "#1"},
				"east": {"uv": [12, 13, 11, 14], "texture": "#1"},
				"south": {"uv": [12, 13, 11, 14], "texture": "#1"},
				"west": {"uv": [12, 13, 11, 14], "texture": "#1"},
				"up": {"uv": [12, 13, 11, 14], "texture": "#1"},
				"down": {"uv": [12, 13, 11, 14], "texture": "#1"}
			}
		},
		{
			"name": "torchflower_24",
			"from": [10.5, 1, 7.75],
			"to": [12.5, 2, 8.25],
			"rotation": {"angle": 45, "axis": "y", "origin": [8, 5.5, 8]},
			"faces": {
				"north": {"uv": [4, 14, 6, 15], "texture": "#1"},
				"east": {"uv": [5, 14, 4, 15], "texture": "#1"},
				"south": {"uv": [6, 14, 4, 15], "texture": "#1"},
				"west": {"uv": [6, 14, 5, 15], "texture": "#1"},
				"up": {"uv": [6, 14, 4, 15], "texture": "#1"},
				"down": {"uv": [6, 14, 4, 15], "texture": "#1"}
			}
		},
		{
			"name": "torchflower_5",
			"from": [7.75, 9, 11.5],
			"to": [8.25, 10, 12.5],
			"rotation": {"angle": 45, "axis": "y", "origin": [8, 5.5, 8]},
			"faces": {
				"north": {"uv": [5, 6, 4, 7], "texture": "#1"},
				"east": {"uv": [4, 6, 5, 7], "texture": "#1"},
				"south": {"uv": [5, 6, 4, 7], "texture": "#1"},
				"west": {"uv": [5, 6, 4, 7], "texture": "#1"},
				"up": {"uv": [5, 6, 4, 7], "rotation": 90, "texture": "#1"},
				"down": {"uv": [5, 6, 4, 7], "rotation": 270, "texture": "#1"}
			}
		},
		{
			"name": "torchflower_6",
			"from": [7.75, 8, 10.5],
			"to": [8.25, 9, 11.5],
			"rotation": {"angle": 45, "axis": "y", "origin": [8, 5.5, 8]},
			"faces": {
				"north": {"uv": [6, 7, 5, 8], "texture": "#1"},
				"east": {"uv": [5, 7, 6, 8], "texture": "#1"},
				"south": {"uv": [6, 7, 5, 8], "texture": "#1"},
				"west": {"uv": [6, 7, 5, 8], "texture": "#1"},
				"up": {"uv": [6, 7, 5, 8], "rotation": 90, "texture": "#1"},
				"down": {"uv": [6, 7, 5, 8], "rotation": 270, "texture": "#1"}
			}
		},
		{
			"name": "torchflower_7",
			"from": [7.75, 7, 2.5],
			"to": [8.25, 9, 4.5],
			"rotation": {"angle": 45, "axis": "y", "origin": [8, 5.5, 8]},
			"faces": {
				"north": {"uv": [14, 7, 13, 9], "texture": "#1"},
				"east": {"uv": [12, 7, 14, 9], "texture": "#1"},
				"south": {"uv": [13, 7, 12, 9], "texture": "#1"},
				"west": {"uv": [14, 7, 12, 9], "texture": "#1"},
				"up": {"uv": [14, 7, 12, 8], "rotation": 90, "texture": "#1"},
				"down": {"uv": [14, 8, 12, 9], "rotation": 270, "texture": "#1"}
			}
		},
		{
			"name": "torchflower_8",
			"from": [7.75, 8, 0.5],
			"to": [8.25, 9, 2.5],
			"rotation": {"angle": 45, "axis": "y", "origin": [8, 5.5, 8]},
			"faces": {
				"north": {"uv": [16, 7, 15, 8], "texture": "#1"},
				"east": {"uv": [14, 7, 16, 8], "texture": "#1"},
				"south": {"uv": [15, 7, 14, 8], "texture": "#1"},
				"west": {"uv": [16, 7, 14, 8], "texture": "#1"},
				"up": {"uv": [16, 7, 14, 8], "rotation": 90, "texture": "#1"},
				"down": {"uv": [16, 7, 14, 8], "rotation": 270, "texture": "#1"}
			}
		},
		{
			"name": "torchflower_9",
			"from": [7.75, 6, 9.5],
			"to": [8.25, 8, 10.5],
			"rotation": {"angle": 45, "axis": "y", "origin": [8, 5.5, 8]},
			"faces": {
				"north": {"uv": [7, 8, 6, 10], "texture": "#1"},
				"east": {"uv": [6, 8, 7, 10], "texture": "#1"},
				"south": {"uv": [7, 8, 6, 10], "texture": "#1"},
				"west": {"uv": [7, 8, 6, 10], "texture": "#1"},
				"up": {"uv": [7, 8, 6, 9], "rotation": 90, "texture": "#1"},
				"down": {"uv": [7, 9, 6, 10], "rotation": 270, "texture": "#1"}
			}
		},
		{
			"name": "torchflower_10",
			"from": [7.75, 5, 4.5],
			"to": [8.25, 8, 5.5],
			"rotation": {"angle": 45, "axis": "y", "origin": [8, 5.5, 8]},
			"faces": {
				"north": {"uv": [12, 8, 11, 11], "texture": "#1"},
				"east": {"uv": [11, 8, 12, 11], "texture": "#1"},
				"south": {"uv": [12, 8, 11, 11], "texture": "#1"},
				"west": {"uv": [12, 8, 11, 11], "texture": "#1"},
				"up": {"uv": [12, 8, 11, 9], "rotation": 90, "texture": "#1"},
				"down": {"uv": [12, 10, 11, 11], "rotation": 270, "texture": "#1"}
			}
		},
		{
			"name": "torchflower_11",
			"from": [7.75, 6, 11.5],
			"to": [8.25, 7, 16.5],
			"rotation": {"angle": 45, "axis": "y", "origin": [8, 5.5, 8]},
			"faces": {
				"north": {"uv": [5, 9, 4, 10], "texture": "#1"},
				"east": {"uv": [0, 9, 5, 10], "texture": "#1"},
				"south": {"uv": [1, 9, 0, 10], "texture": "#1"},
				"west": {"uv": [5, 9, 0, 10], "texture": "#1"},
				"up": {"uv": [5, 9, 0, 10], "rotation": 90, "texture": "#1"},
				"down": {"uv": [5, 9, 0, 10], "rotation": 270, "texture": "#1"}
			}
		},
		{
			"name": "torchflower_12",
			"from": [7.75, 0, 8.5],
			"to": [8.25, 7, 9.5],
			"rotation": {"angle": 45, "axis": "y", "origin": [8, 5.5, 8]},
			"faces": {
				"north": {"uv": [8, 9, 7, 16], "texture": "#1"},
				"east": {"uv": [7, 9, 8, 16], "texture": "#1"},
				"south": {"uv": [8, 9, 7, 16], "texture": "#1"},
				"west": {"uv": [8, 9, 7, 16], "texture": "#1"},
				"up": {"uv": [8, 9, 7, 10], "rotation": 90, "texture": "#1"},
				"down": {"uv": [8, 15, 7, 16], "rotation": 270, "texture": "#1"}
			}
		},
		{
			"name": "torchflower_13",
			"from": [7.75, 1, 5.5],
			"to": [8.25, 7, 6.5],
			"rotation": {"angle": 45, "axis": "y", "origin": [8, 5.5, 8]},
			"faces": {
				"north": {"uv": [11, 9, 10, 15], "texture": "#1"},
				"east": {"uv": [10, 9, 11, 15], "texture": "#1"},
				"south": {"uv": [11, 9, 10, 15], "texture": "#1"},
				"west": {"uv": [11, 9, 10, 15], "texture": "#1"},
				"up": {"uv": [11, 9, 10, 10], "rotation": 90, "texture": "#1"},
				"down": {"uv": [11, 14, 10, 15], "rotation": 270, "texture": "#1"}
			}
		},
		{
			"name": "torchflower_14",
			"from": [7.75, 6, 3.5],
			"to": [8.25, 7, 4.5],
			"rotation": {"angle": 45, "axis": "y", "origin": [8, 5.5, 8]},
			"faces": {
				"north": {"uv": [13, 9, 12, 10], "texture": "#1"},
				"east": {"uv": [12, 9, 13, 10], "texture": "#1"},
				"south": {"uv": [13, 9, 12, 10], "texture": "#1"},
				"west": {"uv": [13, 9, 12, 10], "texture": "#1"},
				"up": {"uv": [13, 9, 12, 10], "rotation": 90, "texture": "#1"},
				"down": {"uv": [13, 9, 12, 10], "rotation": 270, "texture": "#1"}
			}
		},
		{
			"name": "torchflower_15",
			"from": [7.75, 5, 10.5],
			"to": [8.25, 6, 14.5],
			"rotation": {"angle": 45, "axis": "y", "origin": [8, 5.5, 8]},
			"faces": {
				"north": {"uv": [6, 10, 5, 11], "texture": "#1"},
				"east": {"uv": [2, 10, 6, 11], "texture": "#1"},
				"south": {"uv": [3, 10, 2, 11], "texture": "#1"},
				"west": {"uv": [6, 10, 2, 11], "texture": "#1"},
				"up": {"uv": [6, 10, 2, 11], "rotation": 90, "texture": "#1"},
				"down": {"uv": [6, 10, 2, 11], "rotation": 270, "texture": "#1"}
			}
		},
		{
			"name": "torchflower_16",
			"from": [7.75, 0, 6.5],
			"to": [8.25, 6, 7.5],
			"rotation": {"angle": 45, "axis": "y", "origin": [8, 5.5, 8]},
			"faces": {
				"north": {"uv": [10, 10, 9, 16], "texture": "#1"},
				"east": {"uv": [9, 10, 10, 16], "texture": "#1"},
				"south": {"uv": [10, 10, 9, 16], "texture": "#1"},
				"west": {"uv": [10, 10, 9, 16], "texture": "#1"},
				"up": {"uv": [10, 10, 9, 11], "rotation": 90, "texture": "#1"},
				"down": {"uv": [10, 15, 9, 16], "rotation": 270, "texture": "#1"}
			}
		},
		{
			"name": "torchflower_17",
			"from": [7.75, 4, 9.5],
			"to": [8.25, 5, 13.5],
			"rotation": {"angle": 45, "axis": "y", "origin": [8, 5.5, 8]},
			"faces": {
				"north": {"uv": [7, 11, 6, 12], "texture": "#1"},
				"east": {"uv": [3, 11, 7, 12], "texture": "#1"},
				"south": {"uv": [4, 11, 3, 12], "texture": "#1"},
				"west": {"uv": [7, 11, 3, 12], "texture": "#1"},
				"up": {"uv": [7, 11, 3, 12], "rotation": 90, "texture": "#1"},
				"down": {"uv": [7, 11, 3, 12], "rotation": 270, "texture": "#1"}
			}
		},
		{
			"name": "torchflower_18",
			"from": [7.75, 4, 0.5],
			"to": [8.25, 5, 3.5],
			"rotation": {"angle": 45, "axis": "y", "origin": [8, 5.5, 8]},
			"faces": {
				"north": {"uv": [16, 11, 15, 12], "texture": "#1"},
				"east": {"uv": [13, 11, 16, 12], "texture": "#1"},
				"south": {"uv": [14, 11, 13, 12], "texture": "#1"},
				"west": {"uv": [16, 11, 13, 12], "texture": "#1"},
				"up": {"uv": [16, 11, 13, 12], "rotation": 90, "texture": "#1"},
				"down": {"uv": [16, 11, 13, 12], "rotation": 270, "texture": "#1"}
			}
		},
		{
			"name": "torchflower_19",
			"from": [7.75, 3, 13.5],
			"to": [8.25, 4, 15.5],
			"rotation": {"angle": 45, "axis": "y", "origin": [8, 5.5, 8]},
			"faces": {
				"north": {"uv": [3, 12, 2, 13], "texture": "#1"},
				"east": {"uv": [1, 12, 3, 13], "texture": "#1"},
				"south": {"uv": [2, 12, 1, 13], "texture": "#1"},
				"west": {"uv": [3, 12, 1, 13], "texture": "#1"},
				"up": {"uv": [3, 12, 1, 13], "rotation": 90, "texture": "#1"},
				"down": {"uv": [3, 12, 1, 13], "rotation": 270, "texture": "#1"}
			}
		},
		{
			"name": "torchflower_20",
			"from": [7.75, 3, 9.5],
			"to": [8.25, 4, 11.5],
			"rotation": {"angle": 45, "axis": "y", "origin": [8, 5.5, 8]},
			"faces": {
				"north": {"uv": [7, 12, 6, 13], "texture": "#1"},
				"east": {"uv": [5, 12, 7, 13], "texture": "#1"},
				"south": {"uv": [6, 12, 5, 13], "texture": "#1"},
				"west": {"uv": [7, 12, 5, 13], "texture": "#1"},
				"up": {"uv": [7, 12, 5, 13], "rotation": 90, "texture": "#1"},
				"down": {"uv": [7, 12, 5, 13], "rotation": 270, "texture": "#1"}
			}
		},
		{
			"name": "torchflower_21",
			"from": [7.75, 3, 2.5],
			"to": [8.25, 4, 5.5],
			"rotation": {"angle": 45, "axis": "y", "origin": [8, 5.5, 8]},
			"faces": {
				"north": {"uv": [14, 12, 13, 13], "texture": "#1"},
				"east": {"uv": [11, 12, 14, 13], "texture": "#1"},
				"south": {"uv": [12, 12, 11, 13], "texture": "#1"},
				"west": {"uv": [14, 12, 11, 13], "texture": "#1"},
				"up": {"uv": [14, 12, 11, 13], "rotation": 90, "texture": "#1"},
				"down": {"uv": [14, 12, 11, 13], "rotation": 270, "texture": "#1"}
			}
		},
		{
			"name": "torchflower_22",
			"from": [7.75, 2, 11.5],
			"to": [8.25, 3, 14.5],
			"rotation": {"angle": 45, "axis": "y", "origin": [8, 5.5, 8]},
			"faces": {
				"north": {"uv": [5, 13, 4, 14], "texture": "#1"},
				"east": {"uv": [2, 13, 5, 14], "texture": "#1"},
				"south": {"uv": [3, 13, 2, 14], "texture": "#1"},
				"west": {"uv": [5, 13, 2, 14], "texture": "#1"},
				"up": {"uv": [5, 13, 2, 14], "rotation": 90, "texture": "#1"},
				"down": {"uv": [5, 13, 2, 14], "rotation": 270, "texture": "#1"}
			}
		},
		{
			"name": "torchflower_23",
			"from": [7.75, 0, 9.5],
			"to": [8.25, 3, 10.5],
			"rotation": {"angle": 45, "axis": "y", "origin": [8, 5.5, 8]},
			"faces": {
				"north": {"uv": [7, 13, 6, 16], "texture": "#1"},
				"east": {"uv": [6, 13, 7, 16], "texture": "#1"},
				"south": {"uv": [7, 13, 6, 16], "texture": "#1"},
				"west": {"uv": [7, 13, 6, 16], "texture": "#1"},
				"up": {"uv": [7, 13, 6, 14], "rotation": 90, "texture": "#1"},
				"down": {"uv": [7, 15, 6, 16], "rotation": 270, "texture": "#1"}
			}
		},
		{
			"name": "torchflower_24",
			"from": [7.75, 2, 4.5],
			"to": [8.25, 3, 5.5],
			"rotation": {"angle": 45, "axis": "y", "origin": [8, 5.5, 8]},
			"faces": {
				"north": {"uv": [12, 13, 11, 14], "texture": "#1"},
				"east": {"uv": [11, 13, 12, 14], "texture": "#1"},
				"south": {"uv": [12, 13, 11, 14], "texture": "#1"},
				"west": {"uv": [12, 13, 11, 14], "texture": "#1"},
				"up": {"uv": [12, 13, 11, 14], "rotation": 90, "texture": "#1"},
				"down": {"uv": [12, 13, 11, 14], "rotation": 270, "texture": "#1"}
			}
		},
		{
			"name": "torchflower_25",
			"from": [7.75, 1, 10.5],
			"to": [8.25, 2, 12.5],
			"rotation": {"angle": 45, "axis": "y", "origin": [8, 5.5, 8]},
			"faces": {
				"north": {"uv": [6, 14, 5, 15], "texture": "#1"},
				"east": {"uv": [4, 14, 6, 15], "texture": "#1"},
				"south": {"uv": [5, 14, 4, 15], "texture": "#1"},
				"west": {"uv": [6, 14, 4, 15], "texture": "#1"},
				"up": {"uv": [6, 14, 4, 15], "rotation": 90, "texture": "#1"},
				"down": {"uv": [6, 14, 4, 15], "rotation": 270, "texture": "#1"}
			}
		},
		{
			"from": [8, 9, 6],
			"to": [10, 13, 8],
			"rotation": {"angle": 0, "axis": "y", "origin": [7, 8.5, 10]},
			"faces": {
				"north": {"uv": [6, 3, 8, 7], "texture": "#1"},
				"east": {"uv": [8, 3, 6, 7], "texture": "#1"},
				"up": {"uv": [8, 2, 6, 4], "texture": "#1"},
				"down": {"uv": [7, 6, 9, 8], "texture": "#1"}
			}
		},
		{
			"from": [6, 9, 6],
			"to": [8, 13, 8],
			"rotation": {"angle": 0, "axis": "y", "origin": [7, 8.5, 10]},
			"faces": {
				"north": {"uv": [8, 3, 10, 7], "texture": "#1"},
				"west": {"uv": [10, 3, 8, 7], "texture": "#1"},
				"up": {"uv": [10, 3, 8, 5], "texture": "#1"},
				"down": {"uv": [7, 6, 9, 8], "texture": "#1"}
			}
		},
		{
			"from": [8, 9, 8],
			"to": [10, 13, 10],
			"rotation": {"angle": 0, "axis": "y", "origin": [7, 8.5, 10]},
			"faces": {
				"east": {"uv": [6, 3, 8, 7], "texture": "#1"},
				"south": {"uv": [8, 3, 6, 7], "texture": "#1"},
				"up": {"uv": [8, 4, 6, 2], "texture": "#1"},
				"down": {"uv": [7, 8, 9, 6], "texture": "#1"}
			}
		},
		{
			"from": [6, 9, 8],
			"to": [8, 13, 10],
			"rotation": {"angle": 0, "axis": "y", "origin": [7, 8.5, 10]},
			"faces": {
				"south": {"uv": [10, 3, 8, 7], "texture": "#1"},
				"west": {"uv": [8, 3, 10, 7], "texture": "#1"},
				"up": {"uv": [10, 5, 8, 3], "texture": "#1"},
				"down": {"uv": [7, 8, 9, 6], "texture": "#1"}
			}
		},
		{
			"from": [7, 13, 6.5],
			"to": [10, 14, 9.5],
			"rotation": {"angle": 0, "axis": "y", "origin": [7, 8.5, 10]},
			"faces": {
				"north": {"uv": [6, 2, 9, 3], "texture": "#1"},
				"east": {"uv": [6, 2, 9, 3], "texture": "#1"},
				"south": {"uv": [6, 2, 9, 3], "texture": "#1"},
				"west": {"uv": [6, 2, 9, 3], "texture": "#1"},
				"up": {"uv": [6, 2, 9, 5], "texture": "#1"}
			}
		},
		{
			"from": [7, 14, 7],
			"to": [9, 15, 9],
			"rotation": {"angle": 0, "axis": "y", "origin": [7, 8.5, 10]},
			"faces": {
				"north": {"uv": [7, 1, 9, 2], "texture": "#1"},
				"east": {"uv": [7, 1, 9, 2], "texture": "#1"},
				"south": {"uv": [7, 1, 9, 2], "texture": "#1"},
				"west": {"uv": [7, 1, 9, 2], "texture": "#1"},
				"up": {"uv": [7, 1, 9, 2], "texture": "#1"}
			}
		},
		{
			"from": [7, 15, 7.5],
			"to": [8, 16, 8.5],
			"rotation": {"angle": 0, "axis": "y", "origin": [7, 8.5, 10]},
			"faces": {
				"north": {"uv": [8, 0, 9, 1], "texture": "#1"},
				"east": {"uv": [8, 0, 9, 1], "texture": "#1"},
				"south": {"uv": [8, 0, 9, 1], "texture": "#1"},
				"west": {"uv": [8, 0, 9, 1], "texture": "#1"},
				"up": {"uv": [8, 0, 9, 1], "texture": "#1"}
			}
		},
		{
			"from": [7.5, 7, 7.5],
			"to": [8.5, 8, 8.5],
			"rotation": {"angle": 45, "axis": "y", "origin": [8, 5.5, 8]},
			"faces": {
				"north": {"uv": [8, 9, 9, 8], "texture": "#1"},
				"east": {"uv": [8, 9, 9, 8], "texture": "#1"},
				"south": {"uv": [8, 9, 9, 8], "texture": "#1"},
				"west": {"uv": [8, 9, 9, 8], "texture": "#1"},
				"down": {"uv": [8, 9, 9, 8], "texture": "#1"}
			}
		},
		{
			"from": [7, 8, 7],
			"to": [9, 9, 9],
			"rotation": {"angle": 0, "axis": "y", "origin": [7, 8.5, 10]},
			"faces": {
				"north": {"uv": [7, 8, 9, 7], "texture": "#1"},
				"east": {"uv": [7, 8, 9, 7], "texture": "#1"},
				"south": {"uv": [7, 8, 9, 7], "texture": "#1"},
				"west": {"uv": [7, 8, 9, 7], "texture": "#1"},
				"down": {"uv": [7, 8, 9, 7], "texture": "#1"}
			}
		}
	],
	"groups": [
		{
			"name": "torchflower",
			"origin": [7.5, 8, 8.5],
			"color": 0,
			"children": [0, 1, 2, 3, 4, 5, 6, 7, 8, 9, 10, 11, 12, 13, 14, 15, 16, 17, 18, 19, 20, 21, 22, 23, 24, 25, 26, 27, 28, 29, 30, 31, 32, 33, 34, 35, 36, 37, 38, 39, 40, 41, 42]
		},
		{
			"name": "group",
			"origin": [0, 15, -0.5],
			"color": 0,
			"children": [43, 44, 45, 46, 47, 48, 49, 50, 51]
		}
	],
	"corangeit": "Made with Blockbench"
}