{
  "variants": {
    "age=0,half=lower": {
      "model": "minecraft:block/pitcher_crop_bottom_stage_0"
    },
    "age=0,half=upper": {
      "model": "minecraft:block/pitcher_crop_top_stage_0"
    },
    "age=1,half=lower": [ {
      "model": "minecraft:block/pitcher_crop_bottom_stage_1"}, {"model": "minecraft:block/pitcher_crop/pitcher_crop_bottom_stage_1a"},  {"model": "minecraft:block/pitcher_crop/pitcher_crop_bottom_stage_1b"},  {"model": "minecraft:block/pitcher_crop/pitcher_crop_bottom_stage_1c"
    }],
    "age=1,half=upper": {
      "model": "minecraft:block/pitcher_crop_top_stage_1"
    },
    "age=2,half=lower": [ {
      "model": "minecraft:block/pitcher_crop_bottom_stage_2"}, {"model": "minecraft:block/pitcher_crop/pitcher_crop_bottom_stage_2a"},  {"model": "minecraft:block/pitcher_crop/pitcher_crop_bottom_stage_2b"},  {"model": "minecraft:block/pitcher_crop/pitcher_crop_bottom_stage_2c"
    }],
    "age=2,half=upper": {
      "model": "minecraft:block/pitcher_crop_top_stage_2"
    },
    "age=3,half=lower": [ {
      "model": "minecraft:block/pitcher_crop_bottom_stage_3"}, {"model": "minecraft:block/pitcher_crop/pitcher_crop_bottom_stage_3a"},  {"model": "minecraft:block/pitcher_crop/pitcher_crop_bottom_stage_3b"},  {"model": "minecraft:block/pitcher_crop/pitcher_crop_bottom_stage_3c"
    }],
    "age=3,half=upper": [ {
      "model": "minecraft:block/pitcher_crop_top_stage_3"}, {"model": "minecraft:block/pitcher_crop/pitcher_crop_top_stage_3a"},  {"model": "minecraft:block/pitcher_crop/pitcher_crop_top_stage_3b"},  {"model": "minecraft:block/pitcher_crop/pitcher_crop_top_stage_3c"
    }],
    "age=4,half=lower": [ {
      "model": "minecraft:block/pitcher_crop_bottom_stage_4"}, {"model": "minecraft:block/pitcher_crop/pitcher_crop_bottom_stage_4a"},  {"model": "minecraft:block/pitcher_crop/pitcher_crop_bottom_stage_4b"},  {"model": "minecraft:block/pitcher_crop/pitcher_crop_bottom_stage_4c"
    }],
    "age=4,half=upper": [ {
      "model": "minecraft:block/pitcher_crop_top_stage_4"}, {"model": "minecraft:block/pitcher_crop/pitcher_crop_top_stage_4a"},  {"model": "minecraft:block/pitcher_crop/pitcher_crop_top_stage_4b"},  {"model": "minecraft:block/pitcher_crop/pitcher_crop_top_stage_4c"
    }]
  }
}